lateralBottomBlockRadius, strain percent, trial, regularization, mean axial strain, axial strain std, axial strain SNRe, mean lateral strain, lateral strain std, lateral strain SNRe
9, 7.0, 6, no_regularization, -0.0875028874585, 0.171520407109, 0.510160213197, 0.0481225255932, 0.187893687027, 0.256115712852
9, 7.0, 7, no_regularization, -0.0118616759993, 0.423304431295, 0.0280216201918, -0.315594867775, 0.735495886452, 0.429091275137
9, 7.0, 8, no_regularization, 0.0760314075237, 0.434599167516, 0.174946049617, 0.0280208835068, 0.610532276188, 0.0458958266412
9, 7.0, 9, no_regularization, 0.00167195704977, 0.36139527645, 0.00462639430762, -0.0369084688357, 0.415082027633, 0.0889184941256
9, 7.0, 10, no_regularization, -0.0325362970442, 0.312772503269, 0.10402543927, 0.0325941290569, 0.345613770983, 0.0943079581701
9, 7.0, 6, regularization, -0.0584981541694, 0.171013664175, 0.342067135113, 0.0216597472406, 0.234771619594, 0.0922587972005
9, 7.0, 7, regularization, -0.0408305307463, 0.342154260573, 0.119333690827, -0.000737529697393, 0.617751717991, 0.00119389339748
9, 7.0, 8, regularization, -0.0280571218309, 0.258522333089, 0.108528812562, 0.0042564406228, 0.350563018875, 0.0121417274317
9, 7.0, 9, regularization, -0.0255047883442, 0.295307966904, 0.0863667465921, -0.0703127153608, 0.623330566796, 0.112801648285
9, 7.0, 10, regularization, -0.0136752973342, 0.243533475944, 0.056153665451, 0.0134638731614, 0.304374017599, 0.0442346336511
12, 1.0, 6, no_regularization, -0.012521502467, 0.000795650406442, 15.7374424315, 0.00630712191465, 0.00653976075193, 0.964427011002
12, 1.0, 7, no_regularization, -0.0123162811567, 0.00124302824809, 9.90828742273, -0.0016056444838, 0.0535313707319, 0.0299944586108
12, 1.0, 8, no_regularization, -0.0120944056026, 0.00117544665243, 10.2891999204, 0.00576511889769, 0.00555023021521, 1.03871707554
12, 1.0, 9, no_regularization, -0.0119265194539, 0.000773250054725, 15.4238843968, 0.00600774683446, 0.00449829399697, 1.33556117908
12, 1.0, 10, no_regularization, -0.0120745909125, 0.0015441624014, 7.81950842836, 0.00617958340404, 0.00673790236655, 0.917137570102
12, 1.0, 6, regularization, -0.0124816696676, 0.00100139600682, 12.4642694625, 0.00568257337134, 0.00284485178883, 1.99749364577
12, 1.0, 7, regularization, -0.0123194837839, 0.00123836749293, 9.9481647041, 0.00604382653391, 0.00252775549704, 2.39098541809
12, 1.0, 8, regularization, -0.0120811410324, 0.0012190419479, 9.91035710726, 0.00567914722435, 0.00253750623053, 2.23808208075
12, 1.0, 9, regularization, -0.0119531463522, 0.00104222677518, 11.4688536476, 0.00588134506362, 0.00206062480909, 2.85415619461
12, 1.0, 10, regularization, -0.0120878257674, 0.00136996483787, 8.82345694815, 0.00588125644191, 0.00251104678275, 2.34215327341
16, 5.0, 6, no_regularization, -0.0487113662631, 0.154631922451, 0.315014943171, 0.00831534858713, 0.166565073232, 0.0499225223259
16, 5.0, 7, no_regularization, -0.0533321890774, 0.0433717284582, 1.2296533012, 4.5747860316e-05, 0.118388343735, 0.000386421997914
16, 5.0, 8, no_regularization, -0.0128053048369, 0.226532729638, 0.0565273938889, 0.0276768289805, 0.195986486987, 0.141218047254
16, 5.0, 9, no_regularization, -0.0564198307103, 0.00217334080374, 25.9599555731, 0.00798815369047, 0.0901798895652, 0.0885802114971
16, 5.0, 10, no_regularization, -0.0557450168451, 0.0392831824448, 1.41905551882, 0.0143987683676, 0.0943584247637, 0.152596531826
16, 5.0, 6, regularization, -0.0278055378935, 0.110939683878, 0.25063653439, 0.0094767468258, 0.177892742978, 0.0532722508359
16, 5.0, 7, regularization, -0.0620296691144, 0.0718189036821, 0.863695572255, 0.0178188917534, 0.0808164059016, 0.220486070305
16, 5.0, 8, regularization, -0.0118975645979, 0.167469920477, 0.0710429942521, 0.0291475321476, 0.156556232828, 0.186179314749
16, 5.0, 9, regularization, -0.0564222677696, 0.00181933040484, 31.0126558757, 0.0277056234693, 0.00618842938797, 4.47700405585
16, 5.0, 10, regularization, -0.0608672878684, 0.0351089030496, 1.73367102306, 0.02749610473, 0.0195701433194, 1.40500272692
14, 1.0, 6, no_regularization, -0.0125194716744, 0.000767799637506, 16.3056493685, 0.00637674325209, 0.0047817142341, 1.33356845263
14, 1.0, 7, no_regularization, -0.0123153570524, 0.00116150079779, 10.602969086, -0.00312874934346, 0.0571717811308, 0.0547254131597
14, 1.0, 8, no_regularization, -0.0121019480325, 0.00107386020089, 11.2695749619, 0.00583341714448, 0.00459525225546, 1.26944437872
14, 1.0, 9, no_regularization, -0.0119296070069, 0.000731964967258, 16.2980573395, 0.00600077877372, 0.00371975909595, 1.61321704415
14, 1.0, 10, no_regularization, -0.0120827182217, 0.00146917741918, 8.22413825858, 0.00615873797264, 0.0055625457222, 1.1071797483
14, 1.0, 6, regularization, -0.012480196347, 0.0010018028229, 12.4577372529, 0.00571058619296, 0.00240358345407, 2.37586349802
14, 1.0, 7, regularization, -0.0123171390815, 0.00121095065632, 10.1714624103, 0.00596752938969, 0.00240993858989, 2.47621637113
14, 1.0, 8, regularization, -0.0120914936596, 0.00119347889875, 10.1313007479, 0.00565728698917, 0.0023711805003, 2.38585252723
14, 1.0, 9, regularization, -0.0119561208049, 0.00104553117995, 11.4354512178, 0.00584578995814, 0.00189686013301, 3.0818244616
14, 1.0, 10, regularization, -0.0120947885204, 0.00133444567195, 9.06353010442, 0.00592128013634, 0.00218772015856, 2.7065985168
9, 3.0, 6, no_regularization, -0.0347612501998, 0.0016657089089, 20.86874244, 0.0204144352284, 0.0150500752718, 1.35643409483
9, 3.0, 7, no_regularization, -0.0344352887986, 0.00209423842629, 16.4428693344, 0.0208177359002, 0.0163416676051, 1.27390523435
9, 3.0, 8, no_regularization, -0.0345561377334, 0.00274854634665, 12.572514113, 0.0205334310078, 0.0193292260797, 1.06229969701
9, 3.0, 9, no_regularization, -0.0344015705574, 0.00176958151213, 19.4405119638, 0.0208253312216, 0.0158470241246, 1.31414775783
9, 3.0, 10, no_regularization, -0.0349437189886, 0.0102038514982, 3.42456169562, 0.020821641763, 0.0299716259084, 0.694711785961
9, 3.0, 6, regularization, -0.0347440515202, 0.00222695888513, 15.6015684673, 0.0182108223392, 0.00483374505141, 3.7674354244
9, 3.0, 7, regularization, -0.0344397390521, 0.0024966176618, 13.7945587661, 0.018209477793, 0.0050155132992, 3.63063094577
9, 3.0, 8, regularization, -0.0345541521462, 0.00267196547546, 12.9321102625, 0.0183199101889, 0.00577948224844, 3.16981857568
9, 3.0, 9, regularization, -0.0344198409111, 0.00236012408758, 14.5839115376, 0.018318921182, 0.00544265113977, 3.36580844731
9, 3.0, 10, regularization, -0.034965067091, 0.00319112705808, 10.9569648763, 0.0185776506666, 0.00592373372961, 3.13613871159
8, 5.0, 6, no_regularization, -0.0383519480268, 0.16841533778, 0.227722418471, 0.0212109845832, 0.184872684276, 0.11473292913
8, 5.0, 7, no_regularization, -0.0326514315088, 0.131185478739, 0.24889516601, 0.0219029118619, 0.15114631719, 0.144911978467
8, 5.0, 8, no_regularization, -0.0440516044492, 0.174827427875, 0.251971930175, 0.0290339513981, 0.181300549334, 0.160142655413
8, 5.0, 9, no_regularization, -0.0564259034509, 0.00284990041928, 19.7992544123, 0.0336631871823, 0.023451095443, 1.43546331403
8, 5.0, 10, no_regularization, -0.0571344104016, 0.0985946099998, 0.579488172849, 0.02996247275, 0.133067527059, 0.225167427487
8, 5.0, 6, regularization, -0.0530404036915, 0.130629676888, 0.406036399654, 0.0172863744555, 0.169090245744, 0.102231647836
8, 5.0, 7, regularization, -0.0379939663728, 0.109992159186, 0.345424316186, 0.0205650084435, 0.135740056091, 0.151502872739
8, 5.0, 8, regularization, -0.0434734181035, 0.120577076696, 0.360544634973, 0.0268378147535, 0.148947014733, 0.180183636454
8, 5.0, 9, regularization, -0.0564179045102, 0.00228138821872, 24.7296378789, 0.0308586756493, 0.0083160357532, 3.71074350389
8, 5.0, 10, regularization, -0.0560718311991, 0.0109005687053, 5.14393631332, 0.029343561428, 0.0545826512755, 0.537598682773
8, 7.0, 6, no_regularization, -0.0122267409185, 0.803093879617, 0.0152245475016, 0.0338769782257, 0.551476683949, 0.0614295748338
8, 7.0, 7, no_regularization, -0.0166573483364, 0.550032448301, 0.0302843012041, -0.0014340957274, 0.68972039192, 0.00207924217436
8, 7.0, 8, no_regularization, -0.00676474801452, 0.505649398904, 0.0133783369053, 0.0108917704531, 0.593874663654, 0.0183401837452
8, 7.0, 9, no_regularization, 0.052956762039, 0.396473674701, 0.133569428232, -0.0332243463009, 0.548152792578, 0.0606114695587
8, 7.0, 10, no_regularization, -0.0148382153912, 0.359688309731, 0.0412529820675, -0.0407087510554, 0.495193266936, 0.0822078040505
8, 7.0, 6, regularization, -0.0504068512706, 0.165462060884, 0.304642955619, 0.0361056363877, 0.249343758963, 0.144802647308
8, 7.0, 7, regularization, -0.0127664133877, 0.452040996934, 0.0282417158494, 0.00791444832354, 0.662253237627, 0.0119507884203
8, 7.0, 8, regularization, 0.0149923066663, 0.37338092478, 0.040152845717, 0.0262441812295, 0.465474763786, 0.0563815340191
8, 7.0, 9, regularization, 0.0222595310292, 0.500618669924, 0.0444640449239, -0.0641334129502, 0.784825761385, 0.0817167530753
8, 7.0, 10, regularization, -0.0203087033878, 0.324952338998, 0.0624974833246, 0.0376699684032, 0.536192807451, 0.0702545201646
15, 9.0, 6, no_regularization, 0.0158254239721, 0.457142739453, 0.0346181238513, 0.0663242555562, 0.603151131461, 0.109962913268
15, 9.0, 7, no_regularization, -0.00526816714228, 0.396450252784, 0.0132883435066, -0.0282887324728, 0.606174517641, 0.046667637206
15, 9.0, 8, no_regularization, 0.0184516563048, 0.346556329312, 0.0532428778357, -0.10438989446, 0.409931435111, 0.254652084517
15, 9.0, 9, no_regularization, -0.0243718030851, 0.296350648114, 0.0822397495677, 0.0172875721374, 0.319565377835, 0.054097137351
15, 9.0, 10, no_regularization, -0.00464601673843, 0.443499781984, 0.0104758038835, 0.0397492672856, 0.632688897231, 0.0628259282873
15, 9.0, 6, regularization, -0.00453969529575, 0.342031457572, 0.0132727420103, 0.0145705757039, 0.675991100861, 0.0215543898216
15, 9.0, 7, regularization, -0.00703895422122, 0.245422791448, 0.0286809313009, -0.0122472081462, 0.528893002991, 0.0231563058632
15, 9.0, 8, regularization, 0.0566486514621, 0.459655733863, 0.123241476803, -0.0947874427915, 0.487386733637, 0.194480966037
15, 9.0, 9, regularization, -0.000384397182368, 0.333068530612, 0.00115410838023, 0.0565999606382, 0.473543177998, 0.119524392427
15, 9.0, 10, regularization, -0.00668936194379, 0.33848688174, 0.0197625441476, 0.0433187790521, 0.587192304712, 0.0737727294866
11, 1.0, 6, no_regularization, -0.0125278307667, 0.000816010214785, 15.3525415978, 0.00695688108995, 0.00538252973179, 1.29249283081
11, 1.0, 7, no_regularization, -0.0123249067602, 0.00122920885874, 10.0266986139, 0.0083216468598, 0.0107491805135, 0.774165700294
11, 1.0, 8, no_regularization, -0.012096039946, 0.0011973122938, 10.102660775, 0.00624286767074, 0.00607360285223, 1.02786893095
11, 1.0, 9, no_regularization, -0.0119347262261, 0.000797685093093, 14.9617014651, 0.0061369562983, 0.00449830047936, 1.36428331688
11, 1.0, 10, no_regularization, -0.0120806236606, 0.00148538162493, 8.13301003445, 0.00632260273086, 0.0073661455541, 0.858332581731
11, 1.0, 6, regularization, -0.0124875597229, 0.000995806146827, 12.5401512761, 0.00607827122086, 0.00228498556514, 2.66009173694
11, 1.0, 7, regularization, -0.0123281123655, 0.00122293706376, 10.0807414632, 0.00625949519326, 0.00228768259892, 2.73617292722
11, 1.0, 8, regularization, -0.01208867477, 0.00123207658391, 9.81162610172, 0.00591781636466, 0.00247215631022, 2.39378729419
11, 1.0, 9, regularization, -0.0119627031658, 0.00102587801713, 11.6609411314, 0.00611862845223, 0.00199758492696, 3.06301292609
11, 1.0, 10, regularization, -0.012091887959, 0.00131704905636, 9.18104599116, 0.00622214665009, 0.00243042333523, 2.56010817535
14, 0.5, 6, no_regularization, -0.00635133664912, 0.000575608109688, 11.0341333665, 0.00288799376816, 0.00259598825616, 1.11248337172
14, 0.5, 7, no_regularization, -0.00616656620525, 0.000757656050551, 8.13900476445, 0.00284551806049, 0.00460781163704, 0.617542183717
14, 0.5, 8, no_regularization, -0.00632039356986, 0.000674913320252, 9.36474859838, 0.0030154429604, 0.00255076341484, 1.18217273419
14, 0.5, 9, no_regularization, -0.00604988727134, 0.000556274231869, 10.8757280577, 0.00285603108208, 0.00260741569448, 1.09534934845
14, 0.5, 10, no_regularization, -0.00616298819683, 0.000933948077262, 6.59885527565, 0.00300966632401, 0.0039736948122, 0.757397451553
14, 0.5, 6, regularization, -0.00633806142918, 0.0011556665982, 5.48433383734, 0.00282694692538, 0.00194035655093, 1.45692137047
14, 0.5, 7, regularization, -0.0061716218707, 0.00122736912025, 5.02833399413, 0.00279702547316, 0.00209435927683, 1.33550413442
14, 0.5, 8, regularization, -0.00630281441638, 0.0012009534509, 5.24817544896, 0.00314703514361, 0.00194922667474, 1.61450445163
14, 0.5, 9, regularization, -0.00604128057307, 0.00133041633652, 4.54089476146, 0.00272121877085, 0.00200683028364, 1.35597852645
14, 0.5, 10, regularization, -0.00616232528194, 0.00132156582301, 4.66289697771, 0.00304132127707, 0.0018761494327, 1.62104426442
15, 5.0, 6, no_regularization, -0.0434803732849, 0.169765199391, 0.25612065041, 0.0117058758848, 0.145678184008, 0.0803543506838
15, 5.0, 7, no_regularization, -0.0554683997796, 0.0139285798751, 3.98234423587, 0.00760360764585, 0.106241682053, 0.0715689689669
15, 5.0, 8, no_regularization, -0.0141378250562, 0.207828538488, 0.0680263892491, 0.0281325210866, 0.150002301294, 0.187547263235
15, 5.0, 9, no_regularization, -0.0564056585906, 0.00213947777807, 26.3642180202, 0.00991802027386, 0.0884385881266, 0.11214584588
15, 5.0, 10, no_regularization, -0.0291170395648, 0.179414342809, 0.162289363876, 0.0206219047721, 0.18305840508, 0.112652050929
15, 5.0, 6, regularization, -0.0502905251961, 0.0957845546925, 0.525037939129, 0.00948558133213, 0.109617359149, 0.0865335691883
15, 5.0, 7, regularization, -0.0552586838009, 0.00239065799612, 23.1144245185, 0.0233635610879, 0.043831438446, 0.533032040842
15, 5.0, 8, regularization, -0.0185040049073, 0.164635126695, 0.112394027197, 0.0258789512762, 0.148170267413, 0.174656843968
15, 5.0, 9, regularization, -0.0564141322015, 0.00178396998968, 31.62280337, 0.0279201777123, 0.00589697473708, 4.73466123854
15, 5.0, 10, regularization, -0.0553730287952, 0.00747456420259, 7.40819495216, 0.0237082861567, 0.0387160443285, 0.612363338453
12, 0.5, 6, no_regularization, -0.00635101652151, 0.000592818645347, 10.7132536592, 0.0028099839228, 0.00291268874704, 0.964738826163
12, 0.5, 7, no_regularization, -0.00616735224766, 0.000819883124336, 7.52223343132, 0.00266660904465, 0.00617327767847, 0.431960003022
12, 0.5, 8, no_regularization, -0.00631551058698, 0.000704618478537, 8.96302152065, 0.00291793341955, 0.00327062416699, 0.892164085681
12, 0.5, 9, no_regularization, -0.00604715023455, 0.000591923770872, 10.2160962815, 0.00280808794995, 0.0033055456858, 0.849508134774
12, 0.5, 10, no_regularization, -0.00615623908405, 0.000986745710636, 6.23893168999, 0.00329619718894, 0.0050752399367, 0.649466277468
12, 0.5, 6, regularization, -0.00633251349015, 0.00124832200701, 5.07282051793, 0.00283935542399, 0.00223895698504, 1.26815988112
12, 0.5, 7, regularization, -0.0061747487733, 0.00134245399287, 4.59959805407, 0.00275758236633, 0.00266067704678, 1.03642130099
12, 0.5, 8, regularization, -0.0062954371997, 0.00127834209167, 4.92468897074, 0.00307724845901, 0.0022022086291, 1.39734647224
12, 0.5, 9, regularization, -0.00603791734336, 0.00140933612327, 4.28422804443, 0.00274361791355, 0.00237477397392, 1.15531749282
12, 0.5, 10, regularization, -0.00615873164595, 0.00143115773816, 4.30332134728, 0.00306474311512, 0.00241720538286, 1.26788693127
13, 9.0, 6, no_regularization, -0.00603024717165, 0.389678254566, 0.0154749388784, -0.0296771004728, 0.696548745167, 0.042605920517
13, 9.0, 7, no_regularization, -0.0151103855397, 0.427064733215, 0.0353819558594, -0.00122019574817, 0.670781268901, 0.0018190665195
13, 9.0, 8, no_regularization, -0.05744958905, 0.307183605188, 0.187020362024, -0.0904430738137, 0.430012446918, 0.210326641617
13, 9.0, 9, no_regularization, -0.0309332081965, 0.285583259502, 0.108315901466, 0.00485339528754, 0.350017402185, 0.0138661542462
13, 9.0, 10, no_regularization, -0.00203594781813, 0.398293245338, 0.00511168050668, -0.0228718243905, 0.606285450328, 0.0377245147118
13, 9.0, 6, regularization, 0.00604731660513, 0.29952277254, 0.0201898391694, 0.0198209395129, 0.649514052344, 0.0305165676422
13, 9.0, 7, regularization, -0.00720002106262, 0.30372073872, 0.0237060567315, -0.00282158275247, 0.907927125974, 0.00310771941024
13, 9.0, 8, regularization, 0.0377565297315, 0.242293233921, 0.155829897189, -0.0864853633431, 0.42957958984, 0.201325587594
13, 9.0, 9, regularization, 0.00146779482683, 0.270880431333, 0.00541860783227, -0.0821436283615, 0.351063609074, 0.233985027894
13, 9.0, 10, regularization, -0.0156826068166, 0.284683891761, 0.0550877913027, -0.023827757166, 0.585864048265, 0.040671137334
10, 9.0, 6, no_regularization, -0.0121331806564, 0.454444525752, 0.0266989257629, 0.0554476241128, 0.6767259709, 0.0819351207094
10, 9.0, 7, no_regularization, -0.0224727245459, 0.348090212406, 0.0645600587001, 0.012042237698, 0.652015224739, 0.0184692584484
10, 9.0, 8, no_regularization, -0.0278532991035, 0.33635408188, 0.0828094576638, -0.00989218247111, 0.368760129848, 0.026825520631
10, 9.0, 9, no_regularization, -0.0453205097936, 0.307277153295, 0.147490658865, -0.0689947975057, 0.60656543434, 0.113746668701
10, 9.0, 10, no_regularization, 0.0176896643808, 0.402738229411, 0.0439234795433, 0.0949292038643, 0.680054145799, 0.139590655319
10, 9.0, 6, regularization, -0.0122889307626, 0.334745350083, 0.0367112814548, 0.0526022979397, 0.679934831077, 0.0773637347808
10, 9.0, 7, regularization, -0.0188169983235, 0.23845178735, 0.0789132198695, 0.0332443121161, 0.621314822149, 0.053506388277
10, 9.0, 8, regularization, -0.03539985732, 0.318564771637, 0.111122950407, -0.0103304208393, 0.336571111068, 0.0306931299199
10, 9.0, 9, regularization, -0.0669802355671, 0.211828206279, 0.316200739947, 0.0199111793692, 0.271765162781, 0.073266121255
10, 9.0, 10, regularization, 0.00664181289033, 0.240306246582, 0.0276389523152, 0.100629828246, 0.598581522457, 0.168113823215
11, 3.0, 6, no_regularization, -0.0347740292995, 0.00151698409363, 22.9231337661, 0.0208844512441, 0.0141876026157, 1.47202115888
11, 3.0, 7, no_regularization, -0.0344503164269, 0.00193650823668, 17.7899147415, 0.0212447678801, 0.0153109429444, 1.38755450643
11, 3.0, 8, no_regularization, -0.0345440824935, 0.00939615436878, 3.67640644648, 0.0203291113325, 0.0155443778711, 1.30781119072
11, 3.0, 9, no_regularization, -0.0344024699177, 0.00160791991038, 21.3956364964, 0.0210801359395, 0.0140675233502, 1.49849660205
11, 3.0, 10, no_regularization, -0.0349453914337, 0.0199621180755, 1.75058534879, 0.0205030639708, 0.0263959259325, 0.776751079816
11, 3.0, 6, regularization, -0.0347591317733, 0.0020547099666, 16.916806916, 0.0177856219474, 0.00381278780127, 4.66472903145
11, 3.0, 7, regularization, -0.0344395415823, 0.00233752687342, 14.7333243412, 0.017941382732, 0.00397219769572, 4.51673962534
11, 3.0, 8, regularization, -0.0345391582121, 0.00259887237672, 13.2900555339, 0.0182855413576, 0.00469156378306, 3.89753655777
11, 3.0, 9, regularization, -0.0344322219555, 0.00223457976983, 15.4088130665, 0.0179462132747, 0.00435615611813, 4.1197360214
11, 3.0, 10, regularization, -0.0349634489805, 0.00294033120726, 11.8909899994, 0.0184056691439, 0.00493822124424, 3.72718601164
10, 7.0, 6, no_regularization, -0.0612737729431, 0.199389954769, 0.30730621818, 0.0456184025767, 0.185958102548, 0.245315487477
10, 7.0, 7, no_regularization, 0.0099487424567, 0.459679368387, 0.0216427865615, -0.0232800670211, 0.647503253473, 0.0359535908063
10, 7.0, 8, no_regularization, 0.0177880980466, 0.343219164875, 0.0518272283924, 0.0574512401936, 0.453531610163, 0.126675272255
10, 7.0, 9, no_regularization, 0.0245029666862, 0.438334410017, 0.0559001669187, -0.0238783388058, 0.468596092876, 0.0509571871571
10, 7.0, 10, no_regularization, -0.0132226392682, 0.31580083189, 0.0418701850438, 0.0409654430177, 0.346882420144, 0.118096048225
10, 7.0, 6, regularization, -0.067558991198, 0.215330956333, 0.313744908528, 0.0201695036974, 0.241143674655, 0.083641023246
10, 7.0, 7, regularization, -0.00558062573824, 0.462090025859, 0.0120769231664, -0.186612384555, 0.670688666, 0.278239955459
10, 7.0, 8, regularization, -0.0232083074913, 0.346479690828, 0.0669831684387, 0.0351215625481, 0.279530988497, 0.125644611844
10, 7.0, 9, regularization, -0.00538579025223, 0.239069398004, 0.0225281457903, -0.0382202040859, 0.44798974439, 0.0853149085765
10, 7.0, 10, regularization, -0.00860219547792, 0.272400051869, 0.0315792725402, 0.000116825975936, 0.277488318033, 0.000421012231306
16, 7.0, 6, no_regularization, -0.0381423691447, 0.27814948653, 0.137129029503, -0.000837819033908, 0.280908334212, 0.00298253533936
16, 7.0, 7, no_regularization, -0.0293989027334, 0.418840113982, 0.0701912299037, -0.0408721261888, 0.596279932445, 0.0685451982615
16, 7.0, 8, no_regularization, -0.0656101094586, 0.269330605578, 0.243604358731, 0.0174480419611, 0.263878033736, 0.066121615786
16, 7.0, 9, no_regularization, -0.0307812137774, 0.319500723693, 0.0963416089379, 0.0778398918969, 0.336182495234, 0.231540585844
16, 7.0, 10, no_regularization, 0.033925511708, 0.351668373383, 0.0964701812155, -0.0363494712377, 0.429936889059, 0.0845460628354
16, 7.0, 6, regularization, -0.0708597041527, 0.0363718572292, 1.94820142689, 0.0371295148025, 0.0721622604894, 0.514528155724
16, 7.0, 7, regularization, -0.0195049163525, 0.336918683225, 0.057892059193, -0.0253140280641, 0.46242057349, 0.0547424347343
16, 7.0, 8, regularization, -0.0404658037139, 0.229398504962, 0.176399596504, 0.0247090115386, 0.26057946117, 0.0948233273166
16, 7.0, 9, regularization, -0.0155283709872, 0.263235415336, 0.0589904324515, 0.033033786662, 0.27029856548, 0.122212215974
16, 7.0, 10, regularization, 0.0357835332788, 0.270752897514, 0.132163066794, -0.0712951642615, 0.393553027984, 0.181157707328
15, 3.0, 6, no_regularization, -0.0347568876017, 0.00137823893575, 25.2183323952, -0.000511529809981, 0.0806574483996, 0.00634200337514
15, 3.0, 7, no_regularization, -0.0344240936197, 0.00176591631251, 19.4936155105, -0.000294656371303, 0.0810051752797, 0.00363750057061
15, 3.0, 8, no_regularization, -0.0345742526844, 0.00226849538861, 15.2410504593, 0.00896361209692, 0.0568660194154, 0.157626860277
15, 3.0, 9, no_regularization, -0.0343931743153, 0.00145121111091, 23.6996354676, -0.000577158357065, 0.0796385494504, 0.00724722337421
15, 3.0, 10, no_regularization, -0.0349460538626, 0.00307824805801, 11.3525788708, 0.0123905014708, 0.0451788495886, 0.274254470479
15, 3.0, 6, regularization, -0.0347380791536, 0.00198961412125, 17.4597067755, 0.0165351655355, 0.00373573045876, 4.42622017784
15, 3.0, 7, regularization, -0.0344266197804, 0.00229046224586, 15.0304244667, 0.0165747487609, 0.00354173781033, 4.67983505513
15, 3.0, 8, regularization, -0.0345578154895, 0.00237131170983, 14.5732909538, 0.0170605441126, 0.00397624875046, 4.29061288245
15, 3.0, 9, regularization, -0.0344148785595, 0.00216162807522, 15.920814017, 0.0164751158828, 0.00386867749939, 4.25859118145
15, 3.0, 10, regularization, -0.0349642485831, 0.00277501675805, 12.5996531306, 0.0173261023061, 0.0039653568065, 4.36936779
12, 3.0, 6, no_regularization, -0.0347481513591, 0.00151340592477, 22.9602321429, 0.00405247282855, 0.0734696548075, 0.0551584574498
12, 3.0, 7, no_regularization, -0.0344153383272, 0.00198195055599, 17.3643778464, 0.00202694662458, 0.0795326483481, 0.0254857177107
12, 3.0, 8, no_regularization, -0.0345491436773, 0.0025192179448, 13.7142337163, 0.00997209710522, 0.0565502218545, 0.176340547892
12, 3.0, 9, no_regularization, -0.0343749723539, 0.00157569621449, 21.8157358238, 0.00302657370054, 0.075017221696, 0.040345051871
12, 3.0, 10, no_regularization, -0.0349259015578, 0.00331033419595, 10.5505666469, 0.011737749324, 0.0515284592603, 0.22779158338
12, 3.0, 6, regularization, -0.0347281646609, 0.00214752166567, 16.171275576, 0.0170484066048, 0.00436107532578, 3.90922085294
12, 3.0, 7, regularization, -0.0344113489904, 0.0024346563003, 14.133965844, 0.0172271720279, 0.00425665900049, 4.04711113243
12, 3.0, 8, regularization, -0.0345301120322, 0.00256908428895, 13.4406302591, 0.0175934266596, 0.00489085107491, 3.59721168976
12, 3.0, 9, regularization, -0.0344055935099, 0.00224356185766, 15.3352551401, 0.0171849097277, 0.00480753200682, 3.5745804091
12, 3.0, 10, regularization, -0.0349482709903, 0.00302757040604, 11.5433388173, 0.017636300384, 0.00544319935853, 3.24006144592
9, 1.0, 6, no_regularization, -0.0125232503562, 0.000869614680303, 14.4009187515, 0.00775437347601, 0.00898207552544, 0.863316441067
9, 1.0, 7, no_regularization, -0.0123214754106, 0.00132989302291, 9.26501244716, 0.0087800602226, 0.0125954801205, 0.697080233431
9, 1.0, 8, no_regularization, -0.0120991752578, 0.00126574819317, 9.55891173548, 0.00668633602713, 0.00906492426671, 0.737605282781
9, 1.0, 9, no_regularization, -0.0119323627795, 0.000856763210862, 13.92725858, 0.00637814464697, 0.00583000471127, 1.09402049618
9, 1.0, 10, no_regularization, -0.0120836304119, 0.00166811527509, 7.243882118, 0.00655205913631, 0.00985893783198, 0.66458063211
9, 1.0, 6, regularization, -0.0124791863551, 0.000999824826035, 12.4813727666, 0.00606829890339, 0.00257992868733, 2.35211885243
9, 1.0, 7, regularization, -0.0123302677284, 0.00125161927288, 9.85145243093, 0.00643220608305, 0.0028309115312, 2.2721324959
9, 1.0, 8, regularization, -0.0120956283717, 0.00121816542002, 9.92938083197, 0.00594764503465, 0.00281463667098, 2.11311289161
9, 1.0, 9, regularization, -0.0119567101153, 0.00102635810465, 11.6496474876, 0.00607842338763, 0.00241047597672, 2.52166934926
9, 1.0, 10, regularization, -0.012091666913, 0.00137861033238, 8.77090982785, 0.00620109830623, 0.00294164579293, 2.1080370455
16, 11.0, 6, no_regularization, -0.00743580303548, 0.321006414922, 0.0231640325234, 0.029194611065, 0.376268950033, 0.077589742822
16, 11.0, 7, no_regularization, -0.0134446226302, 0.346062496166, 0.0388502735176, 0.0263185046203, 0.407168639055, 0.0646378480461
16, 11.0, 8, no_regularization, -0.0463671272643, 0.384669575757, 0.120537547512, -0.0389541124079, 0.538709788646, 0.0723100140909
16, 11.0, 9, no_regularization, 0.0678952504606, 0.416054363291, 0.163188411061, 0.0109316142619, 0.478792425913, 0.0228316357367
16, 11.0, 10, no_regularization, -0.0128155382392, 0.458459907629, 0.0279534546555, -0.151345739213, 0.813582603734, 0.186023814322
16, 11.0, 6, regularization, 0.0135882575915, 0.246554692279, 0.0551125491301, -0.0407478334044, 0.508750107267, 0.0800940045465
16, 11.0, 7, regularization, -0.0200370953645, 0.298085007411, 0.0672194000583, 0.0196906760155, 0.352885283649, 0.0557990852209
16, 11.0, 8, regularization, -0.0342026634247, 0.290680353885, 0.117664172923, -0.0876427631974, 0.540104627509, 0.162269972767
16, 11.0, 9, regularization, 0.0690203195105, 0.337732056542, 0.204364134744, -0.0265749320465, 0.408721837041, 0.0650196041368
16, 11.0, 10, regularization, -0.00805610597222, 0.362485031002, 0.0222246583533, 0.0477912123143, 0.570254662363, 0.083806789262
8, 9.0, 6, no_regularization, -0.0135765903148, 0.432922636975, 0.0313603151124, 0.0564939482778, 0.746711980653, 0.075656946375
8, 9.0, 7, no_regularization, -0.00342505448477, 0.341281222851, 0.0100358714615, -0.00436111648107, 0.511752652268, 0.00852192257674
8, 9.0, 8, no_regularization, 0.00496007620227, 0.337771671889, 0.0146847015753, -0.0226061305363, 0.81514739452, 0.027732567985
8, 9.0, 9, no_regularization, -0.0942700842818, 0.406685039884, 0.231801209872, 0.0220713412303, 0.428661224545, 0.0514890080242
8, 9.0, 10, no_regularization, -0.000444736543731, 0.458054015638, 0.000970925979355, 0.0208344885178, 0.685404628568, 0.0303973560281
8, 9.0, 6, regularization, -0.0106957161872, 0.307385458076, 0.0347957780898, 0.0584927379391, 0.635126731199, 0.0920961676871
8, 9.0, 7, regularization, -0.00519787382789, 0.219218478331, 0.0237109292403, -0.0023929739858, 0.391129822279, 0.00611810669884
8, 9.0, 8, regularization, 0.0197227321045, 0.302849611743, 0.0651238480741, -0.0715658620791, 0.498274039324, 0.143627515044
8, 9.0, 9, regularization, -0.0373706668208, 0.732817468922, 0.0509958733323, 0.0788443069819, 0.707363974021, 0.111462146614
8, 9.0, 10, regularization, 0.0100034611895, 0.263078222353, 0.0380246646796, 0.00282380713332, 0.31055855197, 0.00909267226875
16, 3.0, 6, no_regularization, -0.0347628687518, 0.0014002490391, 24.8262043259, -0.00025931082483, 0.0786051451106, 0.00329890396443
16, 3.0, 7, no_regularization, -0.0344288257479, 0.00178682416598, 19.2681666184, -0.00218029452022, 0.0829315709981, 0.0262902835914
16, 3.0, 8, no_regularization, -0.0345813740922, 0.00203386736795, 17.0027675537, 0.00854925722235, 0.0567773323092, 0.150575183346
16, 3.0, 9, no_regularization, -0.0343834282761, 0.00148767072835, 23.1122570478, -0.000839924642681, 0.0780934616641, 0.0107553772721
16, 3.0, 10, no_regularization, -0.0349590449675, 0.00298548806984, 11.7096582367, 0.0120655037763, 0.0459780161056, 0.262418973203
16, 3.0, 6, regularization, -0.0347480090359, 0.00199633602419, 17.4058919014, 0.0162129140849, 0.00412266612808, 3.93262844509
16, 3.0, 7, regularization, -0.0344320788501, 0.00219868859386, 15.6602799261, 0.0164002056834, 0.00342778124338, 4.78449601037
16, 3.0, 8, regularization, -0.0345669684569, 0.00224676758958, 15.3851998833, 0.0169440054919, 0.00368725482083, 4.59529007765
16, 3.0, 9, regularization, -0.0344107320263, 0.00214020468514, 16.0782434808, 0.0162606889137, 0.00394957026235, 4.11707801952
16, 3.0, 10, regularization, -0.0349703863065, 0.00279852089564, 12.4960247254, 0.0172255477191, 0.0038956087837, 4.42178583002
9, 0.5, 6, no_regularization, -0.00635281523149, 0.000626815561126, 10.135063048, 0.00305990967341, 0.00430042466172, 0.711536630476
9, 0.5, 7, no_regularization, -0.00616875104198, 0.000869611182869, 7.09368872377, 0.00405049991586, 0.00732102324748, 0.553269642636
9, 0.5, 8, no_regularization, -0.00632095581099, 0.000777209834243, 8.13288192261, 0.00322418493658, 0.00433164305812, 0.744333014821
9, 0.5, 9, no_regularization, -0.00605196489119, 0.000627958634211, 9.6375215842, 0.00326754446056, 0.00455180540799, 0.717856799156
9, 0.5, 10, no_regularization, -0.00616098287611, 0.00107056674549, 5.75487974204, 0.00339137491708, 0.00616562693755, 0.550045429513
9, 0.5, 6, regularization, -0.00633223997642, 0.00128927849374, 4.91146017494, 0.00296567599445, 0.00270743614756, 1.09538169427
9, 0.5, 7, regularization, -0.00617590207774, 0.00137955914398, 4.4767214981, 0.00282833569592, 0.00331715190492, 0.852639787681
9, 0.5, 8, regularization, -0.00629678679277, 0.0013145181511, 4.79018626523, 0.00324608912476, 0.00272829869587, 1.18978509563
9, 0.5, 9, regularization, -0.00604082857582, 0.00142764483221, 4.23132451401, 0.00284137246863, 0.00317222120694, 0.895704392372
9, 0.5, 10, regularization, -0.00616296735061, 0.00146541862123, 4.20560190877, 0.00330765379431, 0.00266427861028, 1.2414819462
15, 0.5, 6, no_regularization, -0.00635165956958, 0.000557676043903, 11.389514825, 0.00292408067419, 0.00239650714048, 1.22014269217
15, 0.5, 7, no_regularization, -0.00616910713436, 0.000731000102544, 8.43926986178, 0.00290561761692, 0.00416432775402, 0.697739896702
15, 0.5, 8, no_regularization, -0.00632304430649, 0.000650751595775, 9.71652524181, 0.00300877846666, 0.00263993770143, 1.13971570808
15, 0.5, 9, no_regularization, -0.00605072696752, 0.000522819877009, 11.5732534925, 0.00288003660004, 0.00249868098961, 1.15262276858
15, 0.5, 10, no_regularization, -0.00616373449244, 0.000911818989066, 6.75982247173, 0.00309488064716, 0.00362083842015, 0.854741440529
15, 0.5, 6, regularization, -0.00633792590742, 0.00113199065982, 5.59892067344, 0.00285984332179, 0.0018186607603, 1.57249960202
15, 0.5, 7, regularization, -0.00617478188271, 0.00118982496349, 5.18965568227, 0.00282165374935, 0.00190766993703, 1.47911003606
15, 0.5, 8, regularization, -0.00630596942409, 0.00117034969502, 5.38810703412, 0.00311479389463, 0.00193357331657, 1.61090033046
15, 0.5, 9, regularization, -0.00604294632186, 0.00129696204447, 4.65930853384, 0.00273082147341, 0.00187881535183, 1.4534804981
15, 0.5, 10, regularization, -0.00616212403217, 0.00129891316662, 4.74406156664, 0.00304561680335, 0.00169975048763, 1.79180228246
8, 0.5, 6, no_regularization, -0.00635173579739, 0.000647736901298, 9.80604283107, 0.0030571554125, 0.00471811584922, 0.647961073912
8, 0.5, 7, no_regularization, -0.00616700130052, 0.000924104040428, 6.67349241073, 0.00388935107694, 0.00794290764694, 0.489663389003
8, 0.5, 8, no_regularization, -0.0063202731822, 0.000818517542836, 7.72160992457, 0.00318174434069, 0.00490112109798, 0.649187048654
8, 0.5, 9, no_regularization, -0.00605025929199, 0.000676641141645, 8.94160718232, 0.00337091746025, 0.00571198313769, 0.590148356358
8, 0.5, 10, no_regularization, -0.00615956428307, 0.00109801587489, 5.60972243109, 0.0034704470243, 0.00719122512901, 0.482594684777
8, 0.5, 6, regularization, -0.006326126349, 0.00138513162107, 4.56716621927, 0.00293227119162, 0.003074076783, 0.953870510923
8, 0.5, 7, regularization, -0.00617582321545, 0.00148852677013, 4.14895004871, 0.00292586494261, 0.00382628743538, 0.764674633578
8, 0.5, 8, regularization, -0.00629503559389, 0.00141328458206, 4.45418826031, 0.00326519572977, 0.00304838726153, 1.07112235082
8, 0.5, 9, regularization, -0.00603758780749, 0.00152278960974, 3.96482072695, 0.0027970666227, 0.00354317233527, 0.789424379631
8, 0.5, 10, regularization, -0.00616240263609, 0.00158418844537, 3.88994292574, 0.003206670763, 0.00357692195297, 0.896488882107
10, 11.0, 6, no_regularization, -0.0253165077079, 0.352350947718, 0.071850261428, -0.00688693322139, 0.648283869421, 0.0106233296034
10, 11.0, 7, no_regularization, 0.0158515383231, 0.452206662195, 0.035053747873, 0.0155814082279, 0.619240328953, 0.0251621341495
10, 11.0, 8, no_regularization, -0.00153214557541, 0.307332907618, 0.00498529619651, 0.0402673889059, 0.415312812715, 0.0969567701093
10, 11.0, 9, no_regularization, 0.0569742192289, 0.43001995159, 0.132492036749, 0.0422382683318, 0.472568378029, 0.0893802257949
10, 11.0, 10, no_regularization, -0.00755843058589, 0.457830578763, 0.016509230568, 0.0164349091591, 0.890833473452, 0.0184489128989
10, 11.0, 6, regularization, 0.0334944076181, 0.251765887411, 0.133037910587, -0.0226105106044, 0.371674483538, 0.0608341750803
10, 11.0, 7, regularization, 0.00450814551701, 0.323723640907, 0.0139259076179, 0.0202092677523, 0.34749912664, 0.058156312356
10, 11.0, 8, regularization, 0.00111326346291, 0.241925614435, 0.00460167669932, 0.0425654446397, 0.370619912398, 0.114849319251
10, 11.0, 9, regularization, 0.0556398976082, 0.369830863533, 0.15044687476, 0.0364026332541, 0.420885278443, 0.0864906308644
10, 11.0, 10, regularization, -0.00720727706331, 0.360904058724, 0.0199700637582, 0.0110525892143, 0.848720327899, 0.0130226516922
10, 0.5, 6, no_regularization, -0.0063537208468, 0.000620526481159, 10.2392420625, 0.00305089773605, 0.00336136461709, 0.907636654633
10, 0.5, 7, no_regularization, -0.00616860535337, 0.000823297417982, 7.49256006231, 0.00389235914251, 0.00649159804677, 0.599599530726
10, 0.5, 8, no_regularization, -0.0063203191374, 0.000756843648099, 8.35089143349, 0.00317132384793, 0.00395849682444, 0.801143461414
10, 0.5, 9, no_regularization, -0.00605264266669, 0.000610887319162, 9.90795270558, 0.0031514595863, 0.00353695891486, 0.891008253748
10, 0.5, 10, no_regularization, -0.00615751694174, 0.00100327923484, 6.13739099538, 0.00347259397876, 0.0055012487133, 0.631237408039
10, 0.5, 6, regularization, -0.006336415299, 0.00121617170487, 5.21013214962, 0.00302174205206, 0.00230657183629, 1.31005763814
10, 0.5, 7, regularization, -0.00617599327862, 0.00131458424932, 4.69805817452, 0.0028039738727, 0.00278230165567, 1.00778931249
10, 0.5, 8, regularization, -0.00629966125822, 0.00124526270541, 5.05890141159, 0.0032125706469, 0.00242792408809, 1.32317590268
10, 0.5, 9, regularization, -0.00604457234966, 0.00136782163639, 4.4191232167, 0.00282707189545, 0.00264535994533, 1.06869082237
10, 0.5, 10, regularization, -0.00615978117387, 0.00138153316571, 4.45865602562, 0.00330073701864, 0.00250563125709, 1.31732752347
16, 1.0, 6, no_regularization, -0.0125245483481, 0.000737535331661, 16.9816248937, 0.00632882022572, 0.00414280749939, 1.52766456724
16, 1.0, 7, no_regularization, -0.0123206773684, 0.00111367169002, 11.0631144518, -0.00359174518111, 0.0575753403909, 0.0623833946395
16, 1.0, 8, no_regularization, -0.0121057603088, 0.000990030382372, 12.2276654579, 0.00590744841628, 0.00415069369092, 1.4232436446
16, 1.0, 9, no_regularization, -0.0119317843071, 0.000720207808178, 16.5671409995, 0.00605795983117, 0.00343016742828, 1.76608283935
16, 1.0, 10, no_regularization, -0.0120887278192, 0.00135753592221, 8.90490455643, 0.00617882890429, 0.00474060603925, 1.30338375582
16, 1.0, 6, regularization, -0.0124847533525, 0.000998676455588, 12.5012993775, 0.00574089750196, 0.00214344336662, 2.67835278103
16, 1.0, 7, regularization, -0.0123258911577, 0.00123866345437, 9.95096054074, 0.00580954041696, 0.00221431967049, 2.62362318069
16, 1.0, 8, regularization, -0.0120928933197, 0.00116910875992, 10.343685493, 0.00551707335854, 0.00208532574071, 2.64566501571
16, 1.0, 9, regularization, -0.0119618428408, 0.0010503301058, 11.3886508392, 0.00579397254118, 0.0017780487771, 3.25861282086
16, 1.0, 10, regularization, -0.0121007358859, 0.00132684715262, 9.11991698672, 0.00590265611788, 0.00195744949526, 3.01548322558
8, 3.0, 6, no_regularization, -0.0347591559132, 0.00167120038148, 20.7989157365, 0.0206339344897, 0.0167133200965, 1.23458022527
8, 3.0, 7, no_regularization, -0.0344294999776, 0.00222560203667, 15.4697467968, 0.0202276144874, 0.0172409544814, 1.17323054876
8, 3.0, 8, no_regularization, -0.034561640177, 0.0105099084746, 3.28848155628, 0.0205908727544, 0.0228938468514, 0.899406416409
8, 3.0, 9, no_regularization, -0.0343915824588, 0.00192254458999, 17.8885746723, 0.0204999771725, 0.0163437175423, 1.25430319751
8, 3.0, 10, no_regularization, -0.0349459611344, 0.0054716539953, 6.38672715132, 0.02066511963, 0.033234611532, 0.621795130963
8, 3.0, 6, regularization, -0.0347399106121, 0.00229671998294, 15.125879894, 0.0184352761514, 0.00598684221479, 3.07929881731
8, 3.0, 7, regularization, -0.0344321991505, 0.00255849542077, 13.4579874058, 0.0182994707799, 0.00571079947605, 3.20436234133
8, 3.0, 8, regularization, -0.0345499296918, 0.00280348191226, 12.3239352966, 0.0185124546784, 0.00622899665749, 2.9719801914
8, 3.0, 9, regularization, -0.0344213075163, 0.00247750068692, 13.8935612402, 0.0184964293324, 0.00641011806519, 2.88550525034
8, 3.0, 10, regularization, -0.0349645971424, 0.00331195226105, 10.5570957509, 0.0188066412849, 0.00751772421823, 2.50164022235
8, 11.0, 6, no_regularization, -0.0111270433102, 0.382186556193, 0.0291141672303, -0.0785503422999, 0.80454045794, 0.0976338001709
8, 11.0, 7, no_regularization, -0.0616202303531, 0.794805499712, 0.077528691454, -0.0156879365978, 0.724797960453, 0.0216445650426
8, 11.0, 8, no_regularization, -0.03910549613, 0.392066654178, 0.0997419589584, -0.104869396843, 0.845907947238, 0.123972587307
8, 11.0, 9, no_regularization, -0.0208462020828, 0.308581083104, 0.0675550227288, -0.00406415900056, 0.371577862475, 0.010937570321
8, 11.0, 10, no_regularization, 0.045548061789, 0.415412525235, 0.10964537423, -0.0972886003557, 0.921629883965, 0.105561464584
8, 11.0, 6, regularization, 0.000596281586581, 0.28167155261, 0.00211693932545, -0.0765404967719, 0.866780751267, 0.0883043337775
8, 11.0, 7, regularization, 0.0124479110693, 0.279691230913, 0.0445059039878, -0.036282685215, 0.526166794688, 0.0689566228452
8, 11.0, 8, regularization, -0.0226260369508, 0.257405659821, 0.0879003086664, -0.0695868545524, 0.692650394874, 0.100464613992
8, 11.0, 9, regularization, 0.0551773491543, 0.373988051063, 0.147537732816, -0.0588536925021, 0.600499661033, 0.0980078696478
8, 11.0, 10, regularization, -0.0115718705772, 0.382190961415, 0.030277719113, -0.118505754853, 1.10423149874, 0.107319665295
13, 1.0, 6, no_regularization, -0.0125222337248, 0.000773332491161, 16.1925612436, 0.00652767312013, 0.00560593517562, 1.16442179862
13, 1.0, 7, no_regularization, -0.0123130650725, 0.00121544278989, 10.1305180095, -0.00219303949741, 0.0545361034718, 0.0402126180236
13, 1.0, 8, no_regularization, -0.012088922522, 0.00109142508895, 11.0762732545, 0.0057017295773, 0.00520117488967, 1.09623877263
13, 1.0, 9, no_regularization, -0.0119303178029, 0.000753694639917, 15.8291132391, 0.00623698668274, 0.00440068434913, 1.41727653881
13, 1.0, 10, no_regularization, -0.0120729174705, 0.0015183465056, 7.95135855084, 0.00630348858792, 0.00622786280506, 1.01214313565
13, 1.0, 6, regularization, -0.0124814357604, 0.000997090757895, 12.5178532261, 0.00574802655585, 0.00262363471025, 2.19086389328
13, 1.0, 7, regularization, -0.0123135930876, 0.00124564944294, 9.88527964861, 0.00609346165202, 0.00245685510581, 2.48018763402
13, 1.0, 8, regularization, -0.0120776476234, 0.00119503883048, 10.1064896934, 0.00576606879809, 0.00247357651526, 2.33106546836
13, 1.0, 9, regularization, -0.0119557834055, 0.0010485945315, 11.4017220635, 0.00589076421216, 0.00195170100409, 3.0182718561
13, 1.0, 10, regularization, -0.0120866926274, 0.00134748264697, 8.96983174856, 0.00597241322212, 0.00241121368367, 2.47693236919
14, 3.0, 6, no_regularization, -0.0347508773046, 0.00146372660513, 23.7413716352, 0.000252830302916, 0.0793598639952, 0.003185871172
14, 3.0, 7, no_regularization, -0.0344181384637, 0.00185562082442, 18.5480449512, 0.000643993643629, 0.0790015470717, 0.00815165863833
14, 3.0, 8, no_regularization, -0.0345671923715, 0.00223634522879, 15.4570018647, 0.00977632247869, 0.0558959135562, 0.174902275617
14, 3.0, 9, no_regularization, -0.034386602416, 0.00149949166781, 22.9321730518, 0.00104448572832, 0.0772557797888, 0.0135198393076
14, 3.0, 10, no_regularization, -0.0349410846515, 0.00316070939158, 11.054823561, 0.0126682819098, 0.0455315046829, 0.278231128052
14, 3.0, 6, regularization, -0.0347318349624, 0.00197694071699, 17.5684757079, 0.0167112939034, 0.00374055389297, 4.46759875183
14, 3.0, 7, regularization, -0.0344179275015, 0.00230015016126, 14.9633393859, 0.0166814299265, 0.00360114666994, 4.6322550719
14, 3.0, 8, regularization, -0.0345570753264, 0.00236490206535, 14.6124762766, 0.0171999984123, 0.00395881765386, 4.34473115869
14, 3.0, 9, regularization, -0.0344030427064, 0.00213907585833, 16.0831335515, 0.0165088623244, 0.00416363509421, 3.9650118108
14, 3.0, 10, regularization, -0.0349655691724, 0.0029872703174, 11.7048560918, 0.0171641310227, 0.00458474372863, 3.74374927775
11, 7.0, 6, no_regularization, -0.0346956828132, 0.205842499926, 0.168554515349, 0.0348408163436, 0.22710982968, 0.153409548115
11, 7.0, 7, no_regularization, -0.00844431055198, 0.479248219442, 0.0176199101205, -0.0439761301709, 0.555013026514, 0.0792344108517
11, 7.0, 8, no_regularization, 0.0216799668312, 0.408215956471, 0.0531090627093, 0.00438277962559, 0.520725111068, 0.0084166857569
11, 7.0, 9, no_regularization, -0.00986099044019, 0.53789555377, 0.0183325375551, -0.0147922636613, 0.56371727143, 0.0262405720224
11, 7.0, 10, no_regularization, 0.0109982343258, 0.493229679538, 0.0222984033243, -0.00796320452175, 0.506833050242, 0.0157116914889
11, 7.0, 6, regularization, -0.0625986267673, 0.156211050822, 0.400731103452, 0.0215127621783, 0.205214740442, 0.104830491864
11, 7.0, 7, regularization, -0.022347058013, 0.427508789131, 0.0522727452186, -0.0489648604746, 0.569389524564, 0.0859953658475
11, 7.0, 8, regularization, -0.024406656907, 0.246233186445, 0.0991200953021, -0.0057447375245, 0.488881838154, 0.011750768951
11, 7.0, 9, regularization, 0.00759011713844, 0.251502826335, 0.030179053051, 0.0351835844543, 0.526552290584, 0.066818785301
11, 7.0, 10, regularization, -0.0140899315803, 0.250339070952, 0.0562833900706, -0.0155476498909, 0.354152172398, 0.0439010434007
16, 0.5, 6, no_regularization, -0.00635186815656, 0.000561597418644, 11.3103585339, 0.00296143674569, 0.00230805989745, 1.28308487529
16, 0.5, 7, no_regularization, -0.00616729844551, 0.000737070180227, 8.36731509558, 0.00290254782862, 0.00385970726852, 0.752012426512
16, 0.5, 8, no_regularization, -0.0063225792591, 0.000634426530936, 9.96581786983, 0.00303800679507, 0.00240578674801, 1.26279139146
16, 0.5, 9, no_regularization, -0.00605038775418, 0.000534140890684, 11.3273255422, 0.00293750384087, 0.00252971986658, 1.16119728499
16, 0.5, 10, no_regularization, -0.0061662694207, 0.000894104145114, 6.89658968073, 0.00306029196923, 0.00328297158392, 0.932171324365
16, 0.5, 6, regularization, -0.00633829942662, 0.00111971629783, 5.66062978533, 0.00283561419998, 0.00173268991938, 1.63653875298
16, 0.5, 7, regularization, -0.00617563579666, 0.0011549875935, 5.34692825398, 0.00284031979408, 0.00172676998679, 1.64487442787
16, 0.5, 8, regularization, -0.00630613812894, 0.00114378545835, 5.51339246613, 0.00308338009898, 0.00181727389896, 1.6967063142
16, 0.5, 9, regularization, -0.00604432857667, 0.00127498361234, 4.74071079673, 0.00273829505907, 0.00171260649682, 1.59890498148
16, 0.5, 10, regularization, -0.00616535449983, 0.00127666007233, 4.82928434395, 0.00302147188773, 0.00161021426212, 1.87644089287
12, 7.0, 6, no_regularization, -0.0132454036371, 0.318164126088, 0.0416307262544, 0.0121740648588, 0.324553751647, 0.0375101652563
12, 7.0, 7, no_regularization, -0.021635482585, 0.47611403774, 0.0454418077815, -0.0147486646073, 0.586737643092, 0.0251367281118
12, 7.0, 8, no_regularization, -0.0305542753372, 0.347497361709, 0.0879266397504, -0.0363252549162, 0.54971078803, 0.0660806658833
12, 7.0, 9, no_regularization, -0.0277134508288, 0.33663685373, 0.0823244707813, -0.0119240284057, 0.403601490439, 0.029544064351
12, 7.0, 10, no_regularization, -0.0104936342332, 0.467002263987, 0.0224701999165, -0.0194722481091, 0.479051467311, 0.0406475074972
12, 7.0, 6, regularization, -0.0119880161459, 0.200729618221, 0.0597222086714, 0.0122689272125, 0.252024149916, 0.0486815537981
12, 7.0, 7, regularization, -0.0162616344327, 0.279896349324, 0.0580987728921, -0.0604246116028, 0.522894096757, 0.115558029776
12, 7.0, 8, regularization, -0.036888564625, 0.247772052359, 0.148881055283, 0.00541153857901, 0.31276027429, 0.0173025125755
12, 7.0, 9, regularization, -0.0340860628839, 0.563417547234, 0.0604987598474, 0.010456625689, 0.618490695134, 0.0169066823013
12, 7.0, 10, regularization, 0.0120995814646, 0.421475560322, 0.0287076703935, -0.0163206932858, 0.464534507361, 0.0351334357882
10, 3.0, 6, no_regularization, -0.0347693517934, 0.00158660432092, 21.9143181037, 0.0202877212416, 0.013732529517, 1.47734772509
10, 3.0, 7, no_regularization, -0.0344450729322, 0.00199398615746, 17.2744794658, 0.0207226891165, 0.0149191330059, 1.38900089626
10, 3.0, 8, no_regularization, -0.0345425678626, 0.00269584384073, 12.8132673491, 0.0203224787116, 0.0169634466727, 1.19801589286
10, 3.0, 9, no_regularization, -0.0344051754969, 0.00172000881125, 20.0029065385, 0.0209598010041, 0.0143870045435, 1.4568564944
10, 3.0, 10, no_regularization, -0.034958660481, 0.00348512755799, 10.0308123302, 0.0207760116233, 0.0201349831525, 1.03183655362
10, 3.0, 6, regularization, -0.0347526772367, 0.0021147546176, 16.4334324878, 0.0180084111987, 0.0042275435378, 4.25978136894
10, 3.0, 7, regularization, -0.0344485176946, 0.00243749567018, 14.1327503126, 0.0180637211151, 0.00462998000493, 3.90146849358
10, 3.0, 8, regularization, -0.0345362799702, 0.0026063071573, 13.2510398376, 0.018272417185, 0.00499201731819, 3.6603272826
10, 3.0, 9, regularization, -0.0344244792387, 0.00229125027856, 15.024320809, 0.018239638421, 0.00497854269618, 3.66365009484
10, 3.0, 10, regularization, -0.0349528502315, 0.00302620889371, 11.5500454394, 0.0184171670944, 0.00558345774896, 3.29852358923
11, 5.0, 6, no_regularization, -0.0339444463754, 0.172756265466, 0.196487498058, 0.0173442389079, 0.190650399009, 0.0909740498736
11, 5.0, 7, no_regularization, -0.0504160456178, 0.11231381805, 0.448885511091, 0.0217410938362, 0.122657368174, 0.177250614128
11, 5.0, 8, no_regularization, -0.0569535531466, 0.153229288115, 0.3716884275, 0.0227889664525, 0.173959719802, 0.131001397786
11, 5.0, 9, no_regularization, -0.056439822663, 0.00231096200702, 24.4226527704, 0.0340877672135, 0.0180820660223, 1.8851699342
11, 5.0, 10, no_regularization, -0.0676778949894, 0.176605872509, 0.383214295357, 0.0371044650247, 0.173828387202, 0.213454577942
11, 5.0, 6, regularization, -0.0309513755748, 0.151959668648, 0.203681515301, 0.02209467585, 0.187035689682, 0.118130801066
11, 5.0, 7, regularization, -0.0504197217112, 0.121848912118, 0.413788854041, 0.0294083154858, 0.105078343403, 0.279870376076
11, 5.0, 8, regularization, -0.0593867489585, 0.0900219258139, 0.659692051926, 0.0181096146555, 0.149857191358, 0.120845816549
11, 5.0, 9, regularization, -0.0564319946398, 0.00195122953579, 28.9212486818, 0.0302360059741, 0.00583345896393, 5.18320368088
11, 5.0, 10, regularization, -0.0667357160573, 0.0841103898541, 0.793430112178, 0.0301338809357, 0.0585376703403, 0.514777591259
9, 9.0, 6, no_regularization, -0.00691268756212, 0.449004395579, 0.0153955899545, 0.0596659116209, 0.697412986479, 0.0855531984314
9, 9.0, 7, no_regularization, -0.0228676739886, 0.327892160617, 0.0697414477541, 0.0289197921544, 0.531171340543, 0.0544453172585
9, 9.0, 8, no_regularization, -0.00245182620391, 0.347044271802, 0.00706488019867, -0.0176089856404, 0.528005439196, 0.0333500080363
9, 9.0, 9, no_regularization, -0.0678192062766, 0.242555862977, 0.279602420012, 0.0142159310675, 0.267556532306, 0.0531324387595
9, 9.0, 10, no_regularization, 0.0163116264436, 0.417312348359, 0.039087332325, 0.105322681287, 0.705810979886, 0.149222219955
9, 9.0, 6, regularization, -0.00738884323026, 0.335696291323, 0.0220105000301, 0.0639942182624, 0.704171616426, 0.0908787244041
9, 9.0, 7, regularization, -0.0134747558163, 0.221800419733, 0.0607517146835, 0.0249890226344, 0.503045845255, 0.0496754378753
9, 9.0, 8, regularization, -0.0479386146932, 0.24181557825, 0.198244526015, -0.0680133629934, 0.409670734186, 0.166019579428
9, 9.0, 9, regularization, -0.0241703003109, 0.296320970382, 0.0815679709732, -0.141887060762, 0.8480693655, 0.167305961675
9, 9.0, 10, regularization, 0.00133996702112, 0.232056953387, 0.00577430239244, 0.108902664615, 0.674153283836, 0.161539915664
14, 9.0, 6, no_regularization, -0.00267269989283, 0.396239349693, 0.00674516525151, 0.0393975118059, 0.753028141278, 0.0523187775413
14, 9.0, 7, no_regularization, -0.0210280296306, 0.418914574298, 0.0501964622879, -0.0169417626824, 0.851908342015, 0.0198868374059
14, 9.0, 8, no_regularization, 0.0320630005104, 0.346939136046, 0.0924167877854, -0.075576412117, 0.465936246405, 0.162203332967
14, 9.0, 9, no_regularization, -0.0335906909544, 0.453436410185, 0.0740802683681, -0.0476696564967, 0.642916734175, 0.0741459258451
14, 9.0, 10, no_regularization, -0.00384372500181, 0.429738938486, 0.00894432563023, 0.0351948528766, 0.600515688483, 0.0586077159209
14, 9.0, 6, regularization, 0.0107073337215, 0.208701565914, 0.0513045202831, 0.0471619502928, 0.577353396568, 0.0816864516139
14, 9.0, 7, regularization, -0.0256142163256, 0.326685548924, 0.0784063341951, -0.0133007933638, 0.765656928258, 0.0173717403617
14, 9.0, 8, regularization, -0.0586504968879, 0.235689267437, 0.248846701955, -0.101024023197, 0.424543248816, 0.237959320939
14, 9.0, 9, regularization, -0.0570116561915, 0.21448819549, 0.265803234819, 0.00135414331959, 0.2996320282, 0.00451935438186
14, 9.0, 10, regularization, 0.000890439129674, 0.280251702007, 0.00317728357507, 0.037125224882, 0.592948997178, 0.0626111605866
9, 5.0, 6, no_regularization, -0.0428521072776, 0.178150159364, 0.240539258739, 0.025829234819, 0.171977374648, 0.150189726246
9, 5.0, 7, no_regularization, -0.0451709008097, 0.0849018304381, 0.532036830968, 0.0338419442034, 0.0806227282307, 0.419756871866
9, 5.0, 8, no_regularization, -0.0485937471122, 0.137273319073, 0.353992658154, 0.026437228617, 0.154828670435, 0.170751505795
9, 5.0, 9, no_regularization, -0.0564339416087, 0.00270903738572, 20.8317322995, 0.0338527317233, 0.0221291062158, 1.52978305554
9, 5.0, 10, no_regularization, -0.0341584274777, 0.147058387814, 0.232277995056, 0.0240586939604, 0.15787645427, 0.152389373524
9, 5.0, 6, regularization, -0.0518546511117, 0.107871811745, 0.480706222252, 0.0331230975376, 0.131762871399, 0.25138415083
9, 5.0, 7, regularization, -0.0473473514142, 0.0601786073759, 0.786780443729, 0.0296979122976, 0.0583835313477, 0.508669338973
9, 5.0, 8, regularization, -0.0468115943803, 0.106735493111, 0.438575707253, 0.0195982734886, 0.136586489466, 0.143486179089
9, 5.0, 9, regularization, -0.0564246552615, 0.00212314944933, 26.575922519, 0.0306032505188, 0.0076529076164, 3.99890499831
9, 5.0, 10, regularization, -0.0558681610148, 0.00438818590099, 12.7314936685, 0.0305754414925, 0.013250278064, 2.30753206422
13, 11.0, 6, no_regularization, 0.00795641439623, 0.398248713907, 0.0199785061907, -0.0417519750374, 0.553848392576, 0.0753852057659
13, 11.0, 7, no_regularization, -0.0419462316894, 0.443757196136, 0.0945251864187, -0.0218483575211, 0.514566988166, 0.0424596952847
13, 11.0, 8, no_regularization, -0.0301538033316, 0.372490488338, 0.0809518746805, -0.039771597463, 0.58764265007, 0.0676799028428
13, 11.0, 9, no_regularization, 0.0751581054922, 0.446173882033, 0.16845025789, -0.0566903028934, 0.538257893471, 0.105321823574
13, 11.0, 10, no_regularization, 0.012392741493, 0.469060951742, 0.0264203222352, -0.0918316915607, 0.665851071388, 0.137916263121
13, 11.0, 6, regularization, 0.000385056466329, 0.224601935114, 0.00171439514149, -0.000304148094457, 0.360474875632, 0.000843742837622
13, 11.0, 7, regularization, -0.0194408559903, 0.276857030138, 0.0702198386678, 0.0327391674152, 0.639197038036, 0.051219210145
13, 11.0, 8, regularization, -0.0258841736065, 0.294863367577, 0.0877836193054, -0.0153104221003, 0.61291550998, 0.0249796617169
13, 11.0, 9, regularization, 0.0565939012434, 0.371226244117, 0.15245124002, -0.0679414495761, 0.502784983097, 0.135130228348
13, 11.0, 10, regularization, 0.00469377912593, 0.274368805579, 0.0171075538855, -0.0101580639996, 0.494656380544, 0.0205355968288
11, 0.5, 6, no_regularization, -0.00635554606518, 0.000606729604204, 10.4750881136, 0.00307034390831, 0.00336025128174, 0.91372449584
11, 0.5, 7, no_regularization, -0.00616762306976, 0.000800646955954, 7.70329921808, 0.00347054197231, 0.00454241923792, 0.76402942805
11, 0.5, 8, no_regularization, -0.00631995354882, 0.000728632977298, 8.67371330387, 0.00318146408103, 0.00323395957679, 0.983767423644
11, 0.5, 9, no_regularization, -0.00605156503602, 0.000580342076034, 10.4275827756, 0.00308802944623, 0.00308283448277, 1.00168512565
11, 0.5, 10, no_regularization, -0.00616039962029, 0.000961811948025, 6.40499385866, 0.00338095186912, 0.00478533504929, 0.706523542092
11, 0.5, 6, regularization, -0.00633870853185, 0.00115014026009, 5.51124828147, 0.00303093071966, 0.00212644965513, 1.4253479796
11, 0.5, 7, regularization, -0.00617646065357, 0.00126083046667, 4.89872414796, 0.00301040144724, 0.00229758384036, 1.31024661401
11, 0.5, 8, regularization, -0.00630203026108, 0.00119046999986, 5.29373294734, 0.0032822488508, 0.00225815261366, 1.45351064005
11, 0.5, 9, regularization, -0.00604408335262, 0.00129623889026, 4.66278507616, 0.00300928023266, 0.0023426482148, 1.28456343281
11, 0.5, 10, regularization, -0.00616148209498, 0.00134532954076, 4.5799054494, 0.00333782406948, 0.00220230192831, 1.51560693226
16, 9.0, 6, no_regularization, -0.012290652438, 0.397792419243, 0.030897150985, -0.00795911153685, 0.604564609253, 0.0131650305278
16, 9.0, 7, no_regularization, 0.00174877181539, 0.383064226897, 0.00456521829133, -0.0293096424616, 0.505571509595, 0.0579732874685
16, 9.0, 8, no_regularization, -0.02690232606, 0.320694986948, 0.0838875790232, -0.102790919217, 0.390286835093, 0.263372755559
16, 9.0, 9, no_regularization, 0.0351474362714, 0.55170656564, 0.063706757288, -0.0229750878069, 0.527243491837, 0.0435758585219
16, 9.0, 10, no_regularization, -0.00656537678829, 0.423398098514, 0.0155063917654, 0.0392599616082, 0.520681985932, 0.0754010368496
16, 9.0, 6, regularization, -0.00793750061419, 0.315261032717, 0.0251775506341, 0.00570415681315, 0.57682293752, 0.00988892161203
16, 9.0, 7, regularization, -0.000819400712149, 0.288101205802, 0.00284414190447, -0.0101058238428, 0.342393811695, 0.029515205876
16, 9.0, 8, regularization, -0.0359619784008, 0.245804494608, 0.14630317667, -0.0789131913328, 0.355366136304, 0.222061652113
16, 9.0, 9, regularization, -0.0551624635572, 0.333361861192, 0.165473228881, 0.0312520879861, 0.321597842093, 0.0971775425567
16, 9.0, 10, regularization, -0.0071281325906, 0.291072769422, 0.0244891770699, 0.0419129477448, 0.476281867442, 0.088000301103
15, 7.0, 6, no_regularization, -0.0720506600906, 0.199919437339, 0.360398473754, 0.0251192300372, 0.217091142148, 0.115708221849
15, 7.0, 7, no_regularization, -0.016186163589, 0.455818897264, 0.0355100757915, -0.193606400253, 0.604036278312, 0.32052114617
15, 7.0, 8, no_regularization, 0.0128151305253, 0.330772069264, 0.0387430853937, 0.0472337647016, 0.540653604992, 0.087364190797
15, 7.0, 9, no_regularization, -0.0280756986372, 0.458179593102, 0.0612766239699, 0.0492807422435, 0.538393206424, 0.0915329942048
15, 7.0, 10, no_regularization, 0.0166476204994, 0.484318800842, 0.0343732691575, -0.0180253969913, 0.560667763802, 0.0321498722685
15, 7.0, 6, regularization, -0.0549452568839, 0.158626597971, 0.346381108759, 0.00822878462019, 0.188161161754, 0.0437326414413
15, 7.0, 7, regularization, -0.0119848516663, 0.386318258607, 0.0310232597069, -0.0290328461795, 0.506757739874, 0.0572913719813
15, 7.0, 8, regularization, -0.0331181816057, 0.198035178589, 0.167233831088, 0.0043834599993, 0.227560839236, 0.0192628046812
15, 7.0, 9, regularization, 0.00523278337474, 0.430333211458, 0.0121598408754, -0.00105352138442, 0.540529815668, 0.00194905323237
15, 7.0, 10, regularization, -0.0270968100644, 0.235443719225, 0.115088268881, 0.0394755261995, 0.335003294749, 0.117836232713
12, 5.0, 6, no_regularization, -0.0407311206529, 0.183608257573, 0.22183708506, -0.000783837177342, 0.200955614758, 0.00390054877683
12, 5.0, 7, no_regularization, -0.0481705392388, 0.128759372294, 0.374112877226, -0.000141719932031, 0.14856395352, 0.000953932152941
12, 5.0, 8, no_regularization, -0.0580558183649, 0.157611954146, 0.368346542491, 0.0230476511302, 0.176502055687, 0.130580071946
12, 5.0, 9, no_regularization, -0.0563883557353, 0.00251472297718, 22.4232872754, 0.0165667517339, 0.0760489487267, 0.217843270831
12, 5.0, 10, no_regularization, -0.059988314512, 0.0917298283241, 0.653967369263, 0.0156936757263, 0.123261413395, 0.127320264258
12, 5.0, 6, regularization, -0.04021744532, 0.116064251042, 0.346510186893, 0.0150642426544, 0.151504885915, 0.0994307382461
12, 5.0, 7, regularization, -0.0482526061279, 0.0732407543665, 0.658821806866, 0.0151458623585, 0.141157977282, 0.107297247028
12, 5.0, 8, regularization, -0.0578823681673, 0.0969307962154, 0.597151477418, 0.0225124120653, 0.152695142239, 0.147433714886
12, 5.0, 9, regularization, -0.056402981408, 0.0020294129584, 27.7927570998, 0.0290022982363, 0.00660593614407, 4.39033887155
12, 5.0, 10, regularization, -0.0584079981374, 0.028581278703, 2.04357540278, 0.0266235960494, 0.0464028455721, 0.573749211306
10, 1.0, 6, no_regularization, -0.0125252413966, 0.000840778792002, 14.8971899811, 0.00759168382882, 0.00770665965622, 0.985080977683
10, 1.0, 7, no_regularization, -0.0123221911455, 0.00129433324031, 9.52010715771, 0.00869136955053, 0.0114250660942, 0.760728163745
10, 1.0, 8, no_regularization, -0.0120948305694, 0.00122596058341, 9.86559497349, 0.00661842490405, 0.00843815810352, 0.784344737661
10, 1.0, 9, no_regularization, -0.011931871117, 0.000830748116601, 14.3628024892, 0.00631972500272, 0.00517329047517, 1.22160644817
10, 1.0, 10, no_regularization, -0.012078588842, 0.00152898933573, 7.89972078927, 0.00661458434725, 0.0082172620748, 0.804962077032
10, 1.0, 6, regularization, -0.0124842503343, 0.000984253042203, 12.683984503, 0.00604210243161, 0.00238257691304, 2.53595273191
10, 1.0, 7, regularization, -0.0123315836995, 0.00124473248186, 9.90701526571, 0.00631942794865, 0.00252389178798, 2.5038426682
10, 1.0, 8, regularization, -0.0120911361164, 0.00122332657034, 9.88381713394, 0.00590993412638, 0.00254108048681, 2.32575636902
10, 1.0, 9, regularization, -0.0119567164165, 0.00102574040868, 11.6566689928, 0.00600155784611, 0.00216028482404, 2.77813266997
10, 1.0, 10, regularization, -0.012085856472, 0.0013329293328, 9.06713970097, 0.00614482839957, 0.00272970069648, 2.2510996929
14, 11.0, 6, no_regularization, -0.00139389244142, 0.321702735923, 0.00433285852362, -0.0690141470402, 0.366060346744, 0.188532157755
14, 11.0, 7, no_regularization, -0.0263405692071, 0.453731128138, 0.0580532557137, -0.0922106233706, 0.675528810265, 0.136501392642
14, 11.0, 8, no_regularization, -0.0253575288684, 0.342361856502, 0.0740664545037, -0.130951210413, 0.895030078385, 0.146309284543
14, 11.0, 9, no_regularization, 0.0741608943542, 0.442940202373, 0.167428682149, -0.0641411769674, 0.590071838077, 0.108700623938
14, 11.0, 10, no_regularization, 0.0135907023022, 0.342700994315, 0.0396576097755, 0.0406800929302, 0.387682678497, 0.104931417333
14, 11.0, 6, regularization, 0.0260697131301, 0.301769303485, 0.0863895460175, 0.0154519255257, 0.803425782727, 0.0192325487405
14, 11.0, 7, regularization, 0.0212127197004, 0.300591507495, 0.0705699235391, -0.0266539243495, 0.385810735573, 0.0690854916465
14, 11.0, 8, regularization, -0.0188065583926, 0.300358018646, 0.062613804943, -0.110907166801, 0.701189766762, 0.158169973463
14, 11.0, 9, regularization, 0.059509598566, 0.424617565985, 0.140148696929, 0.0570056220141, 0.584331728157, 0.097556951415
14, 11.0, 10, regularization, -0.00540603312895, 0.401962720239, 0.0134490908155, 0.00688959288105, 0.817120213275, 0.00843155360634
15, 11.0, 6, no_regularization, 0.00341075168362, 0.332065042426, 0.0102713361777, -0.0332435067771, 0.349454345156, 0.0951297565416
15, 11.0, 7, no_regularization, -0.0311753200683, 0.339486533334, 0.0918308003623, 0.00515149129368, 0.370986110119, 0.0138859411529
15, 11.0, 8, no_regularization, -0.013021693697, 0.345487721357, 0.0376907568404, -0.059153710897, 0.633197196721, 0.0934206771656
15, 11.0, 9, no_regularization, 0.0598009177281, 0.414260964464, 0.144355666737, 0.105560266967, 0.601991331431, 0.175351805675
15, 11.0, 10, no_regularization, -0.0138078148628, 0.511855743273, 0.0269759889272, 0.00542188110243, 0.679707935949, 0.00797678063719
15, 11.0, 6, regularization, -0.0204977298159, 0.289359606341, 0.070838255813, -0.0326578655116, 0.391489857657, 0.083419442095
15, 11.0, 7, regularization, -0.0230782011288, 0.331243005706, 0.0696715122471, 0.0153307127644, 0.391316066159, 0.0391773149385
15, 11.0, 8, regularization, -0.0129643621435, 0.265790146934, 0.0487766845124, -0.0926500900596, 0.379079134518, 0.244408308512
15, 11.0, 9, regularization, 0.0581673469022, 0.347105840874, 0.167578127627, 0.100045787696, 0.509404128491, 0.196397677404
15, 11.0, 10, regularization, -0.023213086492, 0.236773663455, 0.098039140643, 0.0420159990887, 0.29025822653, 0.144753861384
14, 5.0, 6, no_regularization, -0.0377269274499, 0.142152549674, 0.265397472901, 0.00337200603167, 0.150624027712, 0.0223869065439
14, 5.0, 7, no_regularization, -0.059329506874, 0.128882428112, 0.460338214784, -0.00516699706677, 0.145361664108, 0.0355458029356
14, 5.0, 8, no_regularization, -0.0672981999946, 0.161888311733, 0.415707590463, 0.0210720240008, 0.176302229225, 0.11952216426
14, 5.0, 9, no_regularization, -0.0564004886318, 0.00218614774036, 25.7990288536, 0.0107234928915, 0.0879531057086, 0.121922845192
14, 5.0, 10, no_regularization, -0.0502045365794, 0.0823299469138, 0.609796780653, 0.0117372469336, 0.118472684822, 0.0990713340481
14, 5.0, 6, regularization, -0.0277876267754, 0.142155337614, 0.195473678596, 0.0291913885149, 0.135337501737, 0.215693271563
14, 5.0, 7, regularization, -0.0511253790219, 0.0889861655928, 0.574531767734, 0.0272553185444, 0.0757018535918, 0.360035022278
14, 5.0, 8, regularization, -0.0673576874284, 0.11291840305, 0.596516472151, 0.0227977036919, 0.111592555266, 0.204294127306
14, 5.0, 9, regularization, -0.0567895445309, 0.00828763934139, 6.85231851817, 0.0286292982543, 0.0207644821725, 1.37876292876
14, 5.0, 10, regularization, -0.052328068633, 0.0400374172864, 1.30697912552, 0.0241737941845, 0.0621961319727, 0.388670378972
13, 3.0, 6, no_regularization, -0.0347495525926, 0.00147001079933, 23.6389777601, 0.00411094637724, 0.0727016909105, 0.0565454025313
13, 3.0, 7, no_regularization, -0.0344117571302, 0.00196252684147, 17.5344134934, 0.00180045033129, 0.0785752493664, 0.0229137081436
13, 3.0, 8, no_regularization, -0.034541401612, 0.00236579448731, 14.6003390393, 0.00974289322504, 0.0589495567853, 0.165275088675
13, 3.0, 9, no_regularization, -0.0343823069254, 0.00158494093893, 21.6931155483, 0.00315939623413, 0.0743584150359, 0.0424887517117
13, 3.0, 10, no_regularization, -0.034927787985, 0.00324275697035, 10.7710162385, 0.0123375367573, 0.0514996859546, 0.239565281392
13, 3.0, 6, regularization, -0.0347312854473, 0.0020948778768, 16.5791456543, 0.0169820314879, 0.00417624356257, 4.06634125463
13, 3.0, 7, regularization, -0.0344047527377, 0.00240353739555, 14.3142157061, 0.0169810815855, 0.00393488708234, 4.31551941141
13, 3.0, 8, regularization, -0.0345257785846, 0.00249510492367, 13.8374054963, 0.0174920307955, 0.00456825736643, 3.82903794432
13, 3.0, 9, regularization, -0.0344090778877, 0.00222000438356, 15.499554029, 0.0173143207822, 0.00440245069257, 3.93288238558
13, 3.0, 10, regularization, -0.034944810765, 0.0029649723153, 11.7858809624, 0.0174445158264, 0.00524166734609, 3.32804710307
13, 7.0, 6, no_regularization, -0.0465421828322, 0.228597617306, 0.203598722422, 0.00912657149529, 0.244398374031, 0.0373430123317
13, 7.0, 7, no_regularization, -0.0015796756142, 0.656615720341, 0.00240578403053, 0.0282521419608, 0.56755535173, 0.0497786548478
13, 7.0, 8, no_regularization, -0.0513288779634, 0.257997637648, 0.198950961068, -0.00406713122681, 0.256658767319, 0.01584645352
13, 7.0, 9, no_regularization, 0.0114182909547, 0.357071005186, 0.0319776481116, 0.0462671229812, 0.403614545374, 0.114631951478
13, 7.0, 10, no_regularization, 0.0140876620243, 0.397120079173, 0.0354745649065, 0.0307836445078, 0.364532078357, 0.0844470112111
13, 7.0, 6, regularization, -0.0400504400953, 0.129540001922, 0.309174305243, 0.0380391553201, 0.181759804261, 0.209282549983
13, 7.0, 7, regularization, 0.00148046746076, 0.459240196693, 0.00322373231137, -0.125309149243, 0.60361554945, 0.207597616327
13, 7.0, 8, regularization, 0.0265448828472, 0.330717216487, 0.0802645932051, -0.013523458907, 0.443547836415, 0.0304892906621
13, 7.0, 9, regularization, 0.00241305975273, 0.303040585855, 0.00796282697883, 0.0705001611926, 0.434184818288, 0.162373621147
13, 7.0, 10, regularization, 0.017679786652, 0.258608414849, 0.0683650865048, -0.00913915679511, 0.384656362498, 0.0237592762947
13, 5.0, 6, no_regularization, -0.0367847319327, 0.168479120988, 0.218334068442, 0.0096751174956, 0.162593594846, 0.0595049116465
13, 5.0, 7, no_regularization, -0.0532846328451, 0.12241252181, 0.435287436751, 0.00052451498411, 0.17469650196, 0.00300243552805
13, 5.0, 8, no_regularization, -0.0639879537027, 0.144531820899, 0.442725714689, 0.0221260091272, 0.160208170366, 0.138107869758
13, 5.0, 9, no_regularization, -0.0564048056181, 0.00231133360844, 24.4035761052, 0.0150637945426, 0.0790299867999, 0.190608592417
13, 5.0, 10, no_regularization, -0.0523766470084, 0.122294243425, 0.428283830386, 0.0153178829959, 0.142923575119, 0.107175341669
13, 5.0, 6, regularization, -0.0418879861294, 0.107379400585, 0.390093313067, 0.0121430107788, 0.123828457897, 0.0980631672637
13, 5.0, 7, regularization, -0.0466681564034, 0.100054119176, 0.466429136429, 0.0235453333134, 0.102395287963, 0.229945476807
13, 5.0, 8, regularization, -0.0645478847444, 0.108823406895, 0.593143392455, 0.0241981698797, 0.131658503165, 0.18379496423
13, 5.0, 9, regularization, -0.0563993731845, 0.00194086544186, 29.0588785642, 0.0290298629817, 0.00681328668433, 4.26077227141
13, 5.0, 10, regularization, -0.0482752999926, 0.0529756773548, 0.911272916235, 0.0265982664435, 0.079044242586, 0.33649846685
9, 11.0, 6, no_regularization, 0.0314794148795, 0.306261414391, 0.102786095147, -0.019455186308, 0.43075242607, 0.0451655873086
9, 11.0, 7, no_regularization, 0.0117255624155, 0.4778257124, 0.024539412826, -0.00776962429306, 0.603345835007, 0.0128775634839
9, 11.0, 8, no_regularization, -0.0777398856056, 0.369593956518, 0.210338627661, -0.0343454005388, 0.763925306391, 0.0449591082419
9, 11.0, 9, no_regularization, 0.0559390505702, 0.437822516206, 0.127766500122, 0.037844214018, 0.478499494529, 0.0790893500425
9, 11.0, 10, no_regularization, -0.00217087811326, 0.423835157948, 0.00512198686812, 0.00269822851643, 0.973066299659, 0.00277291333322
9, 11.0, 6, regularization, 0.0168942807826, 0.262384417025, 0.0643875157455, -0.0258304213717, 0.343276326858, 0.0752467308426
9, 11.0, 7, regularization, -0.0189868633048, 0.400006742621, 0.0474663581429, 0.0419786283135, 0.578897485915, 0.0725147877386
9, 11.0, 8, regularization, 0.00090498230891, 0.222262709918, 0.00407167855212, -0.0910861327459, 0.461611649035, 0.197321997693
9, 11.0, 9, regularization, 0.0614546197374, 0.415747057227, 0.147817329478, -0.0129194230697, 0.511817820991, 0.0252422298323
9, 11.0, 10, regularization, 0.0211634889865, 0.308293426546, 0.0686472274925, -0.111313829938, 0.887648479502, 0.125403053696
13, 0.5, 6, no_regularization, -0.00635075455999, 0.000566441817597, 11.2116626328, 0.00281690094829, 0.00260841685427, 1.07992744476
13, 0.5, 7, no_regularization, -0.00616466349364, 0.000835128337881, 7.38169597894, 0.00292117112224, 0.00532034048174, 0.549057176372
13, 0.5, 8, no_regularization, -0.00631484604451, 0.000673463776892, 9.37666770091, 0.00295524153052, 0.00299880149214, 0.985474209702
13, 0.5, 9, no_regularization, -0.00604820948122, 0.000590690190037, 10.2392245262, 0.00281326791303, 0.00293555260585, 0.958343552564
13, 0.5, 10, no_regularization, -0.00615545767682, 0.000981583714277, 6.27094519529, 0.00328736688494, 0.0047131335004, 0.697490721335
13, 0.5, 6, regularization, -0.00633783732181, 0.00123307440427, 5.13986609393, 0.00284535116539, 0.00216738761659, 1.31280216959
13, 0.5, 7, regularization, -0.00617340824273, 0.00131461183869, 4.69599319057, 0.00283876800893, 0.00234130524262, 1.21247240952
13, 0.5, 8, regularization, -0.00629588389523, 0.00124777490384, 5.04568883046, 0.00307885400181, 0.00211975685133, 1.45245620972
13, 0.5, 9, regularization, -0.00604283733307, 0.00138883592884, 4.35100878914, 0.00277798777222, 0.00222602867546, 1.24795686725
13, 0.5, 10, regularization, -0.00615737463028, 0.00137218325733, 4.48728301951, 0.00303138522672, 0.00222448782704, 1.36273401449
14, 7.0, 6, no_regularization, -0.0387405265584, 0.314599070417, 0.12314253347, 0.00432875381774, 0.308726399897, 0.0140213270364
14, 7.0, 7, no_regularization, 0.00345411896208, 0.701679184272, 0.00492264704369, 0.00601874222827, 0.566049553743, 0.0106328892735
14, 7.0, 8, no_regularization, 0.0280584047144, 0.420041205754, 0.0667991719146, 0.00808001779195, 0.510187690882, 0.0158373436607
14, 7.0, 9, no_regularization, -0.0189629466136, 0.52688999027, 0.0359903337771, -0.111377478815, 0.729545744168, 0.152666888547
14, 7.0, 10, no_regularization, 0.0200118200222, 0.372692847092, 0.0536952082079, -0.0255635512733, 0.396104192598, 0.064537441792
14, 7.0, 6, regularization, -0.0439441642396, 0.209363834161, 0.209893768978, 0.0216342280178, 0.236323852886, 0.0915448345718
14, 7.0, 7, regularization, 0.000709450136639, 0.692185908873, 0.00102494160535, 0.00181218771748, 0.540058394572, 0.00335554031878
14, 7.0, 8, regularization, 0.0242105893861, 0.313148928494, 0.0773133393831, 0.022926117754, 0.444541100587, 0.0515725491383
14, 7.0, 9, regularization, -0.025122451231, 0.420202053559, 0.0597865979431, -0.01338605611, 0.803163444883, 0.0166666650421
14, 7.0, 10, regularization, 0.0544129909084, 0.467651208059, 0.116353790968, -0.0239817640321, 0.386427379628, 0.0620602092307
12, 11.0, 6, no_regularization, 0.0319422266587, 0.449136631052, 0.071119174991, -0.0547112468534, 0.757808872081, 0.0721966301386
12, 11.0, 7, no_regularization, -0.0176288817431, 0.306102914477, 0.057591355421, -0.0455494398066, 0.499164160441, 0.091251422711
12, 11.0, 8, no_regularization, -0.0141712561556, 0.368727017162, 0.038432920551, -0.076672464864, 0.475880319104, 0.161117116607
12, 11.0, 9, no_regularization, 0.0504412808305, 0.453894398074, 0.111129992008, -0.0726659092747, 0.630284124202, 0.115290718082
12, 11.0, 10, no_regularization, -0.0575361085501, 0.340723958078, 0.168864287897, 0.0247389369985, 0.407753021315, 0.0606713763119
12, 11.0, 6, regularization, 0.0275267425955, 0.346854027233, 0.0793611733878, -0.0621108321972, 0.70539618328, 0.0880509898826
12, 11.0, 7, regularization, 0.0218471920049, 0.448522693491, 0.0487092232388, 0.0424369154347, 0.502469709372, 0.08445666404
12, 11.0, 8, regularization, 0.00475021178781, 0.249454444121, 0.0190424019286, -0.0837287981701, 0.418944706798, 0.199856441224
12, 11.0, 9, regularization, 0.0511903360371, 0.360797895051, 0.141880916544, -0.0666581735588, 0.592732642357, 0.112459089976
12, 11.0, 10, regularization, -0.0635509552683, 0.24196228665, 0.262648184344, 0.0473658751513, 0.335827866624, 0.141042122643
10, 5.0, 6, no_regularization, -0.0465076156531, 0.160204280176, 0.290301954493, 0.0287139645356, 0.167890982846, 0.171027437262
10, 5.0, 7, no_regularization, -0.0410088518613, 0.104167469329, 0.39368194433, 0.0113428503308, 0.148455228582, 0.0764058661937
10, 5.0, 8, no_regularization, -0.0434798738813, 0.149686983455, 0.290471976106, 0.026186167632, 0.1408295876, 0.185942230453
10, 5.0, 9, no_regularization, -0.0564344544265, 0.00257463618162, 21.9193899431, 0.034023143238, 0.0192745299806, 1.765186662
10, 5.0, 10, no_regularization, -0.0551728885416, 0.0730682087722, 0.755087465106, 0.029818845117, 0.106552645086, 0.279850820156
10, 5.0, 6, regularization, -0.0511253615156, 0.146167937206, 0.349771382786, 0.0308608986103, 0.169955759172, 0.181581952625
10, 5.0, 7, regularization, -0.0545544914335, 0.0627863849114, 0.868890469016, 0.0232119769335, 0.0949586463885, 0.244443005627
10, 5.0, 8, regularization, -0.0441110153943, 0.0688262495361, 0.640903952949, 0.0214125689728, 0.0986645669214, 0.217023898659
10, 5.0, 9, regularization, -0.0564291448066, 0.00207960869956, 27.1345012254, 0.0304166885664, 0.00641089322101, 4.74453208279
10, 5.0, 10, regularization, -0.0396650616764, 0.0929843009744, 0.426578048775, 0.0300928361192, 0.134498454397, 0.223741129622
11, 11.0, 6, no_regularization, 0.0661344064364, 0.387052353942, 0.170866823991, 0.0295716312335, 0.485192403154, 0.0609482569003
11, 11.0, 7, no_regularization, 0.00130066322236, 0.315215893377, 0.00412626155497, -0.00930729388185, 0.39220256213, 0.0237308339632
11, 11.0, 8, no_regularization, -0.0122346752484, 0.319209579908, 0.0383280327988, -0.0655924633737, 0.481681013331, 0.136174068644
11, 11.0, 9, no_regularization, 0.0672147504077, 0.465950802948, 0.14425289104, -0.0913408531903, 0.639815855578, 0.142761159158
11, 11.0, 10, no_regularization, -0.00888899435114, 0.327993672828, 0.0271011153187, 0.0233336509771, 0.35727621046, 0.0653098367425
11, 11.0, 6, regularization, 0.0643344769423, 0.257405491974, 0.249934360176, 0.0273040044426, 0.577908366809, 0.0472462521928
11, 11.0, 7, regularization, -0.0037474216709, 0.250251006245, 0.0149746517591, -0.0449424061785, 0.332216505434, 0.135280473557
11, 11.0, 8, regularization, 0.0111539932451, 0.209091542299, 0.0533450235362, -0.0286963313753, 0.501781932408, 0.0571888494224
11, 11.0, 9, regularization, 0.039884081171, 0.432447461663, 0.0922287322897, -0.143618640166, 0.560393900764, 0.256281590449
11, 11.0, 10, regularization, -0.0148776586253, 0.291219808561, 0.0510873855002, -0.118800021194, 0.638275064516, 0.18612668393
8, 1.0, 6, no_regularization, -0.0125229660014, 0.000895374734157, 13.9862847629, 0.00781883411286, 0.00922312751474, 0.847742167759
8, 1.0, 7, no_regularization, -0.0123210722863, 0.00141091616043, 8.73267500362, 0.00854761588887, 0.0128615043173, 0.6645891241
8, 1.0, 8, no_regularization, -0.0120997479039, 0.0013511297089, 8.95528225319, 0.00674291350394, 0.00980800473956, 0.687490848852
8, 1.0, 9, no_regularization, -0.0119326239349, 0.000909463693072, 13.1205061025, 0.00642479031814, 0.00664295106963, 0.967159060905
8, 1.0, 10, no_regularization, -0.0120832428375, 0.00172532424413, 7.00346203249, 0.00670677712113, 0.0110705548951, 0.605821224383
8, 1.0, 6, regularization, -0.0124826753633, 0.00099126800044, 12.5926342399, 0.00621455352307, 0.00287431057105, 2.16210230921
8, 1.0, 7, regularization, -0.012332473004, 0.00128906584566, 9.56698453034, 0.00658118880639, 0.00333358141898, 1.97420970999
8, 1.0, 8, regularization, -0.0120928392017, 0.00122364142112, 9.88266578179, 0.0060330345627, 0.00305406179736, 1.97541338814
8, 1.0, 9, regularization, -0.0119541036422, 0.00101701653686, 11.7540897409, 0.00602651116981, 0.00289426977051, 2.08222164748
8, 1.0, 10, regularization, -0.0120897285239, 0.0014149474917, 8.54429481995, 0.00620665660967, 0.00374770078548, 1.6561238383
12, 9.0, 6, no_regularization, 0.00229258749449, 0.424780700639, 0.00539710841627, 0.0182970626814, 0.65546126212, 0.0279147887737
12, 9.0, 7, no_regularization, 0.0148370811274, 0.381484613355, 0.0388930001578, -0.0218963873324, 0.563402182022, 0.0388645767288
12, 9.0, 8, no_regularization, 0.00401434674263, 0.378534788073, 0.010604961206, -0.0753086518526, 0.4349676633, 0.17313620806
12, 9.0, 9, no_regularization, -0.0914669912877, 0.209537225844, 0.436519052495, -0.0206541630132, 0.305648073564, 0.0675749818161
12, 9.0, 10, no_regularization, -0.000366902497735, 0.440246067424, 0.000833403237153, 0.0486187790561, 0.707207612057, 0.0687475335774
12, 9.0, 6, regularization, 0.00302490365053, 0.329652291793, 0.00917604313951, 0.018234923615, 0.496890457747, 0.0366980756637
12, 9.0, 7, regularization, 0.00499141519665, 0.258449635561, 0.0193129124977, -0.0280534605405, 0.475351241112, 0.0590162770478
12, 9.0, 8, regularization, 0.0324857641689, 0.326769644548, 0.0994148774555, -0.0630268348911, 0.40291562847, 0.156426880562
12, 9.0, 9, regularization, -0.0306972329685, 0.398533076782, 0.0770255588729, -0.0524282633215, 0.835046566729, 0.0627848378886
12, 9.0, 10, regularization, -0.00673101324961, 0.281257289714, 0.0239318712644, 0.0627010406684, 0.679700544817, 0.0922480365015
11, 9.0, 6, no_regularization, -0.00154391439516, 0.442179288611, 0.00349160269358, 0.0427511030984, 0.694033173118, 0.0615980687297
11, 9.0, 7, no_regularization, 0.00896224356689, 0.385481609529, 0.0232494711689, 0.0110669972483, 0.540918797094, 0.020459627781
11, 9.0, 8, no_regularization, 0.0228685563661, 0.443944821129, 0.0515121593444, -0.068803158398, 0.475411010862, 0.144723527277
11, 9.0, 9, no_regularization, -0.0369111628574, 0.439923843141, 0.0839035288333, -0.031687000706, 0.978503416303, 0.0323831273126
11, 9.0, 10, no_regularization, -0.0110868418244, 0.414100939218, 0.0267732834543, 0.0850934795313, 0.724503078235, 0.117450818482
11, 9.0, 6, regularization, -0.0956186276961, 0.248412256952, 0.38491912142, 0.00936409818644, 0.341567774238, 0.0274150516902
11, 9.0, 7, regularization, 0.00737216706375, 0.250409111539, 0.0294404904775, -0.0171321688406, 0.476136611445, 0.0359816246616
11, 9.0, 8, regularization, 0.0153456259041, 0.258462596612, 0.0593727142933, -0.0667002146746, 0.58437822594, 0.114138774708
11, 9.0, 9, regularization, -0.0388539017482, 0.382098875422, 0.101685464804, -0.0356159694046, 0.897296933228, 0.039692512128
11, 9.0, 10, regularization, -0.0117400375223, 0.283107272887, 0.0414685126334, 0.0878001936458, 0.657058789246, 0.133626085036
15, 1.0, 6, no_regularization, -0.0125210285604, 0.000749577138929, 16.7041227783, 0.00642494155483, 0.00431840470631, 1.48780440736
15, 1.0, 7, no_regularization, -0.0123205242674, 0.00112808266548, 10.9216501986, -0.00355243433533, 0.0590867082067, 0.0601223937354
15, 1.0, 8, no_regularization, -0.0121054140998, 0.00104090688526, 11.6296801099, 0.00585568488759, 0.00447470011024, 1.30862063229
15, 1.0, 9, no_regularization, -0.0119306499842, 0.000713480348567, 16.7217639675, 0.0060359689856, 0.00358281010408, 1.68470245708
15, 1.0, 10, no_regularization, -0.0120875081855, 0.00137700816169, 8.77809480136, 0.00620627180622, 0.00531775359471, 1.16708525427
15, 1.0, 6, regularization, -0.0124827468433, 0.00100209768815, 12.456616746, 0.00572544523392, 0.00230354166264, 2.48549671438
15, 1.0, 7, regularization, -0.0123214454744, 0.00121509401613, 10.1403227329, 0.00590719919347, 0.00236866775946, 2.49389099416
15, 1.0, 8, regularization, -0.0120945550868, 0.00117587474162, 10.2855811582, 0.0056067226273, 0.00221952798378, 2.52608782961
15, 1.0, 9, regularization, -0.011959959666, 0.00104292940924, 11.4676598051, 0.00581303900457, 0.00182415817, 3.18669680084
15, 1.0, 10, regularization, -0.0120980321473, 0.00133128938202, 9.08745484699, 0.00595962499245, 0.00200699353117, 2.96942909875
