axialBottomBlockRadius, strain percent, trial, regularization, mean axial strain, axial strain std, axial strain SNRe, mean lateral strain, lateral strain std, lateral strain SNRe
16, 5.0, 6, no_regularization, -0.0450043147373, 0.185368844358, 0.242782517706, 0.0094346976411, 0.196667419048, 0.0479728553249
16, 5.0, 7, no_regularization, -0.0573613609597, 0.12419604235, 0.461861423876, 0.00559783457192, 0.135744861257, 0.0412379114766
16, 5.0, 8, no_regularization, -0.0501210735335, 0.215597828587, 0.232474853119, 0.0144981609477, 0.218502973597, 0.0663522363519
16, 5.0, 9, no_regularization, -0.0563831014107, 0.00280765172788, 20.0819428032, 0.0160465423275, 0.0772349744353, 0.207762641794
16, 5.0, 10, no_regularization, -0.0556958388479, 0.101387255067, 0.549337673766, 0.0160163665599, 0.139964669628, 0.114431496195
16, 5.0, 6, regularization, -0.0558869937934, 0.153218463544, 0.364753649795, 0.00830548809934, 0.170081397178, 0.0488324310428
16, 5.0, 7, regularization, -0.0571125574802, 0.0536109120124, 1.06531590933, 0.0111874583729, 0.106157548384, 0.105385425183
16, 5.0, 8, regularization, -0.0487589832688, 0.154825434106, 0.314928768327, 0.0189238378733, 0.17790631093, 0.106369682865
16, 5.0, 9, regularization, -0.0594967897462, 0.0410196263119, 1.45044689812, 0.0187442080158, 0.0692624834931, 0.270625699086
16, 5.0, 10, regularization, -0.056062559242, 0.0579121027723, 0.968062918772, 0.0292955954291, 0.0620346200139, 0.472245907568
16, 9.0, 6, no_regularization, 0.0046010340748, 0.337287242784, 0.0136412929135, -0.0382350865066, 0.374216737633, 0.102173640731
16, 9.0, 7, no_regularization, -0.0422255527821, 0.412193020886, 0.102441212351, 0.0141362279805, 0.753367021535, 0.0187640652914
16, 9.0, 8, no_regularization, 0.0130670451162, 0.33500663426, 0.0390053323721, -0.0716069739914, 0.374419545548, 0.191247959255
16, 9.0, 9, no_regularization, -0.011535413804, 0.426310551317, 0.02705871053, -0.0019855428939, 0.634965248996, 0.00312701033173
16, 9.0, 10, no_regularization, -0.0286711243403, 0.434583648789, 0.0659737760962, 0.02177040068, 0.730301283945, 0.0298101635018
16, 9.0, 6, regularization, -0.00293468872134, 0.252348733874, 0.0116294965158, -0.0454335606364, 0.867883650272, 0.0523498289455
16, 9.0, 7, regularization, -0.037371710264, 0.32540271823, 0.114847566324, -0.0307229135342, 0.775023510925, 0.039641266492
16, 9.0, 8, regularization, 0.0301664213573, 0.263454316257, 0.114503424297, -0.0667002760266, 0.370338891412, 0.180106053059
16, 9.0, 9, regularization, 0.00999897564513, 0.250678194218, 0.0398876961609, 0.0189420722102, 0.350501390169, 0.0540427876792
16, 9.0, 10, regularization, -0.028738466676, 0.332107143601, 0.0865337203061, 0.0299803053209, 0.6766799017, 0.0443050033637
10, 1.0, 6, no_regularization, -0.0125226664837, 0.0016943489799, 7.39084251964, 0.00619539837558, 0.0126083910338, 0.491371052735
10, 1.0, 7, no_regularization, -0.0123105604118, 0.00274655392054, 4.48218413619, 0.00227979306728, 0.0370947367937, 0.0614586667636
10, 1.0, 8, no_regularization, -0.0120975387285, 0.00269832527747, 4.48335077667, 0.0058118237344, 0.00639521440816, 0.90877699534
10, 1.0, 9, no_regularization, -0.0119551273902, 0.00171659367369, 6.96444800738, 0.00497852031389, 0.0166676445944, 0.298693692783
10, 1.0, 10, no_regularization, -0.0121044250326, 0.00362730162727, 3.33703294527, 0.00621495533722, 0.00783809052259, 0.792917014585
10, 1.0, 6, regularization, -0.0124861987995, 0.00276363725827, 4.51803099779, 0.00592657613228, 0.00331560650812, 1.78747873663
10, 1.0, 7, regularization, -0.0122634778057, 0.0032679675216, 3.7526314826, 0.00581250971683, 0.00406180584136, 1.43101614008
10, 1.0, 8, regularization, -0.012136667101, 0.00336202452344, 3.60992818951, 0.00568806589834, 0.00354972058174, 1.60239820779
10, 1.0, 9, regularization, -0.0119249560573, 0.00328152821673, 3.6339641989, 0.00566589089871, 0.00324344734834, 1.74687309218
10, 1.0, 10, regularization, -0.0120502707005, 0.00359605352068, 3.35097089941, 0.00593109919324, 0.00352598874733, 1.68210950694
10, 3.0, 6, no_regularization, -0.0347621332438, 0.0032988435733, 10.537672512, 0.00416462243943, 0.0753710208891, 0.0552549559539
10, 3.0, 7, no_regularization, -0.0344286039336, 0.00416901815328, 8.25820437037, 0.00454186167858, 0.0718994381974, 0.0631696407155
10, 3.0, 8, no_regularization, -0.0345331876654, 0.0114414162632, 3.01826162698, 0.0120107585201, 0.0508294729562, 0.23629516148
10, 3.0, 9, no_regularization, -0.0344217687519, 0.00345832825286, 9.95329715257, 0.00467146199962, 0.070292509484, 0.0664574651541
10, 3.0, 10, no_regularization, -0.0349983606128, 0.0346747949901, 1.00933143578, 0.0113728685373, 0.0629288712741, 0.180725767157
10, 3.0, 6, regularization, -0.0347571152316, 0.00734293117646, 4.73341154864, 0.0171688483132, 0.00426963264321, 4.02115351552
10, 3.0, 7, regularization, -0.0344229211078, 0.00737492019429, 4.66756523473, 0.0169115429435, 0.00477879974702, 3.53886830141
10, 3.0, 8, regularization, -0.0345768460557, 0.00763644061013, 4.52787467631, 0.0176703857535, 0.00514000530988, 3.43781468855
10, 3.0, 9, regularization, -0.0345049297594, 0.00743447015716, 4.64120899404, 0.0174296351479, 0.00408031314252, 4.27164154786
10, 3.0, 10, regularization, -0.0350450094116, 0.00805840805754, 4.34887500873, 0.0175055491095, 0.00667241543809, 2.62357002077
16, 3.0, 6, no_regularization, -0.034737706276, 0.00175499932485, 19.7935724443, 0.00458243090701, 0.0725912272548, 0.0631265110166
16, 3.0, 7, no_regularization, -0.0343845428378, 0.00229194681891, 15.0023301388, 0.00292815699759, 0.075892831429, 0.0385827876291
16, 3.0, 8, no_regularization, -0.0345404943487, 0.0029334337022, 11.7747656348, 0.0107972326326, 0.0536830938551, 0.201129105221
16, 3.0, 9, no_regularization, -0.0343557259098, 0.00179754913413, 19.1125378759, 0.00456400673878, 0.0705371633992, 0.064703576368
16, 3.0, 10, no_regularization, -0.034882223198, 0.0041182501472, 8.47015648667, 0.0112211974918, 0.0521078149091, 0.21534576937
16, 3.0, 6, regularization, -0.0346947272178, 0.00265427669369, 13.0712548923, 0.016922820958, 0.00503697326699, 3.35972022502
16, 3.0, 7, regularization, -0.0343952124763, 0.00278587056125, 12.3463067361, 0.0171657232079, 0.00535498554304, 3.20555920645
16, 3.0, 8, regularization, -0.0345330284151, 0.00305110226915, 11.318213999, 0.0174976066606, 0.00608108291649, 2.87738333794
16, 3.0, 9, regularization, -0.0343109096505, 0.00263501779005, 13.0211301723, 0.0174016554617, 0.00617663704701, 2.81733495578
16, 3.0, 10, regularization, -0.0348461963663, 0.0036327717948, 9.59217873694, 0.0173229223685, 0.00613135548256, 2.82530060731
20, 3.0, 6, no_regularization, -0.0347571123372, 0.00134606146286, 25.8213412211, 0.00377886467195, 0.0751539809225, 0.0502816301355
20, 3.0, 7, no_regularization, -0.0344056418671, 0.00174131493432, 19.7584257672, 0.00130947557297, 0.0823930779134, 0.015893028955
20, 3.0, 8, no_regularization, -0.0345652149052, 0.00222243321477, 15.5528700145, 0.0111808261148, 0.0548169852946, 0.203966454096
20, 3.0, 9, no_regularization, -0.0344140025093, 0.00137942718734, 24.9480384504, 0.0040235916017, 0.0710398207494, 0.0566385382065
20, 3.0, 10, no_regularization, -0.0349294688114, 0.00292428984166, 11.9445987582, 0.0100903240665, 0.0579848021626, 0.174016702484
20, 3.0, 6, regularization, -0.034742108774, 0.00134383163342, 25.8530219932, 0.0170442325468, 0.0041085414666, 4.1484874098
20, 3.0, 7, regularization, -0.0343872659282, 0.00157316163282, 21.8586985665, 0.017144572976, 0.00385619910003, 4.44597712185
20, 3.0, 8, regularization, -0.0345709104001, 0.00189324447447, 18.260140656, 0.017331856143, 0.004451042622, 3.89388680697
20, 3.0, 9, regularization, -0.0344064201002, 0.00126850445892, 27.1236099, 0.017190170217, 0.00340266244487, 5.05197635544
20, 3.0, 10, regularization, -0.0349195661863, 0.0022221640207, 15.7142163499, 0.0177841183443, 0.00486264124468, 3.65729599397
12, 5.0, 6, no_regularization, -0.0387221083755, 0.204903988141, 0.188976840943, 0.00504568985521, 0.204542471832, 0.0246681767851
12, 5.0, 7, no_regularization, -0.0490412651739, 0.130723788419, 0.375151804938, 0.00784057721499, 0.145333511867, 0.0539488595183
12, 5.0, 8, no_regularization, -0.0377351346578, 0.251856330662, 0.149828017261, 0.0190634972918, 0.238141951363, 0.0800509829651
12, 5.0, 9, no_regularization, -0.0570435807638, 0.0161617793883, 3.52953591268, 0.0187095093448, 0.0675116914817, 0.27712991534
12, 5.0, 10, no_regularization, -0.0499715155471, 0.150352410341, 0.332362583572, 0.00609232976833, 0.166054012171, 0.0366888441218
12, 5.0, 6, regularization, -0.0379243373621, 0.154443207403, 0.245555230299, 0.00182272430664, 0.16951031847, 0.0107528811407
12, 5.0, 7, regularization, -0.041160387619, 0.141020515334, 0.291875175192, 0.00493881575519, 0.14549542349, 0.0339448185843
12, 5.0, 8, regularization, -0.0455927405302, 0.187000602568, 0.243810661056, 0.0157821387935, 0.213804627592, 0.0738157025469
12, 5.0, 9, regularization, -0.0568109035468, 0.00945782409498, 6.00676254667, 0.0294807049054, 0.00631734188861, 4.66663122327
12, 5.0, 10, regularization, -0.0497545253508, 0.0766177137712, 0.649386713618, 0.0190200122651, 0.0899446213289, 0.211463587084
16, 7.0, 6, no_regularization, -0.0488269201052, 0.202053450899, 0.241653482719, 0.024962254489, 0.232265532799, 0.107472917691
16, 7.0, 7, no_regularization, 0.0243923928144, 0.493026836767, 0.0494747770209, 0.00301310149955, 0.555797705584, 0.00542121975186
16, 7.0, 8, no_regularization, 0.0153083461001, 0.375231740528, 0.0407970447237, -0.00911663113285, 0.516068731212, 0.0176655367425
16, 7.0, 9, no_regularization, -0.0278204651429, 0.312221425012, 0.0891049201438, 0.0225452424323, 0.346112786818, 0.0651384268103
16, 7.0, 10, no_regularization, 0.013626335296, 0.450131701211, 0.0302718854489, 0.0099239525493, 0.510140384829, 0.0194533756676
16, 7.0, 6, regularization, -0.0801960217148, 0.294820315216, 0.272016606644, 0.022109078976, 0.223289245053, 0.0990154226674
16, 7.0, 7, regularization, 0.00804998567236, 0.342095848661, 0.0235313749169, 0.0107684894186, 0.361847814769, 0.02975971936
16, 7.0, 8, regularization, 0.0279485761621, 0.327605201613, 0.0853117594728, 0.0715228125275, 0.458681519047, 0.15593131521
16, 7.0, 9, regularization, -0.0279201852463, 0.191204727295, 0.146022463154, -0.00476296659839, 0.263009957658, 0.0181094535006
16, 7.0, 10, regularization, -0.00471529999077, 0.362353058991, 0.0130129989903, -0.135715410023, 0.62589367758, 0.216834607672
20, 1.0, 6, no_regularization, -0.0125231653343, 0.000710425124012, 17.6277061593, 0.00647994133837, 0.00601256438969, 1.07773337937
20, 1.0, 7, no_regularization, -0.0123028037788, 0.00110653722952, 11.118291776, 0.00216070027364, 0.0385789438574, 0.0560072427495
20, 1.0, 8, no_regularization, -0.0120910607519, 0.000997020697355, 12.1271913251, 0.00581906369048, 0.00523360915002, 1.11186439867
20, 1.0, 9, no_regularization, -0.0119528746952, 0.000687792204063, 17.3786132274, 0.00541544660319, 0.00632003079588, 0.856870287202
20, 1.0, 10, no_regularization, -0.0120719335579, 0.00130613761102, 9.24246683962, 0.00599677454515, 0.00631949141678, 0.948933094398
20, 1.0, 6, regularization, -0.0125111459908, 0.000591133829856, 21.164659099, 0.00588162301447, 0.00245162745444, 2.39906883234
20, 1.0, 7, regularization, -0.0123088172145, 0.000869339719409, 14.1588114976, 0.00602972675803, 0.00279417810356, 2.15796077936
20, 1.0, 8, regularization, -0.0120769454544, 0.000894279951568, 13.5046586175, 0.00574415652539, 0.00255920463607, 2.2445084869
20, 1.0, 9, regularization, -0.0119662727633, 0.000674898959682, 17.7304655632, 0.00554599396577, 0.00229158435198, 2.42015702411
20, 1.0, 10, regularization, -0.0120857006206, 0.00106999593791, 11.2950901891, 0.00598052061817, 0.00263202098935, 2.27221615723
14, 0.5, 6, no_regularization, -0.00637381898324, 0.000768490892448, 8.293942122, 0.00279262091492, 0.00327312057266, 0.853198302024
14, 0.5, 7, no_regularization, -0.00615160995427, 0.00117559052691, 5.23278285546, 0.00269257594004, 0.00658187574206, 0.409089451937
14, 0.5, 8, no_regularization, -0.00633352808031, 0.000969676129574, 6.5315912057, 0.00289753110566, 0.00375841707046, 0.770944536313
14, 0.5, 9, no_regularization, -0.00604951254112, 0.000789868174303, 7.65888883479, 0.00282083613439, 0.00361127319965, 0.781119560454
14, 0.5, 10, no_regularization, -0.00618824815116, 0.00138721671532, 4.46090944753, 0.00320302251119, 0.00548290742992, 0.584183218872
14, 0.5, 6, regularization, -0.0064299566201, 0.00250819211277, 2.5635821863, 0.00284804129689, 0.00293803871396, 0.969368199051
14, 0.5, 7, regularization, -0.00605407682331, 0.00255820202839, 2.36653585453, 0.0027422896003, 0.00355692952302, 0.770971025025
14, 0.5, 8, regularization, -0.00639474706789, 0.00249634991543, 2.56163890662, 0.00315627950216, 0.00303237810975, 1.04085947989
14, 0.5, 9, regularization, -0.00593107733216, 0.00254416660722, 2.3312456485, 0.00276980151322, 0.00326034206837, 0.849543224342
14, 0.5, 10, regularization, -0.00630464003, 0.00260949793083, 2.41603565019, 0.00308336826011, 0.00333562389469, 0.924375276547
16, 0.5, 6, no_regularization, -0.00634792619206, 0.000681962946384, 9.30831539413, 0.00281517099635, 0.00301457022037, 0.933854841838
16, 0.5, 7, no_regularization, -0.0061504477721, 0.000966096245409, 6.36628886752, 0.0025188637986, 0.00658894998089, 0.382286070755
16, 0.5, 8, no_regularization, -0.00631152478774, 0.000792279577172, 7.96628484387, 0.00291583160165, 0.00308230057383, 0.945991973139
16, 0.5, 9, no_regularization, -0.00604277276486, 0.000652331086007, 9.26335245167, 0.00279916366018, 0.00311368090685, 0.898988606707
16, 0.5, 10, no_regularization, -0.00615217994152, 0.00115383849481, 5.33192467507, 0.00321151374168, 0.00528525395351, 0.607636599855
16, 0.5, 6, regularization, -0.0063048411752, 0.00189936362421, 3.31944925914, 0.00285950534159, 0.00251325002661, 1.13777193328
16, 0.5, 7, regularization, -0.00612626971155, 0.00187410393839, 3.26890605481, 0.00263591116993, 0.00311548402479, 0.846067946091
16, 0.5, 8, regularization, -0.00628019345384, 0.00192503320426, 3.26238188513, 0.00303746651043, 0.0026260259194, 1.15667803885
16, 0.5, 9, regularization, -0.00599643907907, 0.00186390004054, 3.21714627858, 0.00281014440195, 0.00299249252524, 0.939064802416
16, 0.5, 10, regularization, -0.00620202091213, 0.00201591409716, 3.07653035457, 0.00299032479944, 0.00300825676678, 0.994039083519
20, 9.0, 6, no_regularization, 0.0113711010971, 0.335433873641, 0.0338996803563, 0.0611473345704, 0.486234201518, 0.125756959053
20, 9.0, 7, no_regularization, 0.0220178981507, 0.475430946335, 0.0463114534728, -0.121921866484, 0.563569927994, 0.216338488673
20, 9.0, 8, no_regularization, -0.0281390253822, 0.326917764236, 0.0860737116809, -0.0109716421038, 0.417358098936, 0.0262883172312
20, 9.0, 9, no_regularization, -0.0954965776533, 0.239562272694, 0.398629452708, -0.00879231378048, 0.298014963791, 0.0295029271974
20, 9.0, 10, no_regularization, -0.0233912807371, 0.439299296979, 0.053246797566, -0.0159070607431, 0.703558691632, 0.02260942965
20, 9.0, 6, regularization, -0.00365391038285, 0.246109093796, 0.0148467101581, 0.071921280475, 0.450414922271, 0.159677836854
20, 9.0, 7, regularization, -0.0213081171591, 0.270553524733, 0.0787574923673, -0.0041335222245, 0.317017280176, 0.0130387915202
20, 9.0, 8, regularization, -0.05583131335, 0.21417549442, 0.260680212277, -0.00186542438362, 0.337556511515, 0.00552625803381
20, 9.0, 9, regularization, 0.0117597576903, 0.470924997586, 0.0249716149081, 0.0157369586041, 0.572238436623, 0.0275007018
20, 9.0, 10, regularization, -0.0219028830177, 0.336891467383, 0.0650146564643, -0.00727523613628, 0.696685707135, 0.0104426372779
22, 1.0, 6, no_regularization, -0.0125267391579, 0.000677513671797, 18.4892787841, 0.00651585294692, 0.00593303293008, 1.09823306624
22, 1.0, 7, no_regularization, -0.0123175739798, 0.000934863353538, 13.1758015043, 0.00309568110269, 0.0326267002891, 0.0948818322192
22, 1.0, 8, no_regularization, -0.0120993746857, 0.000920663437497, 13.1420171508, 0.00579892569145, 0.00495029750894, 1.17142973346
22, 1.0, 9, no_regularization, -0.011952974098, 0.00064482583887, 18.5367480294, 0.00549810371705, 0.00603448175983, 0.911114481056
22, 1.0, 10, no_regularization, -0.0120759626022, 0.00116243562928, 10.388500058, 0.00610424030392, 0.00640774760581, 0.952634323235
22, 1.0, 6, regularization, -0.0125123857309, 0.00089648512721, 13.9571593004, 0.00607922318392, 0.00223528381852, 2.71966500788
22, 1.0, 7, regularization, -0.0123125737462, 0.000979682810051, 12.5679185343, 0.00591515122883, 0.00306508395731, 1.92984965868
22, 1.0, 8, regularization, -0.012097558543, 0.000966545894387, 12.5162794785, 0.00568953502338, 0.00250615234193, 2.27022712394
22, 1.0, 9, regularization, -0.0119804553324, 0.000774408199937, 15.4704654901, 0.00591737692795, 0.00244090410082, 2.42425621144
22, 1.0, 10, regularization, -0.0120658852048, 0.00103491842558, 11.658778998, 0.00596605869587, 0.00258069559878, 2.31180256156
16, 11.0, 6, no_regularization, -0.0243646795779, 0.343136322198, 0.0710058306326, -0.0271260580017, 0.518986299229, 0.052267387486
16, 11.0, 7, no_regularization, -0.0209718944978, 0.397160006475, 0.0528046483934, -0.00655938074714, 0.444320314136, 0.014762729811
16, 11.0, 8, no_regularization, 0.00085057669081, 0.365091090211, 0.00232976567661, -0.0189351883874, 0.555924202343, 0.0340607376106
16, 11.0, 9, no_regularization, 0.0309406260137, 0.387946856245, 0.07975480537, 0.0176381739654, 0.523385462512, 0.0337001602619
16, 11.0, 10, no_regularization, -0.0113377517306, 0.538579218882, 0.0210512239112, 0.0275987606678, 0.585686730875, 0.0471220521362
16, 11.0, 6, regularization, -0.0246855867877, 0.234957028342, 0.105064262014, -0.0230239995638, 0.519971329252, 0.0442793636274
16, 11.0, 7, regularization, -0.0557885787458, 0.432970229693, 0.128850842206, 7.2896201618e-05, 0.44680845104, 0.000163148663478
16, 11.0, 8, regularization, 0.00548208870302, 0.254598390746, 0.0215322991122, -0.0552583178983, 0.569466949585, 0.0970351623365
16, 11.0, 9, regularization, -0.00806776396325, 0.230170185785, 0.0350512988281, 0.0563186235538, 0.522832718963, 0.107718246221
16, 11.0, 10, regularization, -0.0285352444569, 0.417625447532, 0.0683273603789, 0.0280864630568, 0.513888849455, 0.0546547431153
20, 0.5, 6, no_regularization, -0.00636315944043, 0.000513370019457, 12.3948793254, 0.00283288164424, 0.0027474711771, 1.03108693836
20, 0.5, 7, no_regularization, -0.00614250032877, 0.000744936280513, 8.24567213257, 0.00275019476898, 0.00579121673789, 0.474890665201
20, 0.5, 8, no_regularization, -0.00632374021155, 0.000609478573547, 10.3756563168, 0.00292053292074, 0.00320629143799, 0.910875688383
20, 0.5, 9, no_regularization, -0.00604802661078, 0.000551472357587, 10.9670530673, 0.00280747596282, 0.00314971319691, 0.891343365985
20, 0.5, 10, no_regularization, -0.00616843086183, 0.000839646719293, 7.34645979089, 0.00318645718045, 0.00469813118661, 0.678239294282
20, 0.5, 6, regularization, -0.00639081797307, 0.0006973864487, 9.16395491335, 0.00290101077358, 0.00203618616907, 1.42472766864
20, 0.5, 7, regularization, -0.00611222177931, 0.000870783782441, 7.01921866548, 0.00272047901978, 0.00211652843597, 1.28534961947
20, 0.5, 8, regularization, -0.00634494744913, 0.000825668515109, 7.68461838259, 0.00308349283293, 0.00224182602791, 1.37543805565
20, 0.5, 9, regularization, -0.00601443025966, 0.000961272826463, 6.25673595891, 0.00276676791622, 0.00206518872659, 1.33971674385
20, 0.5, 10, regularization, -0.00618094418407, 0.000935725439592, 6.60551046551, 0.00299770897958, 0.00203991278896, 1.46952800914
18, 7.0, 6, no_regularization, -0.0544779456181, 0.185223379483, 0.29412024427, 0.019534108511, 0.203011812709, 0.096221536325
18, 7.0, 7, no_regularization, -0.021635482585, 0.47611403774, 0.0454418077815, -0.0147486646073, 0.586737643092, 0.0251367281118
18, 7.0, 8, no_regularization, 0.0135376265269, 0.390253994774, 0.0346892708548, 0.0093370925253, 0.638567749873, 0.0146219293523
18, 7.0, 9, no_regularization, -0.0196356149718, 0.627938318661, 0.0312699741173, -0.04275280253, 0.566201429711, 0.0755081147568
18, 7.0, 10, no_regularization, -0.021403519029, 0.415224317221, 0.0515468823508, -0.0262959799955, 0.422387600767, 0.0622555679848
18, 7.0, 6, regularization, -0.0484148475098, 0.165500596257, 0.292535789023, 0.00659338619019, 0.194989029087, 0.0338141392933
18, 7.0, 7, regularization, -0.0115841971727, 0.524871281187, 0.0220705487001, -0.104279349442, 0.558583874689, 0.186685212672
18, 7.0, 8, regularization, -0.0513198955827, 0.229210051645, 0.223898974824, 0.0228235400048, 0.325376020897, 0.0701451199194
18, 7.0, 9, regularization, -0.0178180597929, 0.251341513137, 0.0708918298872, -0.00858275458804, 0.484663561363, 0.0177086855135
18, 7.0, 10, regularization, 0.0403317995992, 0.25576950805, 0.157688068084, -0.0119832481936, 0.355359444431, 0.0337214850524
12, 11.0, 6, no_regularization, 0.0115296383144, 0.374530166576, 0.0307842714509, -0.0391448744278, 0.68591013262, 0.0570699754475
12, 11.0, 7, no_regularization, -0.056946455816, 0.468521720021, 0.121544964476, -0.080222355595, 0.777888403001, 0.103128360425
12, 11.0, 8, no_regularization, -0.037446956491, 0.455630976819, 0.082187029408, -0.0691993223913, 0.578203945496, 0.11967978242
12, 11.0, 9, no_regularization, 0.0368117851908, 0.464564104465, 0.0792394092376, -0.0563708448401, 0.707823101608, 0.0796397358492
12, 11.0, 10, no_regularization, -0.0339363561228, 0.486634919869, 0.0697367877586, 0.0375572108015, 0.66449149359, 0.05652022812
12, 11.0, 6, regularization, 0.0306767806059, 0.303985408536, 0.100915306276, -0.0118451415576, 0.686932796211, 0.0172435231262
12, 11.0, 7, regularization, 0.0241741096701, 0.278995838795, 0.0866468466857, 0.0471138774484, 0.733861055011, 0.0641999968887
12, 11.0, 8, regularization, -0.0493704903078, 0.376097188656, 0.131270564623, -0.108082653834, 0.700008445458, 0.154401928342
12, 11.0, 9, regularization, 0.0435467406778, 0.411538255009, 0.105814563161, -0.0634047304137, 0.676887956731, 0.0936709388654
12, 11.0, 10, regularization, -0.0318018350642, 0.405082888667, 0.0785069820373, -0.123378976295, 0.947811862021, 0.1301724332
18, 3.0, 6, no_regularization, -0.0347481513556, 0.0015134059196, 22.960232219, 0.00405247282855, 0.0734696547826, 0.0551584574685
18, 3.0, 7, no_regularization, -0.0344153383409, 0.00198195053143, 17.3643780686, 0.00202694662458, 0.0795326483481, 0.0254857177107
18, 3.0, 8, no_regularization, -0.0345491436773, 0.0025192179448, 13.7142337163, 0.00997209710522, 0.0565502218545, 0.176340547892
18, 3.0, 9, no_regularization, -0.0343749723724, 0.00157569615619, 21.8157366428, 0.00302657370054, 0.075017221696, 0.040345051871
18, 3.0, 10, no_regularization, -0.0349259015069, 0.00331033446964, 10.5505657592, 0.0117377492148, 0.0515284592943, 0.227791581109
18, 3.0, 6, regularization, -0.0347281645863, 0.00214752156759, 16.1712762798, 0.0170484066303, 0.0043610751542, 3.9092210126
18, 3.0, 7, regularization, -0.034411349038, 0.00243465619501, 14.1339664748, 0.0172271718803, 0.00425665894803, 4.04711114764
18, 3.0, 8, regularization, -0.0345301120243, 0.00256908429711, 13.4406302133, 0.0175934262979, 0.00489085176052, 3.59721111155
18, 3.0, 9, regularization, -0.0344055935505, 0.00224356181551, 15.3352554463, 0.0171849091469, 0.0048075333777, 3.574579269
18, 3.0, 10, regularization, -0.0349482709853, 0.0030275704006, 11.5433388364, 0.0176363006394, 0.00544319932329, 3.24006151381
18, 0.5, 6, no_regularization, -0.00635101652151, 0.000592818645347, 10.7132536592, 0.0028099839228, 0.00291268874704, 0.964738826163
18, 0.5, 7, no_regularization, -0.00616735128005, 0.000819883093107, 7.52223253766, 0.00266661015633, 0.00617327706652, 0.431960225921
18, 0.5, 8, no_regularization, -0.00631551058698, 0.000704618478537, 8.96302152065, 0.00291793341955, 0.00327062416699, 0.892164085681
18, 0.5, 9, no_regularization, -0.00604715023455, 0.000591923770872, 10.2160962815, 0.00280808794995, 0.0033055456858, 0.849508134774
18, 0.5, 10, no_regularization, -0.00615623908405, 0.000986745710636, 6.23893168999, 0.00329619718894, 0.0050752399367, 0.649466277468
18, 0.5, 6, regularization, -0.00633251348925, 0.00124832200911, 5.0728205087, 0.00283935542399, 0.00223895698504, 1.26815988112
18, 0.5, 7, regularization, -0.00617474879924, 0.00134245413358, 4.59959759129, 0.00275758233579, 0.00266067698585, 1.03642131324
18, 0.5, 8, regularization, -0.0062954371997, 0.00127834209167, 4.92468897074, 0.00307724845901, 0.0022022086291, 1.39734647224
18, 0.5, 9, regularization, -0.00603791734778, 0.00140933612271, 4.28422804927, 0.00274361791355, 0.00237477401587, 1.15531747241
18, 0.5, 10, regularization, -0.00615873164353, 0.00143115773997, 4.30332134016, 0.00306474311512, 0.00241720538286, 1.26788693127
22, 3.0, 6, no_regularization, -0.0347567750485, 0.00121460854674, 28.6156187044, 0.00274026830305, 0.0766156160074, 0.0357664461353
22, 3.0, 7, no_regularization, -0.0344274433519, 0.00150638632496, 22.8543254684, 0.00259533162263, 0.0773806089223, 0.0335398190681
22, 3.0, 8, no_regularization, -0.0345789874481, 0.00201864406781, 17.1298090632, 0.00887976050281, 0.0614257549181, 0.144560868884
22, 3.0, 9, no_regularization, -0.0344175869302, 0.0012466978361, 27.6069998147, 0.0040926625687, 0.072579780906, 0.0563884668377
22, 3.0, 10, no_regularization, -0.0349320510617, 0.00261695846909, 13.3483398664, 0.0113413548274, 0.0535855693523, 0.211649422868
22, 3.0, 6, regularization, -0.0347465234024, 0.00118778681544, 29.253164752, 0.0170424967271, 0.00385028587638, 4.42629385823
22, 3.0, 7, regularization, -0.0343922757231, 0.00131635495247, 26.1269011512, 0.0168287343679, 0.00367398981852, 4.58050653354
22, 3.0, 8, regularization, -0.0345779611135, 0.00175241733185, 19.7315790508, 0.0173252677844, 0.00462348343652, 3.74723258389
22, 3.0, 9, regularization, -0.0344103268098, 0.0011369385739, 30.2657747742, 0.0170334844555, 0.00372835725015, 4.56862991195
22, 3.0, 10, regularization, -0.034939178588, 0.00203466548388, 17.1719522766, 0.0174509040851, 0.00470748986064, 3.70705080662
22, 5.0, 6, no_regularization, -0.0324528062672, 0.186731783553, 0.173793693017, 0.00790205793594, 0.199901839164, 0.0395296910172
22, 5.0, 7, no_regularization, -0.0349129636133, 0.162291654271, 0.215124824317, 0.00634586658762, 0.164069746517, 0.0386778594002
22, 5.0, 8, no_regularization, -0.0474298400932, 0.208299702659, 0.227699989428, 0.0145997976115, 0.212969725344, 0.0685533945632
22, 5.0, 9, no_regularization, -0.0564806462721, 0.00197130881954, 28.6513435705, 0.0183632800402, 0.0710901951122, 0.258309602488
22, 5.0, 10, no_regularization, -0.0570111401473, 0.0553550378212, 1.02991782485, 0.0146409033638, 0.121298453851, 0.120701483812
22, 5.0, 6, regularization, -0.0302539770071, 0.147524276807, 0.205077955046, 0.00830652409168, 0.160232406073, 0.0518404753149
22, 5.0, 7, regularization, -0.0452647127214, 0.0716349288155, 0.631880473253, 0.0107808124512, 0.127100460139, 0.0848211913587
22, 5.0, 8, regularization, -0.042344810245, 0.145135913516, 0.291759697647, 0.0168254215694, 0.186288801592, 0.0903190177057
22, 5.0, 9, regularization, -0.0564438889787, 0.00169118475014, 33.3753535645, 0.0290827639601, 0.00513951386427, 5.65866047415
22, 5.0, 10, regularization, -0.0601629329515, 0.0335548819906, 1.79297107849, 0.0275929914299, 0.0626431035778, 0.440479316221
20, 7.0, 6, no_regularization, -0.0551529508221, 0.299717542119, 0.184016425706, 0.00895352371885, 0.261543270476, 0.034233431824
20, 7.0, 7, no_regularization, -0.0223207410915, 0.551306327141, 0.0404870033095, -0.0414619317275, 0.551795649748, 0.0751400119708
20, 7.0, 8, no_regularization, -0.0152237440911, 0.282634231861, 0.0538637658674, -0.014435295477, 0.327432330879, 0.044086347363
20, 7.0, 9, no_regularization, -0.0336310789695, 0.298622321146, 0.112620780792, 0.0244250245382, 0.311676184097, 0.07836666959
20, 7.0, 10, no_regularization, 0.00909329657473, 0.309938926423, 0.0293389948777, -0.0235334963928, 0.377128356165, 0.0624018215764
20, 7.0, 6, regularization, -0.0404127111963, 0.168929015369, 0.239228951332, 0.0394370993617, 0.334111863419, 0.118035615252
20, 7.0, 7, regularization, -0.0156830888066, 0.490610142508, 0.0319664993603, -0.0960019814613, 0.508800071702, 0.188683113075
20, 7.0, 8, regularization, -0.0142480679478, 0.245697523367, 0.0579902790737, 0.00580270355538, 0.354555029226, 0.0163661577952
20, 7.0, 9, regularization, -0.0357240355102, 0.254369096018, 0.140441728455, 0.00912111630791, 0.283937289438, 0.0321237000113
20, 7.0, 10, regularization, 0.0188400786073, 0.226364472364, 0.083228955545, -0.0206080470789, 0.308754826465, 0.0667456678003
12, 7.0, 6, no_regularization, -0.0520989505271, 0.302218347771, 0.17238844336, 0.00943959952924, 0.303820456947, 0.0310696640513
12, 7.0, 7, no_regularization, 0.0443422237525, 0.771641678449, 0.0574647857819, 0.00904435522898, 0.517453499162, 0.0174785855031
12, 7.0, 8, no_regularization, -0.0583648217358, 0.247397218659, 0.235915432082, 0.0306426540317, 0.270047920532, 0.113471171973
12, 7.0, 9, no_regularization, 0.0107558997289, 0.405176549704, 0.0265462049489, 0.00679813979699, 0.502242902742, 0.0135355616971
12, 7.0, 10, no_regularization, 0.00730084677039, 0.338970689837, 0.0215382833657, 0.0460716875015, 0.445821745172, 0.103341050544
12, 7.0, 6, regularization, -0.0146963013932, 0.193406266407, 0.0759866868135, 0.0270490854993, 0.206090212754, 0.131248763043
12, 7.0, 7, regularization, 0.00621148626768, 0.574799064378, 0.0108063611314, 0.0181142084312, 0.46942974094, 0.0385876881063
12, 7.0, 8, regularization, -0.0153738337823, 0.252959465671, 0.0607758786234, 0.00662617557646, 0.381840395964, 0.0173532597559
12, 7.0, 9, regularization, 0.0133303563715, 0.361264324035, 0.036899177374, 0.0138802230929, 0.539720705383, 0.0257174182025
12, 7.0, 10, regularization, -0.0020101396413, 0.249301286894, 0.00806309372225, 0.0298317691477, 0.351422136954, 0.0848887022494
22, 11.0, 6, no_regularization, 0.0372330050102, 0.390195566712, 0.0954213942612, 0.00895440351524, 0.689733249834, 0.0129824153285
22, 11.0, 7, no_regularization, -0.144275269438, 0.497483954278, 0.290009895189, 0.00161798201018, 0.803753175021, 0.00201303342925
22, 11.0, 8, no_regularization, -0.033778524862, 0.354239747595, 0.0953549823003, -0.0942727078067, 0.861371862437, 0.109444842486
22, 11.0, 9, no_regularization, 0.0684452561008, 0.367989408397, 0.185997897056, -0.0914042523245, 0.56245228572, 0.16251023357
22, 11.0, 10, no_regularization, -0.0263878850793, 0.509880671895, 0.0517530601449, 0.0136942494843, 0.585577735538, 0.0233858780025
22, 11.0, 6, regularization, 0.027547336856, 0.292191103948, 0.0942784926844, 0.0133440368402, 0.488876737103, 0.0272952992595
22, 11.0, 7, regularization, 0.0276519891985, 0.269191166071, 0.102722498669, 0.0406958609128, 0.545584609243, 0.0745912920259
22, 11.0, 8, regularization, -0.0138822524147, 0.266500820006, 0.0520908431516, -0.0268812446711, 0.552581561328, 0.048646655177
22, 11.0, 9, regularization, -0.0326435883245, 0.288746950573, 0.113052582061, 0.0334788645043, 0.385730637761, 0.086793376587
22, 11.0, 10, regularization, -0.00975188743111, 0.311903841095, 0.0312656855936, 0.0262544477688, 0.396139102916, 0.0662758298173
10, 11.0, 6, no_regularization, -0.0166228324005, 0.316126723866, 0.0525828129845, -0.0101354476936, 0.648220705605, 0.0156357975084
10, 11.0, 7, no_regularization, -0.148670917959, 0.677750136765, 0.219359480573, -0.00200622380433, 0.577250541801, 0.00347548189053
10, 11.0, 8, no_regularization, 0.00286558610209, 0.373813694352, 0.00766581360017, -0.0741604775882, 0.686046995596, 0.108098247007
10, 11.0, 9, no_regularization, 0.0448928307272, 0.473562567102, 0.0947980981731, -0.00942488855108, 0.782490469794, 0.0120447327027
10, 11.0, 10, no_regularization, 0.0161267866535, 0.457380176033, 0.0352590415993, 0.020220875045, 0.667535673955, 0.0302918268401
10, 11.0, 6, regularization, 0.0278746120926, 0.323305578281, 0.0862175414381, 0.0414998583496, 0.554180875844, 0.0748850423364
10, 11.0, 7, regularization, -0.0328141076445, 0.485962693372, 0.0675239233218, -0.00378225438542, 0.556665404504, 0.00679448436138
10, 11.0, 8, regularization, -0.0303238099422, 0.297574061238, 0.101903404538, 0.0414521635998, 0.607144613342, 0.0682739543248
10, 11.0, 9, regularization, -0.0335093224385, 0.379378097065, 0.0883269822315, 0.0797274827539, 0.516355693136, 0.154404190394
10, 11.0, 10, regularization, 0.0183496165976, 0.395983316123, 0.0463393679746, 0.0196475270824, 0.644401717739, 0.0304895634843
22, 7.0, 6, no_regularization, -0.0882025167177, 0.286502217067, 0.307859805138, -0.0136700293741, 0.329830281136, 0.0414456469157
22, 7.0, 7, no_regularization, -0.00687116268146, 0.498616171229, 0.0137804649707, -0.0275044263155, 0.515182587979, 0.0533877249683
22, 7.0, 8, no_regularization, 0.0475300584243, 0.491984320276, 0.0966088886686, 0.0107561443289, 0.609438514335, 0.0176492690827
22, 7.0, 9, no_regularization, -0.044984198434, 0.343991747672, 0.130771155815, 0.0234090372911, 0.579665637811, 0.0403836897759
22, 7.0, 10, no_regularization, 0.0533542048541, 0.485615807072, 0.109869168337, -0.0132563157306, 0.471949669514, 0.0280884098177
22, 7.0, 6, regularization, -0.0463954713662, 0.265962629564, 0.174443572927, 0.00636727088203, 0.305443811241, 0.0208459646184
22, 7.0, 7, regularization, 0.00445495168788, 0.403024024532, 0.0110538117251, -0.00810378688345, 0.458007500355, 0.0176935680686
22, 7.0, 8, regularization, 0.0526123447973, 0.412462109876, 0.127556795006, 0.0241199076798, 0.549434247417, 0.0438995344634
22, 7.0, 9, regularization, -0.0397360652799, 0.234036955898, 0.169785430371, 0.0210860954303, 0.584806518853, 0.0360565328028
22, 7.0, 10, regularization, 0.011393365521, 0.242950762454, 0.0468957800579, -0.0230137988289, 0.29758592603, 0.0773349705611
20, 5.0, 6, no_regularization, -0.0399461540809, 0.194392557593, 0.205492198753, 0.00511544761911, 0.206503329248, 0.0247717440573
20, 5.0, 7, no_regularization, -0.0485219802057, 0.102030604828, 0.475562996884, 0.0104485989028, 0.117476637881, 0.0889419299981
20, 5.0, 8, no_regularization, -0.062227949789, 0.13079840127, 0.475754666607, 0.0137519675553, 0.173471975316, 0.0792748657544
20, 5.0, 9, no_regularization, -0.0564579171415, 0.00210069105737, 26.8758782704, 0.0158620986221, 0.0774060220901, 0.204920730892
20, 5.0, 10, no_regularization, -0.0645880587952, 0.121247646417, 0.532695361138, 0.011097625055, 0.155259092593, 0.0714781007004
20, 5.0, 6, regularization, -0.0232288064517, 0.181806736939, 0.12776647798, 0.00396732781288, 0.183755390675, 0.0215902662682
20, 5.0, 7, regularization, -0.046229087554, 0.0618232479099, 0.747762194916, 0.0310901980723, 0.0859436143819, 0.361751112004
20, 5.0, 8, regularization, -0.0626890720556, 0.0886156720376, 0.707426469993, 0.0291325722119, 0.11475002709, 0.253878565005
20, 5.0, 9, regularization, -0.0564441244324, 0.00230178479066, 24.5218947755, 0.0294322426904, 0.00588329460413, 5.00268041477
20, 5.0, 10, regularization, -0.0536723313756, 0.0343032241697, 1.56464392706, 0.0241790044691, 0.0680820855294, 0.355144885488
22, 0.5, 6, no_regularization, -0.00636766141672, 0.000503332408616, 12.6510061894, 0.00283155349312, 0.00271925113922, 1.04129900041
22, 0.5, 7, no_regularization, -0.00614903903513, 0.000622801022629, 9.87319996548, 0.00258053402933, 0.00629665121134, 0.409826420858
22, 0.5, 8, no_regularization, -0.00633114372596, 0.000565730649875, 11.1910919576, 0.00292187571349, 0.00290118364656, 1.00713228442
22, 0.5, 9, no_regularization, -0.00604986590115, 0.000500775764312, 12.0809878039, 0.00280981218428, 0.00307577206413, 0.913530692683
22, 0.5, 10, no_regularization, -0.00616950942057, 0.000804700017691, 7.66684389827, 0.00318919481128, 0.00483601942571, 0.659466914943
22, 0.5, 6, regularization, -0.00637500082017, 0.00061619767387, 10.3457073769, 0.00285637670528, 0.00190212473606, 1.50167686226
22, 0.5, 7, regularization, -0.00612631474883, 0.000674761019054, 9.07923631601, 0.00255810298684, 0.00245191031771, 1.04331017671
22, 0.5, 8, regularization, -0.00633946039485, 0.000659517535144, 9.61226966235, 0.00298693751832, 0.00191540958876, 1.55942495842
22, 0.5, 9, regularization, -0.00603240142019, 0.000650461212551, 9.27403710443, 0.00276758867172, 0.00180613992455, 1.53232240432
22, 0.5, 10, regularization, -0.00617021027362, 0.000776814412721, 7.94296574906, 0.00291302277389, 0.0018471336999, 1.57705030992
12, 3.0, 6, no_regularization, -0.0347563508682, 0.00252052009248, 13.7893567966, 0.00289202648668, 0.0768480315801, 0.0376330587422
12, 3.0, 7, no_regularization, -0.034421326676, 0.00344307158391, 9.99727302703, 0.00340473341688, 0.0746066876746, 0.0456357670204
12, 3.0, 8, no_regularization, -0.0345520041152, 0.00995660899467, 3.47025821077, 0.0103164384841, 0.0554929715272, 0.185905317379
12, 3.0, 9, no_regularization, -0.0344075525003, 0.00271487930387, 12.6736950889, 0.00433744338953, 0.0720875865533, 0.0601690748285
12, 3.0, 10, no_regularization, -0.0349442075204, 0.0181012563591, 1.93048520099, 0.0117651728288, 0.0525333367777, 0.22395632089
12, 3.0, 6, regularization, -0.034718558742, 0.00265311952176, 13.0859384423, 0.0168550427482, 0.00457339405879, 3.68545603801
12, 3.0, 7, regularization, -0.0343977374265, 0.0031850388032, 10.7997859844, 0.0170668311776, 0.0049084714784, 3.4770154523
12, 3.0, 8, regularization, -0.0345530936025, 0.00364630158748, 9.47620287942, 0.0172240105156, 0.00544836818371, 3.16131544984
12, 3.0, 9, regularization, -0.0344100684129, 0.00288858941305, 11.9124124243, 0.0171639596146, 0.00455435246014, 3.76869374183
12, 3.0, 10, regularization, -0.0349844396752, 0.00430101556714, 8.13399512954, 0.0174232109262, 0.00633103609908, 2.75203152432
14, 9.0, 6, no_regularization, -0.00925099410738, 0.444957879239, 0.0207907187152, -0.00409247832353, 0.764503269675, 0.00535312075941
14, 9.0, 7, no_regularization, -0.00553723575309, 0.358236698154, 0.0154569193542, 0.0234810083911, 0.366003400313, 0.0641551645996
14, 9.0, 8, no_regularization, -0.0249694770799, 0.317112465269, 0.0787401310722, -0.0100442590135, 0.344902558552, 0.0291220194355
14, 9.0, 9, no_regularization, -0.0939254238368, 0.285819604051, 0.32861785023, 0.00392422180867, 0.310531503938, 0.0126371133328
14, 9.0, 10, no_regularization, 0.00799244357196, 0.425278645361, 0.0187934279305, -0.0842115183669, 0.967826032927, 0.0870110076624
14, 9.0, 6, regularization, -0.00525264509002, 0.355995250858, 0.0147548178729, -0.00577753888719, 0.701870743015, 0.00823162803792
14, 9.0, 7, regularization, -0.0135663735804, 0.297834163998, 0.0455500920322, 0.0284408873886, 0.457908770408, 0.0621103792428
14, 9.0, 8, regularization, -0.0271414645045, 0.274971983013, 0.0987062907541, -0.0787224295885, 0.423316866642, 0.185965728729
14, 9.0, 9, regularization, -0.0505707006993, 0.43505182874, 0.116240634698, 0.00456905746107, 0.657852143753, 0.00694541699751
14, 9.0, 10, regularization, 0.00282975842048, 0.31978495524, 0.00884894168444, 0.0239660529774, 0.816529084644, 0.0293511320395
14, 3.0, 6, no_regularization, -0.034767976897, 0.00210198004524, 16.5405837109, 0.00422005996487, 0.0729864502462, 0.0578197727199
14, 3.0, 7, no_regularization, -0.0344061244641, 0.00282124744031, 12.1953586816, 0.00328065839597, 0.0739347074412, 0.044372372726
14, 3.0, 8, no_regularization, -0.0345661206489, 0.00362088871001, 9.5463084942, 0.0117647573202, 0.0502593097745, 0.23408115577
14, 3.0, 9, no_regularization, -0.0344231843829, 0.00226205801213, 15.2176399537, 0.00558468090894, 0.0681981565679, 0.0818890302905
14, 3.0, 10, no_regularization, -0.0349683961813, 0.0195826973931, 1.78567821784, 0.0123523934778, 0.0530616434603, 0.232793269719
14, 3.0, 6, regularization, -0.0347958312594, 0.00170338501101, 20.4274612225, 0.0170961627648, 0.00564425592521, 3.02894889801
14, 3.0, 7, regularization, -0.034382158984, 0.00221561187203, 15.5181326739, 0.0167555922173, 0.00507242398632, 3.30327122939
14, 3.0, 8, regularization, -0.0345365399036, 0.00281308590817, 12.277101031, 0.016611322417, 0.00574530977095, 2.89128403502
14, 3.0, 9, regularization, -0.0343644145669, 0.00188454608301, 18.2348496949, 0.017293041277, 0.00553282559242, 3.12553522394
14, 3.0, 10, regularization, -0.0349664525284, 0.00361292969922, 9.67814362289, 0.0183867350777, 0.00668353648758, 2.75104880655
22, 9.0, 6, no_regularization, 0.0479067867581, 0.348788987823, 0.137351775517, 0.0326332998586, 0.836882657493, 0.0389938775363
22, 9.0, 7, no_regularization, 0.00628414104988, 0.366153736854, 0.0171625752174, -0.349727343221, 1.01085392658, 0.34597218651
22, 9.0, 8, no_regularization, -0.00439091014065, 0.460801094949, 0.00952886221143, -0.0601800318714, 0.434715206272, 0.138435534353
22, 9.0, 9, no_regularization, -0.0601043631812, 0.37001265283, 0.162438669925, 0.0289341680797, 1.03249246445, 0.0280236118674
22, 9.0, 10, no_regularization, -0.0198805433108, 0.364695597039, 0.0545127044916, 0.0463527859577, 0.669180243985, 0.0692680131763
22, 9.0, 6, regularization, 0.022264322235, 0.260751210729, 0.085385307216, -0.0208023345115, 0.866302845409, 0.0240127740798
22, 9.0, 7, regularization, -0.00118492536386, 0.286115712693, 0.00414142010135, -0.0495685020776, 0.727676736044, 0.0681188495143
22, 9.0, 8, regularization, 0.00758197568504, 0.322500887921, 0.0235099373956, -0.0718943554819, 0.478854183833, 0.150138304956
22, 9.0, 9, regularization, -0.0447401023024, 0.324465137547, 0.137888781028, -0.0162676534976, 0.840874022845, 0.0193461244557
22, 9.0, 10, regularization, -0.0380084346825, 0.268057672106, 0.141792004623, 0.0356137725049, 0.56849052055, 0.0626462029137
12, 0.5, 6, no_regularization, -0.00635782591402, 0.000913342946597, 6.96104999519, 0.00281793771827, 0.00341823236939, 0.824384481146
12, 0.5, 7, no_regularization, -0.00615791969755, 0.00142416032335, 4.32389499735, 0.00268390634186, 0.00678216077996, 0.395730273719
12, 0.5, 8, no_regularization, -0.00632572070686, 0.00115487872125, 5.47738960852, 0.00289780891405, 0.00363599217843, 0.796978863497
12, 0.5, 9, no_regularization, -0.00604648201218, 0.000934490192704, 6.47035363172, 0.0027767359949, 0.00456696950051, 0.608004059278
12, 0.5, 10, no_regularization, -0.00616824216203, 0.0017184883829, 3.58934178632, 0.00323872502101, 0.00561069488728, 0.577241337496
12, 0.5, 6, regularization, -0.00630531975379, 0.00341305042042, 1.84741476893, 0.0028200575218, 0.00336276970737, 0.83861155155
12, 0.5, 7, regularization, -0.00610025507357, 0.00341650704215, 1.78552392789, 0.00282358999884, 0.00399661308716, 0.706495709558
12, 0.5, 8, regularization, -0.00629026655361, 0.00342005131973, 1.83923162712, 0.00309218888747, 0.00349595153435, 0.884505650919
12, 0.5, 9, regularization, -0.00596679185939, 0.00345363660687, 1.72768375443, 0.0027541353599, 0.00361152198207, 0.762596870122
12, 0.5, 10, regularization, -0.00622741738397, 0.00350399476661, 1.77723364296, 0.00307254783902, 0.00387183030032, 0.793564696975
14, 11.0, 6, no_regularization, 0.027665663043, 0.362117584971, 0.0763996673765, -0.0574421067709, 0.57401044013, 0.100071536605
14, 11.0, 7, no_regularization, -0.0684919732421, 0.370519288669, 0.184854001766, 0.0164851743624, 0.571672640579, 0.0288367383572
14, 11.0, 8, no_regularization, -0.049013790212, 0.407481256651, 0.120284772396, -0.114629678399, 0.765959488755, 0.149655014504
14, 11.0, 9, no_regularization, 0.0572559259911, 0.414184920989, 0.138237591688, 0.00496247094949, 0.565335306642, 0.00877792504941
14, 11.0, 10, no_regularization, -0.00803647700345, 0.442368648612, 0.0181669226078, -0.149422542775, 1.09445659273, 0.136526696232
14, 11.0, 6, regularization, -0.0055749843754, 0.263618857042, 0.0211478967702, -0.0194291020037, 0.667068424346, 0.0291261005537
14, 11.0, 7, regularization, 0.0222373428511, 0.266717716643, 0.0833740747744, -0.0255565194962, 0.345052039644, 0.0740656960689
14, 11.0, 8, regularization, 0.00138973509788, 0.262784010429, 0.00528850707323, 0.00846179825477, 0.317021119088, 0.0266915916489
14, 11.0, 9, regularization, 0.0538996136737, 0.317777409308, 0.169614365575, 0.00308750909759, 0.530361543824, 0.00582151766761
14, 11.0, 10, regularization, -0.0286673167089, 0.312153729069, 0.0918371752095, -0.162936191541, 1.02648233837, 0.158732581605
18, 1.0, 6, no_regularization, -0.012521502467, 0.000795650406442, 15.7374424315, 0.00630712191465, 0.00653976075193, 0.964427011002
18, 1.0, 7, no_regularization, -0.0123162811567, 0.00124302824809, 9.90828742273, -0.0016056444838, 0.0535313707319, 0.0299944586108
18, 1.0, 8, no_regularization, -0.0120944047438, 0.00117544749121, 10.2891918475, 0.00576511916337, 0.00555023229241, 1.03871673466
18, 1.0, 9, no_regularization, -0.0119265194539, 0.000773250054725, 15.4238843968, 0.00600774683446, 0.00449829399697, 1.33556117908
18, 1.0, 10, no_regularization, -0.0120745909125, 0.0015441624014, 7.81950842836, 0.00617958340404, 0.00673790236655, 0.917137570102
18, 1.0, 6, regularization, -0.0124816696676, 0.00100139600682, 12.4642694625, 0.00568257337134, 0.00284485178883, 1.99749364577
18, 1.0, 7, regularization, -0.0123194835288, 0.00123836801792, 9.94816028077, 0.0060438265468, 0.0025277552589, 2.39098564844
18, 1.0, 8, regularization, -0.012081139408, 0.00121904579839, 9.91032447184, 0.00567914741555, 0.00253749869288, 2.23808880434
18, 1.0, 9, regularization, -0.0119531463463, 0.00104222678322, 11.4688535535, 0.00588134507245, 0.0020606245626, 2.85415654029
18, 1.0, 10, regularization, -0.0120878257673, 0.0013699648374, 8.82345695106, 0.00588125644191, 0.00251104678275, 2.34215327341
10, 9.0, 6, no_regularization, -0.0156495366608, 0.321788546777, 0.0486329821791, -0.208404038709, 0.399591170262, 0.52154315265
10, 9.0, 7, no_regularization, -0.0177937185776, 0.402374706851, 0.0442217621404, 0.0156009840585, 0.422021535213, 0.0369672700484
10, 9.0, 8, no_regularization, -0.0178961616845, 0.398248221187, 0.0449372043173, -0.101419814905, 0.461190164614, 0.21990888507
10, 9.0, 9, no_regularization, -0.0320033589039, 0.508259658272, 0.0629665533808, 0.0157065675868, 0.862122510727, 0.0182184868059
10, 9.0, 10, no_regularization, 0.0155343118645, 0.38697235146, 0.0401432086967, 0.0425568373577, 0.441596838324, 0.0963703397859
10, 9.0, 6, regularization, -0.0539655902112, 0.597661336645, 0.0902945981316, -0.0761904832591, 0.831162859341, 0.0916673337877
10, 9.0, 7, regularization, -0.0354780189902, 0.284290248, 0.124795061525, -0.0152381033857, 0.352556218371, 0.0432217688745
10, 9.0, 8, regularization, 0.0169179115676, 0.326455568223, 0.051823014261, -0.104120483375, 0.463090701346, 0.224838207876
10, 9.0, 9, regularization, -0.0290115878643, 0.480725243032, 0.0603496244161, 0.0355708029254, 0.747128654879, 0.0476100102615
10, 9.0, 10, regularization, 0.0566372302399, 0.249791704795, 0.226737834575, 0.0533471856251, 0.375405500477, 0.142105498074
14, 5.0, 6, no_regularization, -0.0237843217439, 0.230618104205, 0.103132934103, 0.00300770445277, 0.217142401423, 0.013851299576
14, 5.0, 7, no_regularization, -0.0355179725406, 0.151291526913, 0.234765113853, 0.00495977868625, 0.150572223018, 0.032939532849
14, 5.0, 8, no_regularization, -0.0488107854057, 0.134865900094, 0.361920881198, 0.0156237353642, 0.140545134113, 0.111165252806
14, 5.0, 9, no_regularization, -0.0564871408015, 0.00345718449881, 16.339058798, 0.0164429503748, 0.0754165056995, 0.218028536622
14, 5.0, 10, no_regularization, -0.052468459647, 0.144255654231, 0.363718565672, 0.0134905281062, 0.144995073099, 0.0930412862856
14, 5.0, 6, regularization, -0.0239063377054, 0.180261047218, 0.132620652517, 0.0178728740934, 0.197777249153, 0.0903687060568
14, 5.0, 7, regularization, -0.0352526601912, 0.119039132397, 0.296143457041, 0.0231235100789, 0.112307666372, 0.205894315375
14, 5.0, 8, regularization, -0.0486396646861, 0.0650832843435, 0.747344962331, 0.020472663558, 0.0920616807952, 0.222379858603
14, 5.0, 9, regularization, -0.0564783419793, 0.00312893667517, 18.0503307809, 0.0291567281694, 0.00591202532316, 4.93176645492
14, 5.0, 10, regularization, -0.0547727523735, 0.0316559937893, 1.7302490245, 0.0294130857943, 0.0593272322043, 0.495777144854
14, 1.0, 6, no_regularization, -0.012519176625, 0.00112643376927, 11.1139926435, 0.00626536022561, 0.00715453860085, 0.875718278306
14, 1.0, 7, no_regularization, -0.0123061880792, 0.00190254497175, 6.46827710353, -0.00116492066436, 0.0508759214625, 0.0228972887542
14, 1.0, 8, no_regularization, -0.0120960796438, 0.00167501040637, 7.22149522042, 0.00582322355515, 0.00598976586454, 0.972195522637
14, 1.0, 9, no_regularization, -0.0119664027761, 0.00110699826165, 10.8097755802, 0.00541523936629, 0.00744694734249, 0.727175729495
14, 1.0, 10, no_regularization, -0.0120977024343, 0.00225123359797, 5.37381036123, 0.0062415537854, 0.00735026774003, 0.849160058675
14, 1.0, 6, regularization, -0.0125279107016, 0.00174026278695, 7.19886145677, 0.00578417679856, 0.0025589379252, 2.26038183326
14, 1.0, 7, regularization, -0.012310743916, 0.00195435560905, 6.29913197937, 0.00589171453364, 0.00337050312669, 1.7480222721
14, 1.0, 8, regularization, -0.0121042430501, 0.00190359621179, 6.35861900499, 0.00550003518919, 0.0027333266797, 2.01221289428
14, 1.0, 9, regularization, -0.0119187244355, 0.00170162783979, 7.00430737957, 0.00556611889507, 0.0026575303207, 2.09447051336
14, 1.0, 10, regularization, -0.0120976968708, 0.00203422566982, 5.94707708698, 0.00582939257108, 0.00263796407899, 2.20980741076
20, 11.0, 6, no_regularization, -0.0395599134391, 0.343850061492, 0.115049894909, 0.000105589559524, 0.377402792291, 0.000279779486748
20, 11.0, 7, no_regularization, 0.0113256657825, 0.336167221667, 0.0336905713957, -0.0372503847735, 0.439780090684, 0.0847022990867
20, 11.0, 8, no_regularization, 0.00551187470158, 0.384811555036, 0.0143235685869, -0.0689430501968, 0.533360959844, 0.12926152341
20, 11.0, 9, no_regularization, 0.0558755741884, 0.473078131003, 0.118110668253, -0.0275470307282, 0.57130858775, 0.0482174280571
20, 11.0, 10, no_regularization, -0.0212560964997, 0.429470479318, 0.0494937312885, -0.173816874588, 1.1178115338, 0.155497478181
20, 11.0, 6, regularization, 0.00349650522832, 0.192344365845, 0.0181783605304, -0.0522503631847, 0.57289668497, 0.0912038148509
20, 11.0, 7, regularization, -0.0310161320831, 0.287520306007, 0.107874579413, -0.00927004293238, 0.323275926938, 0.0286753270501
20, 11.0, 8, regularization, -0.040980201847, 0.320843324447, 0.127726521715, -0.0478321932476, 0.649369466367, 0.0736594430828
20, 11.0, 9, regularization, 0.0557978077518, 0.384266239322, 0.145206115037, -0.0298497787081, 0.536195541644, 0.0556695764694
20, 11.0, 10, regularization, -0.0176777328795, 0.390323831747, 0.0452899142754, -0.154517370436, 0.722961751892, 0.2137282782
16, 1.0, 6, no_regularization, -0.0125115849197, 0.000895642771263, 13.9693919508, 0.00673065884447, 0.00526261246679, 1.27895772051
16, 1.0, 7, no_regularization, -0.0122991782393, 0.00152282685627, 8.07654408552, -0.00160789734479, 0.0533229620291, 0.0301539390087
16, 1.0, 8, no_regularization, -0.0120884518868, 0.00136116648402, 8.88095029427, 0.00576710285644, 0.00533563409484, 1.080865508
16, 1.0, 9, no_regularization, -0.0119216068457, 0.000929194198405, 12.8300487306, 0.00548540299587, 0.0064547402034, 0.849825527133
16, 1.0, 10, no_regularization, -0.0120601041563, 0.00177333801074, 6.80079267648, 0.00610700325603, 0.00696790016675, 0.87644815653
16, 1.0, 6, regularization, -0.0125113194931, 0.00144704725988, 8.64610288826, 0.00588812515401, 0.00218911079387, 2.68973373595
16, 1.0, 7, regularization, -0.0123029586206, 0.00160606553309, 7.66030922599, 0.00597501596722, 0.00296641577943, 2.01422066611
16, 1.0, 8, regularization, -0.0120509761534, 0.00163970298147, 7.34948724838, 0.00563434885174, 0.00236555479642, 2.38182977637
16, 1.0, 9, regularization, -0.011951260088, 0.00139695234514, 8.55523821524, 0.0056348747041, 0.00252282798238, 2.23355486123
16, 1.0, 10, regularization, -0.0120520179859, 0.00175763902922, 6.85693580171, 0.00584766469503, 0.00257574468927, 2.27028118097
12, 1.0, 6, no_regularization, -0.0125150565357, 0.00135103825644, 9.26328804977, 0.00649833442886, 0.00627721458939, 1.03522578945
12, 1.0, 7, no_regularization, -0.012304692228, 0.0022965021738, 5.35801462256, 0.00127350389591, 0.0430540608233, 0.0295791818835
12, 1.0, 8, no_regularization, -0.0120973831909, 0.00204798865855, 5.90695809787, 0.00577747617539, 0.00610222325411, 0.946782170169
12, 1.0, 9, no_regularization, -0.0119334243185, 0.00135398918204, 8.81353003174, 0.00529833280063, 0.0090407803671, 0.58604817123
12, 1.0, 10, no_regularization, -0.0120727200303, 0.00268683615542, 4.49328478996, 0.00623232925747, 0.00724217837499, 0.86056003246
12, 1.0, 6, regularization, -0.0124946234118, 0.00188973720804, 6.61183118932, 0.00591571235002, 0.00241985932827, 2.44465134023
12, 1.0, 7, regularization, -0.0123020849957, 0.00209889247299, 5.86122688704, 0.00587433991084, 0.00355357529342, 1.65307878005
12, 1.0, 8, regularization, -0.0120970685968, 0.00196065782, 6.16990301594, 0.00560966448701, 0.00291555318697, 1.92404807159
12, 1.0, 9, regularization, -0.0119382272146, 0.0349870125919, 0.341218821791, 0.00565964017809, 0.0363318684844, 0.155776193578
12, 1.0, 10, regularization, -0.0120780141397, 0.002281872182, 5.2930283453, 0.00599474671813, 0.00280069412886, 2.14045034635
12, 9.0, 6, no_regularization, 0.0232779765094, 0.429300109663, 0.0542230854022, 0.0163962484949, 0.820836786106, 0.0199750410465
12, 9.0, 7, no_regularization, 0.00273255882068, 0.373177256113, 0.00732241522203, -0.00687439789824, 0.394737576633, 0.0174151089361
12, 9.0, 8, no_regularization, -0.00388702529204, 0.339538493108, 0.0114479664926, -0.00805047303272, 0.44353514545, 0.0181506992519
12, 9.0, 9, no_regularization, 0.00538573031833, 0.627191526141, 0.00858705848829, 0.0304636291726, 0.452865105853, 0.0672686607532
12, 9.0, 10, no_regularization, 0.0205890767291, 0.395650397128, 0.0520385594923, 0.0531472680983, 0.40565564979, 0.131015722635
12, 9.0, 6, regularization, 0.0199618285806, 0.334162342086, 0.059736918457, 0.0106361724761, 0.824815524692, 0.0128952137268
12, 9.0, 7, regularization, 0.0260667491293, 0.273331647922, 0.0953667433955, 0.0203338615602, 0.315821860676, 0.0643839584654
12, 9.0, 8, regularization, -0.00883532743968, 0.252647778807, 0.0349709286241, 0.00185973952743, 0.373515915013, 0.00497901013768
12, 9.0, 9, regularization, -0.0730545413066, 0.301931715662, 0.241957162885, 0.0251672714753, 0.36617965533, 0.0687293002464
12, 9.0, 10, regularization, 0.021562705067, 0.323652423928, 0.0666230297468, -0.0700094727561, 0.635301933651, 0.110198740233
10, 7.0, 6, no_regularization, -0.0150797089911, 0.285972640149, 0.0527312996909, 0.00646849567724, 0.30870015443, 0.0209539761624
10, 7.0, 7, no_regularization, -0.0233092388295, 0.481386724776, 0.0484210254041, -0.0833432647777, 0.457285402684, 0.182256560757
10, 7.0, 8, no_regularization, -0.0147522158654, 0.381897205692, 0.0386287609479, 0.0303041931492, 0.329700894888, 0.0919141974411
10, 7.0, 9, no_regularization, 0.0391108141299, 0.743531622308, 0.0526014132506, -0.037614632885, 0.407837160935, 0.092229537884
10, 7.0, 10, no_regularization, -0.0248696018699, 0.350162233881, 0.0710230843409, 0.0354063670023, 0.388625625939, 0.0911066194278
10, 7.0, 6, regularization, -0.0211185427306, 0.233749688968, 0.0903468270859, 0.018236816654, 0.291707867796, 0.0625173972569
10, 7.0, 7, regularization, -0.0220414188736, 0.415965813968, 0.0529885344743, 0.00877259570499, 0.379284111913, 0.0231293519276
10, 7.0, 8, regularization, 0.0259042438026, 0.288571442304, 0.0897671772225, 0.0291884091175, 0.304755463873, 0.0957764915734
10, 7.0, 9, regularization, -0.0325384593785, 0.249253257102, 0.13054376804, -0.0331414155613, 0.375857355319, 0.088175514174
10, 7.0, 10, regularization, -0.0228236862445, 0.297676529318, 0.0766727773156, 0.00955336912635, 0.369096407326, 0.0258831268382
10, 5.0, 6, no_regularization, -0.0325973802178, 0.186557023918, 0.174731454936, 0.0061875774857, 0.212964348388, 0.0290545226586
10, 5.0, 7, no_regularization, -0.052052203692, 0.127457391184, 0.408389056203, 0.0115338036173, 0.152991074461, 0.0753887353101
10, 5.0, 8, no_regularization, -0.0503288416187, 0.212048499622, 0.237345898265, 0.00237168767783, 0.221895721853, 0.0106882983503
10, 5.0, 9, no_regularization, -0.0576342650542, 0.0191112973005, 3.01571704672, 0.0172211154391, 0.0743870040612, 0.231507044227
10, 5.0, 10, no_regularization, -0.0661877623885, 0.179869704809, 0.367976155066, 0.019613610729, 0.183789899847, 0.106717565793
10, 5.0, 6, regularization, -0.0436860336339, 0.135015187433, 0.323563848367, 0.0230935481159, 0.162663197132, 0.141971561626
10, 5.0, 7, regularization, -0.0517137915869, 0.106098213784, 0.487414346976, 0.0173616849106, 0.111640178255, 0.1555146649
10, 5.0, 8, regularization, -0.0491352463787, 0.145497263199, 0.337705639945, 0.0215183159836, 0.169326793353, 0.12708157733
10, 5.0, 9, regularization, -0.0575090750911, 0.01688086097, 3.40676196511, 0.0291602410388, 0.00791997683045, 3.6818593871
10, 5.0, 10, regularization, -0.0557668341784, 0.0615165495151, 0.906533845249, 0.0306135997743, 0.078462660114, 0.390167752787
18, 11.0, 6, no_regularization, -0.0191348756276, 0.386432368239, 0.0495167517017, -0.0433802397849, 0.757264987282, 0.0572854159554
18, 11.0, 7, no_regularization, -0.0176288829769, 0.306102917126, 0.0575913589535, -0.0455494385769, 0.499164158444, 0.0912514206127
18, 11.0, 8, no_regularization, -0.0315855054454, 0.38260968962, 0.0825528111344, 0.0251989173742, 0.673983816224, 0.0373880155095
18, 11.0, 9, no_regularization, 0.0504412583282, 0.453894372964, 0.11112994858, -0.0726659050637, 0.63028408369, 0.115290718811
18, 11.0, 10, no_regularization, 0.0388904972777, 0.313882161176, 0.123901585015, -0.0393413099686, 0.435596831596, 0.09031587724
18, 11.0, 6, regularization, 0.0581771771363, 0.280582367079, 0.207344380696, 0.0144777309357, 0.508105235671, 0.0284935677086
18, 11.0, 7, regularization, -0.0116525891112, 0.308559161591, 0.0377645215626, 0.0355215444573, 0.667721518221, 0.0531981424711
18, 11.0, 8, regularization, -0.0106750607402, 0.275354569317, 0.0387684169058, -0.0709366953676, 0.432754612755, 0.163918981512
18, 11.0, 9, regularization, 0.0209291371046, 0.27779675095, 0.075339747614, -0.00952837155727, 0.449926468493, 0.0211776195101
18, 11.0, 10, regularization, -0.0502617600336, 0.258468501793, 0.194459903953, 0.043890869521, 0.422018673638, 0.104002197682
18, 9.0, 6, no_regularization, -0.00110925859318, 0.425980390273, 0.00260401327973, -0.00156431588781, 0.516939992892, 0.00302610730321
18, 9.0, 7, no_regularization, -0.013521588329, 0.39623251415, 0.0341253881147, -0.00708348051186, 0.578759326006, 0.0122390779614
18, 9.0, 8, no_regularization, 0.0159816580911, 0.343449795226, 0.0465327343712, -0.0172767184768, 0.455341727161, 0.0379423133138
18, 9.0, 9, no_regularization, -0.0300944917434, 0.463139706398, 0.0649792952918, -0.0479353748819, 0.881448053527, 0.0543825296228
18, 9.0, 10, no_regularization, -0.00432433807211, 0.398501648205, 0.0108514935675, 0.0470058610592, 0.705886173684, 0.0665912760606
18, 9.0, 6, regularization, 0.0282436818254, 0.365184064083, 0.0773409483142, 0.0405211224812, 0.574565904165, 0.0705247599752
18, 9.0, 7, regularization, -0.0131280972272, 0.291703445958, 0.0450049439221, -0.0275426860047, 0.730257800584, 0.0377163872576
18, 9.0, 8, regularization, -0.00564057069885, 0.250767728921, 0.02249320805, -0.0564094930785, 0.365706352697, 0.154248053561
18, 9.0, 9, regularization, -0.0366320683787, 0.409330553171, 0.0894926315539, 0.0225034307521, 0.836320563947, 0.0269076616338
18, 9.0, 10, regularization, -0.0219252297077, 0.29521266105, 0.0742692729701, -0.0494249048899, 0.781858865954, 0.063214612051
18, 5.0, 6, no_regularization, -0.0405291225119, 0.182553994912, 0.222011698684, -0.000165926679167, 0.204512063993, 0.000811329541776
18, 5.0, 7, no_regularization, -0.0266796861747, 0.195625953634, 0.136381117531, -0.00162827683601, 0.200875840544, 0.00810588685825
18, 5.0, 8, no_regularization, -0.0580549591942, 0.157619171742, 0.368324224474, 0.0230476500079, 0.176501399336, 0.130580551172
18, 5.0, 9, no_regularization, -0.0563947663271, 0.00243143362523, 23.194038999, 0.0158117998033, 0.0783372393655, 0.201842698714
18, 5.0, 10, no_regularization, -0.0562950604044, 0.064662257329, 0.870601533719, 0.0159034626712, 0.111001526891, 0.143272467655
18, 5.0, 6, regularization, -0.0179324932448, 0.161321820028, 0.111159750377, 0.0116612002375, 0.182065224141, 0.0640495750493
18, 5.0, 7, regularization, -0.0482526057493, 0.0732407535063, 0.658821809433, 0.0151458622324, 0.141157980649, 0.107297243575
18, 5.0, 8, regularization, -0.0607963660578, 0.115373267303, 0.526953665083, 0.0279213705475, 0.146142503782, 0.191055783396
18, 5.0, 9, regularization, -0.0564000020076, 0.00199306644147, 28.298104285, 0.0290188387582, 0.00672512712813, 4.31498739062
18, 5.0, 10, regularization, -0.0584079982255, 0.0285812773424, 2.04357550314, 0.0266235883328, 0.0464028661994, 0.573748789965
