lateralTopBlockRadius, strain percent, trial, regularization, mean axial strain, axial strain std, axial strain SNRe, mean lateral strain, lateral strain std, lateral strain SNRe
6, 11.0, 6, no_regularization, -0.013008492302, 0.373917662175, 0.0347897240968, -0.00827234740843, 0.577022965497, 0.0143362533263
6, 11.0, 7, no_regularization, 0.00319489788052, 0.410505607842, 0.00778283614033, -0.000521430137279, 0.6026943095, 0.000865165190812
6, 11.0, 8, no_regularization, -0.0214097915815, 0.371391501693, 0.0576474999667, 0.0076458290213, 0.458489640795, 0.0166761216416
6, 11.0, 9, no_regularization, 0.0415252490072, 0.412008576035, 0.100787341387, 0.0308549444448, 0.521264781727, 0.0591924594303
6, 11.0, 10, no_regularization, -0.011345236205, 0.336015735805, 0.0337640026821, -0.00484348518206, 0.4515359835, 0.0107266870395
6, 11.0, 6, regularization, -0.013148744388, 0.227592019528, 0.0577733103967, -0.0192897591908, 0.359348237303, 0.0536798492058
6, 11.0, 7, regularization, -0.00910331275444, 0.350828278249, 0.025948058691, 0.0268833717305, 0.508841157601, 0.0528325418039
6, 11.0, 8, regularization, 0.00071999109029, 0.263576385741, 0.0027316221378, -0.00894604367854, 0.334374542126, 0.026754559787
6, 11.0, 9, regularization, -0.0465058623138, 0.363595121168, 0.127905628008, 0.0076790345307, 0.513495967449, 0.0149544203216
6, 11.0, 10, regularization, 0.0182919768595, 0.279840529441, 0.0653657170248, -8.06771102133e-05, 0.351183910155, 0.00022972894794
18, 3.0, 6, no_regularization, -0.0347475401671, 0.00151258563191, 22.972279674, 0.00434207029359, 0.0726713907635, 0.0597493765838
18, 3.0, 7, no_regularization, -0.0344151800159, 0.00198014449839, 17.3801356638, 0.00256566249152, 0.077669714955, 0.0330329845166
18, 3.0, 8, no_regularization, -0.034549330624, 0.00252106984409, 13.7042338216, 0.0105289970045, 0.0546840213964, 0.192542478325
18, 3.0, 9, no_regularization, -0.0343749142473, 0.00157739977018, 21.792138491, 0.00307740410661, 0.0749361978202, 0.041066990268
18, 3.0, 10, no_regularization, -0.0349252466168, 0.00330800666553, 10.557792093, 0.0127893671696, 0.0472554868083, 0.270643009594
18, 3.0, 6, regularization, -0.0347275498819, 0.00214829484568, 16.1651692977, 0.0170466185568, 0.0043594162742, 3.91029841716
18, 3.0, 7, regularization, -0.0344093984063, 0.00244325196601, 14.0834424304, 0.0171502235315, 0.00433690537498, 3.95448414219
18, 3.0, 8, regularization, -0.0345303336668, 0.00256727001179, 13.4502150176, 0.0175991943216, 0.00481504492896, 3.65504259696
18, 3.0, 9, regularization, -0.0344053047166, 0.00225093330683, 15.2849063152, 0.0171446041046, 0.00484383089318, 3.53947205893
18, 3.0, 10, regularization, -0.0349476580115, 0.00302813018829, 11.5410024796, 0.0176843258292, 0.00537630473006, 3.28930868266
6, 7.0, 6, no_regularization, 0.00722301405639, 0.414215316148, 0.0174378246646, 0.023588062847, 0.555298605204, 0.0424781597251
6, 7.0, 7, no_regularization, 0.0105146611632, 0.345459859934, 0.0304367088125, 0.0403144372089, 0.403022176087, 0.10003031992
6, 7.0, 8, no_regularization, -0.0501600704815, 0.278397098559, 0.18017454471, 0.0255496173112, 0.268813986194, 0.0950457142242
6, 7.0, 9, no_regularization, 0.0112570965221, 0.444371361633, 0.0253326327797, 0.01128666848, 0.544687305104, 0.0207213723804
6, 7.0, 10, no_regularization, -0.00638999404697, 0.428118362288, 0.0149257649516, 0.00922882371585, 0.533571656607, 0.0172963155025
6, 7.0, 6, regularization, -0.0191416475993, 0.239248694737, 0.0800073230087, 0.0219443432764, 0.44269028267, 0.0495704200781
6, 7.0, 7, regularization, 0.0255009489069, 0.375331805185, 0.0679424140309, -0.00585150594738, 0.409719099738, 0.0142817504752
6, 7.0, 8, regularization, -0.0525407837509, 0.194672608187, 0.269893048848, 0.0262171741912, 0.222338005615, 0.117915846724
6, 7.0, 9, regularization, -0.0185396837146, 0.304359863011, 0.0609136945033, -0.0188230115429, 0.349651057952, 0.0538337039596
6, 7.0, 10, regularization, 0.00621980346647, 0.220259557684, 0.0282385179189, 0.0410697725078, 0.504990511911, 0.0813278102045
16, 11.0, 6, no_regularization, 0.00329333918124, 0.326629221072, 0.0100828063406, -0.0318112356424, 0.384403472351, 0.0827548082432
16, 11.0, 7, no_regularization, 0.0154036891209, 0.348992078222, 0.0441376469042, 0.0781929178394, 0.540921120275, 0.144555120717
16, 11.0, 8, no_regularization, -0.0195449789059, 0.374318550523, 0.0522148284627, 0.0533096082363, 0.830467693833, 0.0641922721764
16, 11.0, 9, no_regularization, 0.0117599070515, 0.46849907717, 0.025101238454, -0.0249670852258, 0.840983623139, 0.0296879565058
16, 11.0, 10, no_regularization, 0.00709356041987, 0.499662801486, 0.0141966950487, 0.0197730339625, 0.536813224752, 0.0368341036525
16, 11.0, 6, regularization, -0.00615639695082, 0.322471999724, 0.0190912605004, -0.0560363200498, 0.557594280743, 0.100496583242
16, 11.0, 7, regularization, 0.0404484044033, 0.360936431302, 0.112065175182, 0.101340063936, 0.43484991981, 0.233046067894
16, 11.0, 8, regularization, -0.0160510583239, 0.282189935113, 0.0568803359962, 0.0532878754067, 0.832265765509, 0.0640274748945
16, 11.0, 9, regularization, 0.00747645907231, 0.257461569869, 0.0290391264068, -0.0976709498439, 0.799517036577, 0.122162437291
16, 11.0, 10, regularization, 0.00626553279059, 0.340556157477, 0.01839794305, 0.00421981057853, 0.487996036523, 0.00864722305655
18, 7.0, 6, no_regularization, -0.0537833912966, 0.268420070484, 0.200370230138, 0.0506511235797, 0.254534008341, 0.198995505197
18, 7.0, 7, no_regularization, 0.0030417559794, 0.407802142269, 0.0074589014233, -0.0327752882593, 0.690946687051, 0.0474353360013
18, 7.0, 8, no_regularization, -0.00305660503887, 0.396584040273, 0.00770733244022, -0.0612157127071, 0.835319036474, 0.0732842303767
18, 7.0, 9, no_regularization, -0.0377152931612, 0.31999939013, 0.117860515752, 0.00912368896825, 0.356368111775, 0.0256018669089
18, 7.0, 10, no_regularization, -0.0104583235421, 0.42892375198, 0.0243827101993, -0.148964092055, 0.712740661174, 0.209001815344
18, 7.0, 6, regularization, -0.0505558890658, 0.21745171371, 0.232492483978, 0.0291736289299, 0.229840961016, 0.126929633434
18, 7.0, 7, regularization, -0.00708954776129, 0.267694546708, 0.0264837212729, -0.0302951570612, 0.593037480415, 0.0510847257748
18, 7.0, 8, regularization, 0.00364374354381, 0.304027378352, 0.0119849191331, -0.0617881512655, 0.770902616047, 0.0801503977018
18, 7.0, 9, regularization, -0.00195053459219, 0.270532976614, 0.00720996980332, -0.0796745007498, 0.731838134967, 0.10886902027
18, 7.0, 10, regularization, -0.0065124190033, 0.449463100646, 0.0144893295889, -0.0657007691276, 0.556219530483, 0.118120212483
12, 5.0, 6, no_regularization, -0.022935190011, 0.191599625823, 0.119703730696, 0.00652396291927, 0.199907167823, 0.0326349624695
12, 5.0, 7, no_regularization, -0.0612294522574, 0.133679242263, 0.458032610156, 0.0138282583339, 0.135277848372, 0.102221158159
12, 5.0, 8, no_regularization, -0.0549074610002, 0.0968165975128, 0.567128595827, 0.0169579009484, 0.11016374343, 0.153933593943
12, 5.0, 9, no_regularization, -0.0559002600505, 0.1687996515, 0.331163361735, 0.0134683939775, 0.171801983213, 0.0783948690557
12, 5.0, 10, no_regularization, -0.00245787393916, 0.274631677826, 0.00894971023961, 0.0174639678173, 0.30345385309, 0.0575506543727
12, 5.0, 6, regularization, -0.0446251029888, 0.111305605767, 0.400924128497, 0.0184112543084, 0.145199422281, 0.126799776605
12, 5.0, 7, regularization, -0.0640524203635, 0.0914179606834, 0.70065466222, 0.0208822616017, 0.102809288272, 0.203116488332
12, 5.0, 8, regularization, -0.0519815927045, 0.0649538972843, 0.800284430616, 0.0204974679746, 0.0767719587155, 0.266991598464
12, 5.0, 9, regularization, -0.0609585294191, 0.0373300912102, 1.63295956272, 0.0230095378964, 0.0801325631473, 0.287143415769
12, 5.0, 10, regularization, 0.00295194215357, 0.212662849754, 0.0138808548695, 0.0245130037781, 0.259656564863, 0.0944054843791
14, 7.0, 6, no_regularization, -0.048414608291, 0.397835271128, 0.121695113039, -0.00431559885251, 0.402929082547, 0.0107105667956
14, 7.0, 7, no_regularization, 0.026028713184, 0.409147427792, 0.0636169542224, -0.0221500203867, 0.557487817126, 0.0397318465197
14, 7.0, 8, no_regularization, -0.00108370515793, 0.479422151366, 0.00226044031307, -0.000455989256244, 0.368059808458, 0.00123889989009
14, 7.0, 9, no_regularization, -0.0608636737571, 0.188226458231, 0.323353445255, 0.0139042285647, 0.214831270254, 0.064721623385
14, 7.0, 10, no_regularization, 0.0136595232323, 0.356664480601, 0.0382979634228, 0.0404317497684, 0.612395504034, 0.0660222838052
14, 7.0, 6, regularization, -0.0295454977577, 0.383737583234, 0.0769940163502, -0.00671695848838, 0.406125679298, 0.0165391129662
14, 7.0, 7, regularization, 0.0246255168813, 0.310226756645, 0.0793790875669, -0.0197570662997, 0.534105647647, 0.0369909331361
14, 7.0, 8, regularization, -0.0678541216209, 0.260123379379, 0.260853606403, 0.0193271743118, 0.282109824951, 0.0685093981223
14, 7.0, 9, regularization, -0.069662953651, 0.147432603437, 0.472507111908, 0.0339056682948, 0.183837719259, 0.184432598661
14, 7.0, 10, regularization, -0.0368376661211, 0.22781112718, 0.161702663856, 0.028611603961, 0.251829788006, 0.113614851474
8, 1.0, 6, no_regularization, -0.012521261478, 0.000796981851756, 15.7108489364, 0.00618229166664, 0.00705729481509, 0.876014369333
8, 1.0, 7, no_regularization, -0.0123164192954, 0.00124374013665, 9.90272721165, -0.00201254164634, 0.0548627122605, 0.0366832328082
8, 1.0, 8, no_regularization, -0.0120943662638, 0.00117757937826, 10.2705316406, 0.00578540050638, 0.00555298175799, 1.04185476533
8, 1.0, 9, no_regularization, -0.0119267355877, 0.000772826914114, 15.4326089968, 0.00600382510924, 0.0044986219086, 1.33459206646
8, 1.0, 10, no_regularization, -0.012074802997, 0.00154505153136, 7.8151458071, 0.00617905818919, 0.00674258966106, 0.916422101863
8, 1.0, 6, regularization, -0.0124815270964, 0.00100309158551, 12.4430583177, 0.00559056931555, 0.00310870534353, 1.79835934827
8, 1.0, 7, regularization, -0.0123196928071, 0.00123798419995, 9.95141360251, 0.00600761424381, 0.00252824016216, 2.37620394365
8, 1.0, 8, regularization, -0.0120812305999, 0.001220619162, 9.89762489069, 0.0057125140308, 0.00248306544022, 2.30058939981
8, 1.0, 9, regularization, -0.0119535335462, 0.00104286454405, 11.4622110938, 0.00587573128055, 0.00206024544161, 2.8519569377
8, 1.0, 10, regularization, -0.0120879356094, 0.00137108644664, 8.816319087, 0.00588122258116, 0.00251692352363, 2.3366711487
18, 11.0, 6, no_regularization, -0.106031228078, 0.427435154176, 0.248063892363, -0.195938130786, 0.778977901246, 0.251532335478
18, 11.0, 7, no_regularization, 0.00131728819235, 0.348239784082, 0.00378270448285, -0.0262299816875, 0.808286314059, 0.0324513495172
18, 11.0, 8, no_regularization, -0.0484982459841, 0.424079177428, 0.114361299883, -0.229137746018, 0.770323806644, 0.297456399558
18, 11.0, 9, no_regularization, -0.0709456968312, 0.461764045881, 0.153640582163, 0.0267481744616, 0.599519480626, 0.0446160222077
18, 11.0, 10, no_regularization, 0.00473074680718, 0.413455460252, 0.0114419744373, -0.177918407348, 0.830787460685, 0.21415634656
18, 11.0, 6, regularization, 0.0481090266918, 1.05190465368, 0.0457351590977, 0.0485338108058, 0.360058776636, 0.1347941335
18, 11.0, 7, regularization, -0.00618875153839, 0.420639815835, 0.0147127097945, -0.280339809161, 0.977883202983, 0.286680258241
18, 11.0, 8, regularization, -0.0319475787603, 0.258074766842, 0.123791950492, -0.139773675758, 0.620698719688, 0.225187633427
18, 11.0, 9, regularization, 0.00348567999782, 0.190535407634, 0.0182941325243, -0.0879200731304, 0.381724060761, 0.230323634709
18, 11.0, 10, regularization, 0.0241593770198, 0.343960528213, 0.0702388066018, 0.040548001867, 0.728269557305, 0.0556771891126
10, 3.0, 6, no_regularization, -0.0347485448097, 0.00151216372625, 22.9793534962, 0.00578911458795, 0.0675901227955, 0.0856503043419
10, 3.0, 7, no_regularization, -0.0344150088311, 0.0019833874235, 17.3516320732, 0.00236554644732, 0.0781217160613, 0.030280267339
10, 3.0, 8, no_regularization, -0.0345494466197, 0.00252097851303, 13.7047763165, 0.00992721052504, 0.0568617265849, 0.17458510533
10, 3.0, 9, no_regularization, -0.0343748454951, 0.00157600767277, 21.8113439985, 0.0029017837345, 0.0753793458109, 0.038495740488
10, 3.0, 10, no_regularization, -0.0349256900524, 0.00332141378921, 10.5153083202, 0.0117303006632, 0.0515580480869, 0.227516383929
10, 3.0, 6, regularization, -0.0347282662062, 0.00214863398008, 16.1629512184, 0.0168205742573, 0.00503979570477, 3.3375508141
10, 3.0, 7, regularization, -0.0344113997889, 0.00244029332679, 14.1013374954, 0.0171972203278, 0.00430464589579, 3.99503716313
10, 3.0, 8, regularization, -0.0345304363873, 0.00256321559117, 13.4715302553, 0.0176060720028, 0.00484640354445, 3.6328118039
10, 3.0, 9, regularization, -0.0344055049724, 0.00224225304124, 15.3441669337, 0.017191295589, 0.00482998861803, 3.55928283657
10, 3.0, 10, regularization, -0.0349484820008, 0.00302655405974, 11.5472849026, 0.0176377564431, 0.00544268789373, 3.2406334494
12, 9.0, 6, no_regularization, 0.0112332807031, 0.454659327707, 0.0247070279186, -0.00462515198179, 0.575985262898, 0.00802998319527
12, 9.0, 7, no_regularization, 0.0400590627604, 0.471573070837, 0.0849477318315, -0.00670566693708, 0.650526643483, 0.0103080588693
12, 9.0, 8, no_regularization, -0.0229067372763, 0.322017976403, 0.071134964365, 0.027260229018, 0.416291820231, 0.0654834606235
12, 9.0, 9, no_regularization, -0.0374254344999, 0.328863596612, 0.113802302491, -0.0407032455386, 0.381788915432, 0.106611910124
12, 9.0, 10, no_regularization, -0.0340338814563, 0.425064110459, 0.0800676430187, 0.00328025769969, 1.02013190454, 0.00321552309568
12, 9.0, 6, regularization, 0.0134869640798, 0.394043139246, 0.0342271257549, 0.00882015202167, 0.516857130533, 0.0170649711509
12, 9.0, 7, regularization, -0.00318940066625, 0.275715966986, 0.0115677038988, -0.0174732953874, 0.370751795814, 0.0471293614343
12, 9.0, 8, regularization, -0.0404256287021, 0.294873961532, 0.137094603037, 0.0422678739678, 0.311917166122, 0.13550993199
12, 9.0, 9, regularization, -0.0367877979987, 0.247584590329, 0.148586783813, -0.0423830381639, 0.353559396976, 0.119875298257
12, 9.0, 10, regularization, -0.0337942864137, 0.284247622993, 0.118890304369, -0.000740935709825, 1.00477944962, 0.00073741128972
14, 1.0, 6, no_regularization, -0.0125214943736, 0.000795608160572, 15.7382678989, 0.00630711960573, 0.00653981851748, 0.964418139261
14, 1.0, 7, no_regularization, -0.0123162519368, 0.0012430930503, 9.90774739978, -0.00160541796121, 0.0535315595113, 0.0299901212642
14, 1.0, 8, no_regularization, -0.012094368174, 0.00117544841469, 10.2891526527, 0.00576513147292, 0.00555033468784, 1.03869978968
14, 1.0, 9, no_regularization, -0.0119265164891, 0.000773240552283, 15.4240701084, 0.00600763425103, 0.00449814219596, 1.33558122205
14, 1.0, 10, no_regularization, -0.0120745924504, 0.00154415485312, 7.81954764837, 0.00617962327809, 0.0067378865302, 0.917145643577
14, 1.0, 6, regularization, -0.0124816427856, 0.0010013978973, 12.4642190875, 0.00568235680116, 0.00284474541013, 1.99749221176
14, 1.0, 7, regularization, -0.012319466682, 0.00123841917995, 9.94773569525, 0.00604383697919, 0.00252753674558, 2.39119648399
14, 1.0, 8, regularization, -0.0120811090572, 0.00121908444422, 9.9099854112, 0.00567918333698, 0.0025374886611, 2.23811180875
14, 1.0, 9, regularization, -0.0119531451999, 0.001042222314, 11.4689016338, 0.00588162774792, 0.00206036015292, 2.8546600164
14, 1.0, 10, regularization, -0.0120878570363, 0.0013699814416, 8.82337283503, 0.00588128576375, 0.00251104262392, 2.34216882968
12, 7.0, 6, no_regularization, -0.00955541855109, 0.337360577513, 0.0283240520322, -0.039347939157, 0.716114310874, 0.0549464499725
12, 7.0, 7, no_regularization, 0.00408646134777, 0.380567079597, 0.0107378214429, 0.0453909295203, 0.444093155186, 0.102210378589
12, 7.0, 8, no_regularization, -0.0353620976373, 0.369299907927, 0.0957544176922, 0.00867575077425, 0.324880898536, 0.0267044040242
12, 7.0, 9, no_regularization, -0.0390984530165, 0.257194318051, 0.152019116568, 0.0215814784374, 0.29563832728, 0.0729995959455
12, 7.0, 10, no_regularization, -0.00951489122173, 0.374816367696, 0.0253854741729, -0.0465157982716, 0.4311176327, 0.107895838035
12, 7.0, 6, regularization, -0.0187575881963, 0.245516877422, 0.0764004022587, -0.0284805416742, 0.511300846496, 0.0557021211082
12, 7.0, 7, regularization, 0.00841009707795, 0.330373380662, 0.0254563399179, 0.0481352492961, 0.4532256035, 0.106205935685
12, 7.0, 8, regularization, 0.0211863780963, 0.449202440184, 0.0471644323384, 0.0119423024688, 0.332577634059, 0.0359083150693
12, 7.0, 9, regularization, -0.0672206447509, 0.126436028689, 0.531657356277, 0.0225657811103, 0.544559650195, 0.0414385845558
12, 7.0, 10, regularization, -0.0462279051778, 0.253655281606, 0.182246964799, 0.0292741198031, 0.283898641181, 0.103114687979
16, 1.0, 6, no_regularization, -0.0125210210287, 0.000795768058463, 15.7345106976, 0.00630694219871, 0.00653340069459, 0.9653383427
16, 1.0, 7, no_regularization, -0.0123160686635, 0.00124274177067, 9.91040049846, -0.00171245026894, 0.0534808924522, 0.0320198521458
16, 1.0, 8, no_regularization, -0.0120942387275, 0.00117619186602, 10.2825389946, 0.00575856100883, 0.00554429463231, 1.03864628248
16, 1.0, 9, no_regularization, -0.0119265757703, 0.000773150959404, 15.4259341274, 0.00601119222144, 0.00449950605959, 1.33596713546
16, 1.0, 10, no_regularization, -0.0120744483615, 0.00154197514092, 7.83050779549, 0.00617991071042, 0.00666693717788, 0.926948994048
16, 1.0, 6, regularization, -0.012481271205, 0.00100193228526, 12.4572003404, 0.00568086890421, 0.00284830338299, 1.99447465398
16, 1.0, 7, regularization, -0.0123191928461, 0.00123931099187, 9.94035631648, 0.00599998246236, 0.00252410218362, 2.37707589704
16, 1.0, 8, regularization, -0.0120809656833, 0.00121904301711, 9.91020457336, 0.00567272309438, 0.00253458577774, 2.23812630222
16, 1.0, 9, regularization, -0.011953141441, 0.00104194835731, 11.4719135139, 0.00588567668158, 0.0020579661042, 2.85994830992
16, 1.0, 10, regularization, -0.0120878410717, 0.0013691731724, 8.82856991019, 0.00587938227342, 0.00251039587981, 2.34201399098
6, 9.0, 6, no_regularization, -0.00517484241695, 0.367123964222, 0.0140956268761, -0.000573303101597, 0.689255836251, 0.000831771123935
6, 9.0, 7, no_regularization, 0.0246266610898, 0.345624339305, 0.0712526818549, 0.00930948039238, 0.484775781335, 0.0192036829207
6, 9.0, 8, no_regularization, -0.00142806987526, 0.342498180413, 0.00416956923257, -0.00777454578634, 0.48287072211, 0.016100677532
6, 9.0, 9, no_regularization, -0.0244290630833, 0.290636748017, 0.084053593532, -0.0298984335621, 0.397621509105, 0.0751931997576
6, 9.0, 10, no_regularization, 0.0519081010368, 0.376494885587, 0.137871995142, 0.0198916517707, 0.410571650523, 0.0484486733202
6, 9.0, 6, regularization, -0.0273150486375, 0.270695261207, 0.100907007074, -0.00381705808006, 0.427724490314, 0.00892410457317
6, 9.0, 7, regularization, 0.00499248130432, 0.483038901449, 0.0103355677759, 0.0188046101883, 0.418046700153, 0.0449820801874
6, 9.0, 8, regularization, -0.0346598258578, 0.265840375835, 0.130378336056, -0.00528395405444, 0.377963315673, 0.0139800711745
6, 9.0, 9, regularization, -0.0414137862087, 0.291445519253, 0.142097865546, -0.0189622597661, 0.456842375459, 0.041507226091
6, 9.0, 10, regularization, 0.051253327092, 0.298303587597, 0.171815992911, 0.0291890123297, 0.369628236545, 0.0789685674518
12, 0.5, 6, no_regularization, -0.0063508858543, 0.000594420840232, 10.6841574596, 0.00280944669477, 0.00291526218121, 0.963702926236
12, 0.5, 7, no_regularization, -0.00616736445862, 0.000820545834729, 7.51617301264, 0.00267523928071, 0.00614456960977, 0.435382695715
12, 0.5, 8, no_regularization, -0.00631555189044, 0.000705360956362, 8.95364541158, 0.0029170864442, 0.00323114137703, 0.902803716649
12, 0.5, 9, no_regularization, -0.00604718691816, 0.000591616597622, 10.2214625865, 0.00280447913071, 0.00330608202218, 0.848278751677
12, 0.5, 10, no_regularization, -0.00615627958688, 0.000987987428618, 6.2311314988, 0.0032837033862, 0.00506019208456, 0.648928604157
12, 0.5, 6, regularization, -0.00633239114881, 0.00124960176135, 5.06752738727, 0.00283938806469, 0.00223880442708, 1.26826087636
12, 0.5, 7, regularization, -0.00617485416524, 0.00134018119935, 4.60747708462, 0.00275809132385, 0.00265710542522, 1.03800598112
12, 0.5, 8, regularization, -0.00629555414369, 0.00127788684342, 4.92653490888, 0.0030746686501, 0.0022014225297, 1.39667356385
12, 0.5, 9, regularization, -0.00603770029725, 0.0014092489872, 4.28433892952, 0.00274107985031, 0.00237446542683, 1.15439872038
12, 0.5, 10, regularization, -0.00615877523209, 0.00143025796475, 4.30605903541, 0.00305885511308, 0.00241758160412, 1.26525413159
16, 7.0, 6, no_regularization, 0.0240336083135, 0.381720599271, 0.0629612558488, -0.0378608976928, 0.870855376399, 0.0434755284504
16, 7.0, 7, no_regularization, 0.037253102653, 0.564196993026, 0.0660285381054, -0.0216125805246, 0.425279465629, 0.0508197133211
16, 7.0, 8, no_regularization, -0.00499282612644, 0.324242245281, 0.015398444216, 0.0108258164225, 0.369103126549, 0.0293300588476
16, 7.0, 9, no_regularization, 0.0177229394026, 0.453592119023, 0.0390724147518, 0.0153657008248, 0.590857682147, 0.0260057561899
16, 7.0, 10, no_regularization, 0.0073288920504, 0.443385686604, 0.0165293834957, -0.0118620295979, 0.620072138366, 0.0191300799762
16, 7.0, 6, regularization, 0.0248070231973, 0.265625674523, 0.0933909089993, -0.0344621020402, 1.01898239029, 0.0338201154099
16, 7.0, 7, regularization, 0.0336637923526, 0.5069932513, 0.0663988963685, -0.00867857170409, 0.394481917682, 0.0219999227216
16, 7.0, 8, regularization, -0.0104790232798, 0.243118522584, 0.0431025294512, 0.0156326536011, 0.340074701675, 0.0459682932136
16, 7.0, 9, regularization, 0.0164060841592, 0.329882924747, 0.0497330505111, 0.0284760225715, 0.518864774711, 0.0548813948439
16, 7.0, 10, regularization, 0.00251265642405, 0.351615543453, 0.00714603341871, 0.00783809457774, 0.574996839347, 0.0136315437606
16, 3.0, 6, no_regularization, -0.0347474385101, 0.00151289695287, 22.9674852899, 0.00437810842224, 0.0724786694959, 0.060405474503
16, 3.0, 7, no_regularization, -0.0344153170111, 0.00198059793185, 17.3762258648, 0.00262362140909, 0.0773688870911, 0.0339105486422
16, 3.0, 8, no_regularization, -0.0345497111519, 0.00251887520519, 13.7163250806, 0.0105455895898, 0.0546953721359, 0.192805884264
16, 3.0, 9, no_regularization, -0.0343747391639, 0.00157619159661, 21.8087313991, 0.00304749298322, 0.0750354037328, 0.0406140679148
16, 3.0, 10, no_regularization, -0.0349256709399, 0.00330646506174, 10.5628428813, 0.0122182569341, 0.0495628935319, 0.246520250603
16, 3.0, 6, regularization, -0.0347274383974, 0.00214813771862, 16.1662998123, 0.017045937993, 0.00435925552825, 3.91028648872
16, 3.0, 7, regularization, -0.0344106689229, 0.0024436266744, 14.0818027907, 0.0171976314233, 0.00426951888727, 4.02800218887
16, 3.0, 8, regularization, -0.0345304477108, 0.00256538218712, 13.4601572756, 0.0176033187417, 0.00481746167313, 3.65406513556
16, 3.0, 9, regularization, -0.0344048987356, 0.00224149915817, 15.3490571746, 0.0171686257866, 0.00481042363273, 3.56904653258
16, 3.0, 10, regularization, -0.034947781494, 0.00302540300998, 11.5514466597, 0.017639013729, 0.00543899707641, 3.24306365331
8, 7.0, 6, no_regularization, -0.0157089041526, 0.306575174632, 0.0512399745721, 0.0311680334381, 0.30938767201, 0.100741032232
8, 7.0, 7, no_regularization, -0.0376787413619, 0.561613639554, 0.067090146514, -0.0357998524938, 0.465589087513, 0.0768915196982
8, 7.0, 8, no_regularization, -0.0151541167321, 0.387961459789, 0.0390608818215, -0.0256541280098, 0.622043427871, 0.0412416993097
8, 7.0, 9, no_regularization, 0.0552668534837, 0.363079913516, 0.152216774948, -0.0156912437889, 0.448414728683, 0.0349927038191
8, 7.0, 10, no_regularization, 0.0197685783798, 0.423825655138, 0.046643184857, 0.00403191981603, 0.414054146002, 0.00973766318961
8, 7.0, 6, regularization, -0.0301690323469, 0.261297474278, 0.115458568554, 0.0357929575418, 0.246306077282, 0.145319019071
8, 7.0, 7, regularization, -0.0463344089109, 0.465377770788, 0.0995630041214, -0.00854339870476, 0.397829795983, 0.0214750096424
8, 7.0, 8, regularization, -0.00890863115494, 0.329882838467, 0.0270054398596, -0.000333285882252, 0.424776091234, 0.000784615445949
8, 7.0, 9, regularization, -0.0567351229141, 0.185998384729, 0.305030191508, -0.00440155964806, 0.264668389451, 0.0166304697633
8, 7.0, 10, regularization, -0.00858627978452, 0.289805391912, 0.0296277433897, -0.0468178367312, 0.399942358877, 0.117061460713
8, 3.0, 6, no_regularization, -0.034748716892, 0.00151368348947, 22.9563955304, 0.00559174280257, 0.068043287252, 0.0821791983957
8, 3.0, 7, no_regularization, -0.0344152047297, 0.00198380991786, 17.3480354241, 0.00241318395311, 0.0779395986412, 0.0309622322308
8, 3.0, 8, no_regularization, -0.0345501643651, 0.0025180147876, 13.7211920022, 0.00999679376993, 0.0564031607881, 0.177238183645
8, 3.0, 9, no_regularization, -0.0343754763359, 0.00157824871697, 21.7807725527, 0.00290121867295, 0.0753837112543, 0.0384860154093
8, 3.0, 10, no_regularization, -0.0349256722269, 0.00332463699807, 10.5051084516, 0.00988982194369, 0.0575124690711, 0.17195961334
8, 3.0, 6, regularization, -0.0347283627076, 0.00214738161232, 16.1724225021, 0.0168371822137, 0.00503268421217, 3.34556699842
8, 3.0, 7, regularization, -0.0344117961782, 0.00243645054363, 14.1237408935, 0.0172228240406, 0.00430817828538, 3.99770457482
8, 3.0, 8, regularization, -0.0345309563573, 0.00256568158864, 13.4587847963, 0.0175881417987, 0.00489760894327, 3.59116907913
8, 3.0, 9, regularization, -0.0344063104793, 0.00224462879727, 15.3282852475, 0.0171947401816, 0.00482681996499, 3.56233302803
8, 3.0, 10, regularization, -0.0349484767629, 0.00303928294198, 11.4989217622, 0.017429208069, 0.00550574868557, 3.1656381474
6, 3.0, 6, no_regularization, -0.0347490634681, 0.00151322992424, 22.9635053547, 0.00472295190028, 0.0712528278802, 0.0662844134161
6, 3.0, 7, no_regularization, -0.0344150165938, 0.00198367223228, 17.3491446993, 0.00241161415068, 0.0779652432619, 0.030931913373
6, 3.0, 8, no_regularization, -0.0345496721266, 0.00252033130193, 13.7083851239, 0.0105116022341, 0.054468010492, 0.192986711634
6, 3.0, 9, no_regularization, -0.0343751091661, 0.00158022122101, 21.7533524477, 0.00289717814403, 0.0753988898441, 0.0384246790639
6, 3.0, 10, no_regularization, -0.0349259973239, 0.00333167168111, 10.4830249397, 0.00833321595728, 0.0619992828835, 0.134408263607
6, 3.0, 6, regularization, -0.0347286384416, 0.00214402276376, 16.1978869948, 0.0168924186511, 0.00485465171817, 3.47963553963
6, 3.0, 7, regularization, -0.034411459808, 0.002439193767, 14.1077188183, 0.0172084513694, 0.00431623139663, 3.98691585044
6, 3.0, 8, regularization, -0.0345308279699, 0.0025654965095, 13.4597056913, 0.0175945447648, 0.00486931606843, 3.61335031811
6, 3.0, 9, regularization, -0.0344064769463, 0.00224343340597, 15.3365269746, 0.0171928891816, 0.00481312893718, 3.5720815723
6, 3.0, 10, regularization, -0.0349484381627, 0.00303656426304, 11.5092041977, 0.0173873412113, 0.00554738478003, 3.13433120305
20, 11.0, 6, no_regularization, 0.0158422928889, 0.397992934807, 0.0398054626184, 0.0446877908219, 0.604223162536, 0.073959082658
20, 11.0, 7, no_regularization, -0.026142495364, 0.352492425635, 0.0741647010342, -0.13655780473, 0.780478319403, 0.174966813728
20, 11.0, 8, no_regularization, -0.0168800635145, 0.427249500326, 0.0395086793586, 0.0224233759493, 0.657727921886, 0.0340921758118
20, 11.0, 9, no_regularization, -0.00911636408443, 0.416755809733, 0.0218745938786, -0.0980821281598, 0.891486205327, 0.110020915157
20, 11.0, 10, no_regularization, 0.00134107610636, 0.427599864488, 0.00313628749151, -0.153680213187, 0.824124724685, 0.186476887034
20, 11.0, 6, regularization, -0.0297786597814, 0.24503150317, 0.12152992328, -0.0273820657512, 0.364115827938, 0.0752015255869
20, 11.0, 7, regularization, 0.00266934185746, 0.221440725089, 0.0120544306219, -0.189707856097, 0.464384272255, 0.408514817212
20, 11.0, 8, regularization, -0.0068376114123, 0.318860570266, 0.0214438913115, -0.21651549488, 0.785553625958, 0.275621533305
20, 11.0, 9, regularization, 0.000945392334245, 0.29807661222, 0.00317164210638, -0.0470473769087, 0.822021965691, 0.0572337222998
20, 11.0, 10, regularization, 0.00615812890027, 0.404789213765, 0.0152131743902, 0.0282821989215, 0.639578561509, 0.0442200546166
18, 0.5, 6, no_regularization, -0.0063508342805, 0.000590753153591, 10.7504026714, 0.00280896589518, 0.0029085999857, 0.965745000686
18, 0.5, 7, no_regularization, -0.00616727375242, 0.000819683702868, 7.52396775835, 0.00269699641269, 0.00608165276468, 0.443464386581
18, 0.5, 8, no_regularization, -0.0063155850016, 0.000703618960261, 8.9758596034, 0.00291715646984, 0.00326860621609, 0.89247718354
18, 0.5, 9, no_regularization, -0.00604696585698, 0.000588234477166, 10.2798562337, 0.00280272221621, 0.00330287994301, 0.848569207654
18, 0.5, 10, no_regularization, -0.00615617596021, 0.000985214613129, 6.24856338728, 0.00327670542948, 0.0050554296975, 0.648155671337
18, 0.5, 6, regularization, -0.00633236720645, 0.00124802432955, 5.07391326957, 0.00283601574999, 0.0022365863642, 1.26801083803
18, 0.5, 7, regularization, -0.00617428589477, 0.00134537480204, 4.58926827336, 0.0027765455203, 0.0026682995714, 1.04056738983
18, 0.5, 8, regularization, -0.00629537926416, 0.00127861952569, 4.92357510398, 0.00307455799411, 0.00220162039507, 1.39649778
18, 0.5, 9, regularization, -0.00603767255983, 0.00140894437103, 4.28524552421, 0.00273767649514, 0.0023741838347, 1.15310215457
18, 0.5, 10, regularization, -0.00615869950678, 0.00143107377396, 4.30355137439, 0.00305801083813, 0.0024201363204, 1.26356966438
14, 3.0, 6, no_regularization, -0.034748190694, 0.00151355293623, 22.9580280029, 0.00535893001136, 0.0691229264702, 0.0775275337
14, 3.0, 7, no_regularization, -0.0344153174221, 0.00198217213257, 17.3624262276, 0.00202746581038, 0.079532521669, 0.0254922862728
14, 3.0, 8, no_regularization, -0.0345491433986, 0.00251936485728, 13.7134338835, 0.0099718690573, 0.05655018049, 0.176336644214
14, 3.0, 9, no_regularization, -0.0343749559652, 0.00157580094482, 21.8142755137, 0.00305887125955, 0.0748742579608, 0.0408534433977
14, 3.0, 10, no_regularization, -0.0349258836999, 0.00331044627623, 10.5502040467, 0.0117377148815, 0.0515284582345, 0.227790919498
14, 3.0, 6, regularization, -0.0347281423009, 0.00214739782639, 16.1721977522, 0.0169317396102, 0.0046363841031, 3.65192771645
14, 3.0, 7, regularization, -0.034411348913, 0.00243478422333, 14.1332232168, 0.0172275299001, 0.00425639800447, 4.04744337395
14, 3.0, 8, regularization, -0.0345301039841, 0.00256935359817, 13.4392183344, 0.017593758248, 0.0048909941149, 3.59717428292
14, 3.0, 9, regularization, -0.0344055655516, 0.00224375879702, 15.3338966726, 0.017185591769, 0.0048073248193, 3.57487634286
14, 3.0, 10, regularization, -0.0349482643528, 0.00302765862117, 11.5430002935, 0.0176362225475, 0.00544329490349, 3.23999027432
16, 0.5, 6, no_regularization, -0.0063508907724, 0.000591186910471, 10.7426106024, 0.00280839832562, 0.00290923762466, 0.965338239067
16, 0.5, 7, no_regularization, -0.00616724567649, 0.000819215130755, 7.5282370222, 0.00266411034615, 0.00617003457493, 0.43178207736
16, 0.5, 8, no_regularization, -0.00631558131718, 0.000703595694569, 8.97615117024, 0.0029167903183, 0.00327250056053, 0.89130322955
16, 0.5, 9, no_regularization, -0.00604695726171, 0.000588392769057, 10.2770760956, 0.00280305152924, 0.00330350899206, 0.848507310249
16, 0.5, 10, no_regularization, -0.00615630125417, 0.000985630301497, 6.246055184, 0.00327786979064, 0.00505472559755, 0.648476307444
16, 0.5, 6, regularization, -0.00633240528612, 0.0012478723405, 5.07456178057, 0.00283563108025, 0.00223716894863, 1.2675086886
16, 0.5, 7, regularization, -0.00617464808379, 0.00134342718187, 4.59619112008, 0.00275454729427, 0.00266382070424, 1.03405882006
16, 0.5, 8, regularization, -0.00629543368493, 0.00127879839221, 4.92292899591, 0.00307439901427, 0.00220227430021, 1.39601093923
16, 0.5, 9, regularization, -0.00603761689461, 0.00140883059644, 4.28555208119, 0.00273787215089, 0.00237574414361, 1.15242719139
16, 0.5, 10, regularization, -0.00615877539495, 0.00143080832867, 4.30440281311, 0.00305818338227, 0.00241923700792, 1.26411069782
10, 1.0, 6, no_regularization, -0.0125213859413, 0.000796689570122, 15.7167690038, 0.00627437839118, 0.00660243061229, 0.95031341632
10, 1.0, 7, no_regularization, -0.0123164859264, 0.00124058801366, 9.92794206518, -0.0020141463662, 0.0549203025571, 0.0366739852554
10, 1.0, 8, no_regularization, -0.0120944765987, 0.00117670818257, 10.2782293672, 0.00578308926151, 0.005547893593, 1.04239368772
10, 1.0, 9, no_regularization, -0.0119265816546, 0.000773554442785, 15.4178956191, 0.00600498180825, 0.00449702620785, 1.33532284018
10, 1.0, 10, no_regularization, -0.0120747468941, 0.00154536002774, 7.81354938485, 0.00618056151838, 0.00673679022545, 0.917434165463
10, 1.0, 6, regularization, -0.012481601427, 0.0010021266334, 12.4551139656, 0.00567259125394, 0.00287310258132, 1.97437825256
10, 1.0, 7, regularization, -0.0123197706099, 0.00123757953075, 9.95473042648, 0.00601068934401, 0.00253053147819, 2.37526756565
10, 1.0, 8, regularization, -0.0120813344936, 0.00122038429192, 9.89961487839, 0.00570824439637, 0.00248641556074, 2.29577247122
10, 1.0, 9, regularization, -0.0119532400054, 0.00104269491829, 11.4637942467, 0.00587776264723, 0.00206100628381, 2.85188972659
10, 1.0, 10, regularization, -0.0120879799459, 0.00137095433187, 8.81720102916, 0.00588401157526, 0.00251302650712, 2.34140450114
8, 0.5, 6, no_regularization, -0.00635115277769, 0.000597121319058, 10.6362854163, 0.00280880286567, 0.00291937796134, 0.96212374789
8, 0.5, 7, no_regularization, -0.00616750168224, 0.000818946914499, 7.53101522583, 0.0026993743508, 0.0062747030949, 0.43019953454
8, 0.5, 8, no_regularization, -0.00631548252589, 0.000708027838932, 8.91982232707, 0.00289923254322, 0.00318561311286, 0.910101898914
8, 0.5, 9, no_regularization, -0.00604746680243, 0.000594550433852, 10.1714950627, 0.00281020094569, 0.00331494095801, 0.847737857562
8, 0.5, 10, no_regularization, -0.00615650155241, 0.000988835072671, 6.22601455244, 0.0033186909342, 0.00510296590622, 0.650345504006
8, 0.5, 6, regularization, -0.00633261146355, 0.0012494456999, 5.06833667448, 0.00284019877969, 0.00223853022628, 1.26877839144
8, 0.5, 7, regularization, -0.00617454092007, 0.00133788871968, 4.61513788797, 0.00268739408092, 0.00274378909444, 0.979446301599
8, 0.5, 8, regularization, -0.00629554888712, 0.00127378713747, 4.94238692002, 0.0030727987363, 0.00219753023265, 1.39829645602
8, 0.5, 9, regularization, -0.00603797751268, 0.00141012669006, 4.28186882444, 0.00274412364654, 0.00237964673549, 1.15316429351
8, 0.5, 10, regularization, -0.00615891618742, 0.00142837977155, 4.31181980456, 0.00306481965155, 0.00240487558389, 1.27441921407
10, 5.0, 6, no_regularization, -0.00863971088142, 0.220123788328, 0.0392493285122, 0.0274195354377, 0.2040958245, 0.134346381191
10, 5.0, 7, no_regularization, -0.0430426920638, 0.132141161376, 0.325732660554, 0.0197888343177, 0.128483959916, 0.154017936017
10, 5.0, 8, no_regularization, -0.0499222662918, 0.131933965191, 0.378388280982, 0.0143720120254, 0.137980392641, 0.104159813944
10, 5.0, 9, no_regularization, -0.0478700629409, 0.0893435476572, 0.535797650711, 0.0142330901213, 0.100290000495, 0.141919334441
10, 5.0, 10, no_regularization, -0.0345382793827, 0.167417848469, 0.206299864073, 0.0182643386181, 0.205274573486, 0.0889751629144
10, 5.0, 6, regularization, -0.00714650677346, 0.158244076176, 0.0451612910017, 0.0194918493248, 0.179652071954, 0.10849777079
10, 5.0, 7, regularization, -0.0411206380588, 0.113682248437, 0.36171555915, 0.000633817278262, 0.139021183949, 0.00455914170961
10, 5.0, 8, regularization, -0.0542043570158, 0.0522102282973, 1.03819421565, 0.0267789006975, 0.0677429112694, 0.395301887617
10, 5.0, 9, regularization, -0.0469983280186, 0.0628288862117, 0.748036943712, 0.0327966971716, 0.0754837995759, 0.434486570044
10, 5.0, 10, regularization, -0.0334768067219, 0.11365967526, 0.294535477472, 0.0204731000474, 0.125604962468, 0.162995948927
8, 11.0, 6, no_regularization, -0.0323431423936, 0.329754415167, 0.0980825150657, -0.0273519196868, 0.397966419343, 0.0687292152234
8, 11.0, 7, no_regularization, -0.0539957959751, 0.375668221353, 0.143732668632, -0.0609253374011, 0.468428619365, 0.130063226034
8, 11.0, 8, no_regularization, 0.0087775746878, 0.337008301213, 0.0260455741186, 0.00667397804003, 0.397556356516, 0.0167875017734
8, 11.0, 9, no_regularization, -0.00876831220953, 0.322375844348, 0.0271990360421, 0.0173130648833, 0.389333698563, 0.0444684468547
8, 11.0, 10, no_regularization, 0.022320335022, 0.342720059859, 0.0651270165836, -0.0381447604074, 0.408050881965, 0.0934804018159
8, 11.0, 6, regularization, 0.0195566607645, 0.419663103777, 0.0466008581371, 0.0258098121025, 0.521581459853, 0.0494837606187
8, 11.0, 7, regularization, 0.010039878278, 0.406924086546, 0.0246726075205, -0.0114957132198, 0.568380229491, 0.0202253924808
8, 11.0, 8, regularization, -0.0291288474675, 0.372720015482, 0.0781520880488, 0.0152838429849, 0.573986638375, 0.0266275239929
8, 11.0, 9, regularization, 0.0250795387635, 0.29559894857, 0.0848431257445, 0.0569125039301, 0.411329667705, 0.13836226365
8, 11.0, 10, regularization, -0.00649250485308, 0.253147632916, 0.0256471086784, -0.0076202982595, 0.342993074958, 0.0222170615557
8, 5.0, 6, no_regularization, -0.0489473844556, 0.111634724356, 0.438460207952, 0.012355307278, 0.140556557333, 0.0879027454318
8, 5.0, 7, no_regularization, -0.0555714117793, 0.0712632251026, 0.779804895152, -0.0181955991591, 0.195469492678, 0.093086644416
8, 5.0, 8, no_regularization, -0.0310613566251, 0.135030834177, 0.230031583634, 0.0125083409918, 0.15088148798, 0.082901760576
8, 5.0, 9, no_regularization, -0.0563954843854, 0.00259399375865, 21.7407941701, 0.0162809688605, 0.0757809998463, 0.214842360137
8, 5.0, 10, no_regularization, -0.0417321164391, 0.157627489364, 0.264751513886, 0.0164702349549, 0.164949064279, 0.099850429749
8, 5.0, 6, regularization, -0.039204379362, 0.132192950299, 0.296569365261, 0.0161386338081, 0.202027202753, 0.079883469098
8, 5.0, 7, regularization, -0.055177248918, 0.00287118914942, 19.2175597102, -0.0117796830076, 0.16801146568, 0.0701123757231
8, 5.0, 8, regularization, -0.0277644197958, 0.113273020734, 0.245110615183, 0.0274233070912, 0.133939293343, 0.20474430174
8, 5.0, 9, regularization, -0.0551918154827, 0.0099836415065, 5.52822489137, 0.028838207709, 0.00787819131979, 3.66051121867
8, 5.0, 10, regularization, -0.0407578747807, 0.0759381518452, 0.536724607991, 0.0277957378739, 0.109386239175, 0.254106349059
16, 9.0, 6, no_regularization, -0.000550041309026, 0.365419957314, 0.00150523062032, -0.127969288993, 0.837850328419, 0.152735261481
16, 9.0, 7, no_regularization, -0.0123985092284, 0.412343859605, 0.0300683736149, -0.00541001907511, 0.388793981003, 0.0139148735306
16, 9.0, 8, no_regularization, -0.00330677887934, 0.364058337556, 0.00908310163021, 0.0534465674974, 0.596522070695, 0.0895969656832
16, 9.0, 9, no_regularization, 0.0291531124702, 0.409383982008, 0.0712121474007, 0.013143292374, 0.684810435182, 0.0191925994389
16, 9.0, 10, no_regularization, -0.00494854680971, 0.377701104169, 0.0131017536223, 0.0567833470838, 0.479031546399, 0.118537803012
16, 9.0, 6, regularization, 0.000661385004975, 0.317913919123, 0.00208039021003, -0.131051918617, 0.616309077363, 0.212639929267
16, 9.0, 7, regularization, -0.0137448598211, 0.353978847218, 0.03882960784, 0.0114292953176, 0.325035249256, 0.0351632487362
16, 9.0, 8, regularization, -0.0465677001189, 0.226681763491, 0.205432053297, -0.0123444913896, 0.331220928568, 0.0372696599909
16, 9.0, 9, regularization, -0.0212806434779, 0.26817918317, 0.0793523316255, 0.0452441479878, 0.546780469577, 0.082746459512
16, 9.0, 10, regularization, -0.00333746837259, 0.285085619119, 0.0117068983799, 0.0603186782163, 0.440634649318, 0.136890456322
20, 7.0, 6, no_regularization, -0.0162324514253, 0.302303498158, 0.053695876906, 0.0314448285996, 0.294624950575, 0.106728328807
20, 7.0, 7, no_regularization, -0.00397671008298, 0.381365904002, 0.0104275448887, -0.142277542987, 0.543509831392, 0.261775472621
20, 7.0, 8, no_regularization, -0.0320702179691, 0.317607792601, 0.100974279335, 0.00380646349567, 0.3662634865, 0.0103926916986
20, 7.0, 9, no_regularization, -0.0610594208969, 0.241270081275, 0.2530749796, 0.0915490806892, 0.339225235843, 0.269876975579
20, 7.0, 10, no_regularization, -0.028414522502, 0.352474259954, 0.0806144610553, 0.0592626498663, 0.396810195976, 0.149347598593
20, 7.0, 6, regularization, -0.0201231678635, 0.224166476626, 0.0897688546762, 0.0264284531347, 0.291243821836, 0.090743394892
20, 7.0, 7, regularization, -0.0198142780669, 0.346584050256, 0.0571701959518, -0.128470014894, 0.509210412891, 0.252292591906
20, 7.0, 8, regularization, -0.0627114218938, 0.286763718371, 0.218686737116, -0.043861485325, 0.476580272151, 0.0920337829492
20, 7.0, 9, regularization, -0.0170972174302, 0.225187382147, 0.0759244024561, -0.000661487159217, 0.276035672709, 0.0023963828759
20, 7.0, 10, regularization, 0.0475513770407, 0.329824180443, 0.144171894786, 0.0342225546347, 0.71842212991, 0.0476357189038
10, 9.0, 6, no_regularization, -0.0180438472368, 0.767550688681, 0.0235083460973, 0.0237871102739, 0.480749927195, 0.0494791760295
10, 9.0, 7, no_regularization, 0.0141915043893, 0.343294617508, 0.041339140393, -0.0265846417806, 0.381642638044, 0.0696584687626
10, 9.0, 8, no_regularization, -0.0232842135286, 0.343599026251, 0.067765656331, -0.0119639497167, 0.425236821808, 0.0281347924336
10, 9.0, 9, no_regularization, -0.00218541938878, 0.345239072185, 0.0063301623856, 0.00212856286937, 0.40377100279, 0.00527170810845
10, 9.0, 10, no_regularization, -0.017756553953, 0.368094931171, 0.048239061311, -0.0123338578969, 0.584011130941, 0.0211192171577
10, 9.0, 6, regularization, -0.0196707720512, 0.718690511657, 0.0273702960206, 0.0258740774219, 0.449772603331, 0.0575270197211
10, 9.0, 7, regularization, 0.00714676112453, 0.239900766265, 0.0297904889418, -0.019951017264, 0.370090821742, 0.0539084356918
10, 9.0, 8, regularization, 0.0186012287809, 0.654052227135, 0.0284399746827, -0.00227149093378, 0.341056580964, 0.00666015863807
10, 9.0, 9, regularization, -0.00511023652422, 0.334252229571, 0.0152885637615, -0.0227177560713, 0.357301524841, 0.0635814696886
10, 9.0, 10, regularization, -0.00422937711081, 0.252059510818, 0.0167792800085, 0.0147868330627, 0.453340790011, 0.0326174775985
14, 9.0, 6, no_regularization, -0.0628383226283, 0.922127825479, 0.0681449153707, 0.012692551967, 0.637983202156, 0.0198948058885
14, 9.0, 7, no_regularization, -0.0114289278421, 0.346113496883, 0.0330207517043, 0.0139820659075, 0.499355489992, 0.0280002246651
14, 9.0, 8, no_regularization, -0.000771129671305, 0.325219484304, 0.00237110538736, -0.0769757017895, 0.527133622118, 0.146026924787
14, 9.0, 9, no_regularization, -0.00693394639148, 0.34055265166, 0.020360864488, -0.00859162159059, 0.366569656942, 0.0234378962576
14, 9.0, 10, no_regularization, 0.00787745885889, 0.323488957062, 0.0243515541626, -0.0277426213249, 0.374637880449, 0.0740518318427
14, 9.0, 6, regularization, -0.0635499566575, 0.926740312131, 0.0685736401294, 0.0140454309177, 0.530113374111, 0.0264951453851
14, 9.0, 7, regularization, 0.017887810897, 0.384565976165, 0.0465142836487, -0.00213911452292, 0.456101150025, 0.00469000028351
14, 9.0, 8, regularization, 0.00259562618386, 0.277482010562, 0.00935421427357, 0.000277395270758, 0.392700235901, 0.000706379180347
14, 9.0, 9, regularization, -0.0190941322131, 0.262674316381, 0.0726912797422, 0.0470972521746, 0.315345090442, 0.14935146797
14, 9.0, 10, regularization, -0.0161907007426, 0.350711980316, 0.0461652342986, -0.0693520425149, 0.662722442543, 0.10464719174
12, 3.0, 6, no_regularization, -0.0347487562467, 0.00151187421051, 22.9838937691, 0.00495381407565, 0.0704055178534, 0.0703611624016
12, 3.0, 7, no_regularization, -0.0344154626902, 0.00198128723973, 17.370254045, 0.00219259722337, 0.0788562528712, 0.0278049887426
12, 3.0, 8, no_regularization, -0.0345494352501, 0.00252052763617, 13.7072233426, 0.00994242822338, 0.0568657015029, 0.174840509492
12, 3.0, 9, no_regularization, -0.0343751852443, 0.00157589897521, 21.8130640257, 0.00311261787838, 0.0747806762071, 0.0416232914203
12, 3.0, 10, no_regularization, -0.0349250377236, 0.00331331929453, 10.5408005142, 0.0117228023077, 0.0515308384562, 0.227491006529
12, 3.0, 6, regularization, -0.0347286559824, 0.00214515627253, 16.1893361463, 0.0169517291861, 0.00459768665352, 3.6870127226
12, 3.0, 7, regularization, -0.034410937807, 0.00244033032678, 14.1009343814, 0.0171846619231, 0.00429294485848, 4.00300085131
12, 3.0, 8, regularization, -0.0345304716286, 0.00256278039501, 13.4738316618, 0.0176003584443, 0.00484643461937, 3.63160959067
12, 3.0, 9, regularization, -0.0344059071056, 0.00224161084604, 15.3487422522, 0.0171787584437, 0.00480259230802, 3.5769762124
12, 3.0, 10, regularization, -0.0349477617392, 0.00302548799449, 11.5511156557, 0.0176320411138, 0.00544526275008, 3.23805148128
16, 5.0, 6, no_regularization, -0.0576731637989, 0.147696880712, 0.390483289294, 0.00608680835017, 0.172551781927, 0.0352752564024
16, 5.0, 7, no_regularization, -0.0550448892381, 0.00847300463488, 6.49650172638, 0.0160674204073, 0.0734966497747, 0.218614324007
16, 5.0, 8, no_regularization, -0.0602807752013, 0.129063391085, 0.467063314351, 0.0138947543129, 0.15896030559, 0.0874102138982
16, 5.0, 9, no_regularization, -0.0493875024802, 0.127722636124, 0.386677757202, 0.01693349044, 0.143313303914, 0.118157142272
16, 5.0, 10, no_regularization, -0.0450620074875, 0.224589697786, 0.200641471678, 0.0494288697408, 0.328385628292, 0.150520806888
16, 5.0, 6, regularization, -0.0598417349324, 0.0955087057176, 0.626557908861, 0.0323952018838, 0.134149801449, 0.241485276413
16, 5.0, 7, regularization, -0.0697933841871, 0.110138964865, 0.633684766082, 0.0164003126603, 0.1440238808, 0.113872175706
16, 5.0, 8, regularization, -0.0298562569174, 0.12303602855, 0.242662716517, 0.0282994995265, 0.149135091709, 0.189757482307
16, 5.0, 9, regularization, -0.0520220333678, 0.03518252085, 1.47863291518, 0.0308719373809, 0.039190785274, 0.78773459539
16, 5.0, 10, regularization, -0.0182357229357, 0.210282386925, 0.0867201633118, 0.0207566357594, 0.261291443242, 0.0794386356547
18, 1.0, 6, no_regularization, -0.0125210407814, 0.000795055085383, 15.7486456116, 0.0063060155068, 0.0065346866174, 0.965006568183
18, 1.0, 7, no_regularization, -0.0123159868317, 0.00124330638097, 9.90583416939, -0.00171388667763, 0.053410707646, 0.0320888217582
18, 1.0, 8, no_regularization, -0.0120944101794, 0.00117459166284, 10.2966933633, 0.00575567428996, 0.00554577269388, 1.03784893606
18, 1.0, 9, no_regularization, -0.0119266001534, 0.000773261489992, 15.4237606654, 0.00601273144123, 0.00449918624735, 1.33640420971
18, 1.0, 10, no_regularization, -0.0120744051391, 0.0015407372944, 7.83677086478, 0.00617975698929, 0.00673373109684, 0.917731477604
18, 1.0, 6, regularization, -0.0124812356233, 0.00100144177993, 12.463266336, 0.00568107711197, 0.00284713036392, 1.99536950747
18, 1.0, 7, regularization, -0.0123192015273, 0.00123958012011, 9.93820514497, 0.00599605732207, 0.00253052116906, 2.36949502552
18, 1.0, 8, regularization, -0.0120810656806, 0.00121840016192, 9.9155154917, 0.00567126081988, 0.00253147946257, 2.24029501473
18, 1.0, 9, regularization, -0.0119530586073, 0.00104175422874, 11.4739717656, 0.00588643774764, 0.0020608195678, 2.85635765479
18, 1.0, 10, regularization, -0.0120877907652, 0.00136843501373, 8.83329543888, 0.00587748204098, 0.00250744804271, 2.34400950323
6, 5.0, 6, no_regularization, -0.0139749934161, 0.183311019365, 0.0762365157558, 0.0131155052159, 0.178230403046, 0.0735873621547
6, 5.0, 7, no_regularization, -0.0550109612132, 0.151999762816, 0.361914783246, 0.019867556429, 0.158992003049, 0.124959469961
6, 5.0, 8, no_regularization, -0.0521399084455, 0.116525029875, 0.447456726693, 0.021440027245, 0.119780795055, 0.178993863207
6, 5.0, 9, no_regularization, -0.0121808275238, 0.199905009133, 0.0609330780488, 0.014909353924, 0.203857666474, 0.0731360962864
6, 5.0, 10, no_regularization, -0.0440890156427, 0.115146250583, 0.382895799209, 0.0169965712705, 0.141804843075, 0.11985889129
6, 5.0, 6, regularization, -0.0122840151622, 0.164254017272, 0.0747866954259, 0.0273459897964, 0.171866718867, 0.159111606812
6, 5.0, 7, regularization, -0.0556811025733, 0.147886081341, 0.376513476241, 0.00706736597501, 0.119095024606, 0.0593422437114
6, 5.0, 8, regularization, -0.0537391898534, 0.0193043463747, 2.78378707107, 0.0230381332358, 0.0516486275165, 0.446055090786
6, 5.0, 9, regularization, -0.0170229881308, 0.148067282486, 0.114967924345, 0.0235368990539, 0.170588410682, 0.137974783632
6, 5.0, 10, regularization, -0.0391478359025, 0.103236759377, 0.379204424266, 0.0270964420136, 0.102496073714, 0.264365658427
20, 1.0, 6, no_regularization, -0.0125210649771, 0.000795187020556, 15.7460630687, 0.0065194625458, 0.00582522862955, 1.11917711053
20, 1.0, 7, no_regularization, -0.0123159302261, 0.00124345480668, 9.90460623092, -0.00170053440426, 0.0534069510483, 0.0318410688287
20, 1.0, 8, no_regularization, -0.012094127827, 0.00117392634334, 10.3022884661, 0.00575357451729, 0.00554384995829, 1.03783012899
20, 1.0, 9, no_regularization, -0.0119265955652, 0.000773695470167, 15.415103261, 0.00601508200982, 0.00450446489504, 1.3353599484
20, 1.0, 10, no_regularization, -0.012074464923, 0.00150978110168, 7.99749374895, 0.00620341267352, 0.00665879922846, 0.931611310189
20, 1.0, 6, regularization, -0.012481219101, 0.000999933861138, 12.4820446493, 0.00579671953807, 0.00251773545059, 2.30235449746
20, 1.0, 7, regularization, -0.0123195971547, 0.00123966588038, 9.93783675886, 0.00600628572618, 0.00249878519187, 2.40368229559
20, 1.0, 8, regularization, -0.0120809182989, 0.00121774370044, 9.9207397209, 0.00567048797552, 0.00252984466203, 2.24143721574
20, 1.0, 9, regularization, -0.0119529591194, 0.00104155028156, 11.4761229784, 0.00588726940037, 0.00206060180614, 2.85706310788
20, 1.0, 10, regularization, -0.0120877191937, 0.00136855528097, 8.83246688085, 0.00587267810818, 0.00250656953071, 2.34291450376
20, 5.0, 6, no_regularization, -0.0824903029817, 0.135085230902, 0.610653751199, 0.0144525643338, 0.140834020415, 0.102621257927
20, 5.0, 7, no_regularization, -0.0555921719356, 0.0431736801347, 1.28764033462, 0.0305500090885, 0.0509494410069, 0.599614215284
20, 5.0, 8, no_regularization, -0.0500658772311, 0.14268880828, 0.3508745909, 0.0266296237851, 0.138795962592, 0.191861660007
20, 5.0, 9, no_regularization, -0.0636355639176, 0.0619148958766, 1.02779085738, 0.0165764246597, 0.104595671661, 0.158480981063
20, 5.0, 10, no_regularization, -0.0144649164221, 0.275328657115, 0.0525369083396, 0.0526623820497, 0.375909531079, 0.140093234398
20, 5.0, 6, regularization, -0.0816403357464, 0.113550528627, 0.718978033246, 0.0287376292528, 0.10457927247, 0.274792782299
20, 5.0, 7, regularization, -0.0531099853695, 0.0690669023212, 0.76896434594, 0.0142751000379, 0.0916383748945, 0.155776442503
20, 5.0, 8, regularization, -0.0497453650643, 0.0984753058513, 0.505155730508, 0.0222345543298, 0.125445169562, 0.17724520129
20, 5.0, 9, regularization, -0.0649436849769, 0.0552991175233, 1.17440725794, 0.02904190343, 0.0554943643441, 0.523330680029
20, 5.0, 10, regularization, -0.00124356339112, 0.216816562648, 0.00573555532812, 0.0937416009219, 0.326336777741, 0.287254172118
14, 11.0, 6, no_regularization, 0.0242374453378, 0.445953385352, 0.0543497283212, -0.0183319539017, 0.535357563824, 0.0342424486744
14, 11.0, 7, no_regularization, 0.000968283412891, 0.395583006455, 0.00244773763557, 0.0518731983756, 0.600847359914, 0.0863334048484
14, 11.0, 8, no_regularization, -0.0952752195988, 0.481151082739, 0.198015182791, 0.0145934731957, 0.811529796203, 0.0179826708322
14, 11.0, 9, no_regularization, 0.0341102530478, 0.40051949618, 0.085165025356, -0.00171360939213, 0.477390219085, 0.00358953603075
14, 11.0, 10, no_regularization, -0.0211346126776, 0.422282409142, 0.0500485272888, -0.160624653671, 0.661406839457, 0.242853027953
14, 11.0, 6, regularization, 0.043102464529, 0.377547268088, 0.11416441906, -0.0305691544277, 0.61318290076, 0.049853240183
14, 11.0, 7, regularization, 0.0232049553425, 0.27781809196, 0.0835257170573, 0.0283690570391, 0.617375803614, 0.0459510348041
14, 11.0, 8, regularization, -0.0937623429323, 0.419784967479, 0.223358028982, 0.0112473773047, 0.793312477121, 0.014177739074
14, 11.0, 9, regularization, -0.0331437299642, 0.463336643893, 0.0715327190306, -0.0422100157383, 0.646980852627, 0.0652415223216
14, 11.0, 10, regularization, 0.0127574559483, 0.326317930929, 0.0390951729561, -0.163452607405, 0.647072889745, 0.252603083819
12, 11.0, 6, no_regularization, 0.0084095900889, 0.500464198097, 0.0168035797983, -0.0567188041072, 0.7329905015, 0.0773799987737
12, 11.0, 7, no_regularization, -0.00189407004976, 0.395379003694, 0.00479051753397, -0.0295103245899, 0.429354877921, 0.0687317790187
12, 11.0, 8, no_regularization, 0.0118667688017, 0.335204975601, 0.0354015294086, 0.0160283466543, 0.386191595596, 0.0415036133285
12, 11.0, 9, no_regularization, -0.0123688262048, 0.329994787664, 0.0374818835543, 0.00760876260804, 0.37203263956, 0.0204518684625
12, 11.0, 10, no_regularization, 0.0163916449143, 0.443549061893, 0.0369556523114, 0.00840854377654, 0.768837574304, 0.0109366972395
12, 11.0, 6, regularization, 0.00754683536745, 0.371850531014, 0.0202953464847, -0.172297958464, 0.792580840563, 0.217388497989
12, 11.0, 7, regularization, -0.0253768210632, 0.378780679461, 0.0669960809491, -0.0303381843321, 0.60888867637, 0.0498255026074
12, 11.0, 8, regularization, 0.00193180996325, 0.263446689688, 0.00733283065935, -0.0956365367526, 0.691583080614, 0.13828640323
12, 11.0, 9, regularization, -0.00926701238146, 0.264229730954, 0.0350718003914, 0.00706748983372, 0.345395784039, 0.0204620037659
12, 11.0, 10, regularization, 0.0188174610713, 0.381859449812, 0.0492785004549, -0.00109571776101, 0.754489901997, 0.00145226299001
8, 9.0, 6, no_regularization, -0.00367849783983, 0.340050850761, 0.0108174934178, 0.0199503128567, 0.373212152366, 0.0534556892915
8, 9.0, 7, no_regularization, -0.00565599880213, 0.618786797786, 0.00914046457094, 0.0350150376928, 0.598077559854, 0.0585459813964
8, 9.0, 8, no_regularization, 0.0264927672449, 0.4765636626, 0.0555912448304, -0.0321237842943, 0.545875064163, 0.0588482354356
8, 9.0, 9, no_regularization, 0.039084474571, 0.351295182761, 0.111258213858, 0.059156101652, 0.485855695228, 0.121756526131
8, 9.0, 10, no_regularization, -0.0699520987803, 0.426575768832, 0.163985167211, -0.0257237866942, 0.580052798923, 0.0443473193164
8, 9.0, 6, regularization, 0.0437103648584, 0.229087670183, 0.190801909258, 0.0195710523867, 0.336973469106, 0.0580789117867
8, 9.0, 7, regularization, 0.0173908678382, 0.386502847001, 0.0449954456302, -0.00647777805925, 0.609993012873, 0.0106194299321
8, 9.0, 8, regularization, 0.0235120737648, 0.423598548863, 0.0555055578634, -0.0271947106677, 0.494900384948, 0.0549498676802
8, 9.0, 9, regularization, -0.000742093435102, 0.275890718755, 0.00268980935079, 0.0422903804801, 0.427467017348, 0.0989324995002
8, 9.0, 10, regularization, -0.0154736881026, 0.253178793423, 0.0611176311153, -0.0361880346118, 0.382115658251, 0.0947044012208
20, 0.5, 6, no_regularization, -0.00635077274994, 0.000590304671303, 10.7584660239, 0.00280948226973, 0.00290720813073, 0.966384979468
20, 0.5, 7, no_regularization, -0.00616701130054, 0.000820098953544, 7.51983803161, 0.00269683500446, 0.00608013160242, 0.443548788218
20, 0.5, 8, no_regularization, -0.00631553630918, 0.000702894254925, 8.98504471324, 0.00291603987449, 0.00327335793952, 0.890840515571
20, 0.5, 9, no_regularization, -0.00604697991679, 0.00058776024425, 10.2881744316, 0.00280148791748, 0.00329967148859, 0.849020251612
20, 0.5, 10, no_regularization, -0.00615622896961, 0.000985628568878, 6.24599282528, 0.0032717161949, 0.00506859937077, 0.645487235343
20, 0.5, 6, regularization, -0.00633236399703, 0.00124844175445, 5.07221420181, 0.00283584328694, 0.00223647396081, 1.26799745342
20, 0.5, 7, regularization, -0.00617409402688, 0.00134604490185, 4.58684106184, 0.0027757269916, 0.00266880657353, 1.04006300761
20, 0.5, 8, regularization, -0.00629531806655, 0.00127921693293, 4.92122790472, 0.00307178534464, 0.00220289321832, 1.39443224896
20, 0.5, 9, regularization, -0.00603759117466, 0.0014090735821, 4.28479481225, 0.00273577885398, 0.0023741759672, 1.15230669158
20, 0.5, 10, regularization, -0.0061587416211, 0.00143149107326, 4.30232624999, 0.00305755301978, 0.00241869548125, 1.26413310128
10, 0.5, 6, no_regularization, -0.00635113131526, 0.000595567824748, 10.6639933377, 0.0028086410434, 0.00291694542583, 0.962870617506
10, 0.5, 7, no_regularization, -0.00616759755429, 0.000821231776343, 7.51017889462, 0.0025902100829, 0.00643892550358, 0.402273652874
10, 0.5, 8, no_regularization, -0.00631555189867, 0.000705156403064, 8.95624271613, 0.00291690302834, 0.00327065415223, 0.89184086503
10, 0.5, 9, no_regularization, -0.00604714660132, 0.000592474682682, 10.2065907254, 0.00280914009545, 0.00331230510246, 0.848092192161
10, 0.5, 10, no_regularization, -0.00615646512101, 0.000988338664773, 6.22910480025, 0.00331455635256, 0.00508839769765, 0.651394908479
10, 0.5, 6, regularization, -0.00633263163493, 0.00124881411697, 5.07091611865, 0.00283749222697, 0.00223934794317, 1.26710645196
10, 0.5, 7, regularization, -0.00617486295934, 0.00133585243571, 4.62241396898, 0.00267547136433, 0.0027626213294, 0.968453886844
10, 0.5, 8, regularization, -0.00629553574123, 0.00127628125643, 4.93271816812, 0.00307353105869, 0.00220110583806, 1.39635768782
10, 0.5, 9, regularization, -0.00603765338178, 0.00140925606451, 4.28428412253, 0.00274439149081, 0.00237651889519, 1.15479472786
10, 0.5, 10, regularization, -0.00615886598848, 0.00142936068871, 4.30882564291, 0.00306057955666, 0.00241062948535, 1.26961840269
18, 9.0, 6, no_regularization, -0.0275454772376, 0.45111601634, 0.0610607387898, -0.154375346493, 0.691385873952, 0.223283917577
18, 9.0, 7, no_regularization, -0.0108427940624, 0.458482367716, 0.0236493152756, -0.264525071668, 0.691404804657, 0.382590733946
18, 9.0, 8, no_regularization, 0.0438311387648, 0.421549326965, 0.103976298765, -0.0355333830897, 0.518370020547, 0.0685482988623
18, 9.0, 9, no_regularization, 0.022082453138, 0.394361386049, 0.0559954750114, 0.0355351143297, 0.770062367023, 0.0461457615013
18, 9.0, 10, no_regularization, 0.00391268893476, 0.341578605106, 0.011454724846, 0.046051527199, 0.37155596915, 0.123942369448
18, 9.0, 6, regularization, -0.0415766106172, 0.265297322443, 0.156717038206, -0.0180572648173, 0.521402879326, 0.0346320772925
18, 9.0, 7, regularization, -0.0112536158636, 0.381887425424, 0.0294684116689, -0.285345417571, 0.907652910116, 0.314377240893
18, 9.0, 8, regularization, 0.0402318756705, 0.331916545875, 0.121210816907, -0.0276395598763, 0.469221266445, 0.0589051730022
18, 9.0, 9, regularization, -0.000832109651047, 0.411563707347, 0.00202182465604, -0.0154351055377, 0.678706482486, 0.0227419450617
18, 9.0, 10, regularization, 0.0301297047648, 0.278807528822, 0.108066324077, 0.0662460820234, 0.356163547921, 0.185999051307
14, 5.0, 6, no_regularization, -0.029939477745, 0.159972435564, 0.187153978367, 0.0146596727558, 0.190905441126, 0.076790230123
14, 5.0, 7, no_regularization, -0.0566207957497, 0.118495869438, 0.477829278087, 0.0106576924618, 0.148372316568, 0.0718307343869
14, 5.0, 8, no_regularization, -0.0592671918964, 0.0641772769837, 0.923491844495, 0.0233189974261, 0.0862969596718, 0.270218064631
14, 5.0, 9, no_regularization, -0.0676869301958, 0.107631517439, 0.628876483456, 0.0186436633834, 0.135645786812, 0.137443733576
14, 5.0, 10, no_regularization, -0.0151988810132, 0.273028405051, 0.055667764716, 0.0470567476633, 0.318054228193, 0.147951963823
14, 5.0, 6, regularization, -0.0387805413339, 0.112769309963, 0.343892689835, 0.0223562959311, 0.128557283268, 0.173901434153
14, 5.0, 7, regularization, -0.0113391767983, 0.147517930326, 0.0768664309026, 0.00478989199969, 0.177418533297, 0.0269976981022
14, 5.0, 8, regularization, -0.0592547896818, 0.0372066063551, 1.59258786239, 0.025559035621, 0.0493858087964, 0.517538058885
14, 5.0, 9, regularization, -0.0596352520925, 0.0477484925326, 1.24894523218, 0.0299632749009, 0.0501713003414, 0.597219420206
14, 5.0, 10, regularization, -0.0408782031643, 0.105161255279, 0.38871923938, 0.0259389154326, 0.145196884532, 0.178646501378
14, 0.5, 6, no_regularization, -0.00635098926674, 0.00059280279159, 10.7134941954, 0.0028097421701, 0.00291279041313, 0.964622156623
14, 0.5, 7, no_regularization, -0.00616738097048, 0.000819867024496, 7.52241617994, 0.00266608465788, 0.00617251318641, 0.431928547962
14, 0.5, 8, no_regularization, -0.00631550989821, 0.00070465107017, 8.9626059841, 0.0029179663253, 0.00327102010817, 0.892066153312
14, 0.5, 9, no_regularization, -0.00604713654868, 0.000591050188537, 10.2311726922, 0.00280318739564, 0.003303500687, 0.848550571421
14, 0.5, 10, no_regularization, -0.0061562469868, 0.000986678224486, 6.23936642567, 0.00329591945768, 0.00507500996615, 0.649440982315
14, 0.5, 6, regularization, -0.00633249442978, 0.00124836430126, 5.07263338387, 0.00283883672451, 0.00223886817404, 1.26797850692
14, 0.5, 7, regularization, -0.00617475117337, 0.00134266436985, 4.59887914807, 0.0027572915186, 0.00266106039241, 1.03616269907
14, 0.5, 8, regularization, -0.00629543670545, 0.00127832419329, 4.92475753686, 0.00307708678787, 0.00220211992896, 1.39732934043
14, 0.5, 9, regularization, -0.00603788942318, 0.00140905345345, 4.28506768739, 0.00274076075921, 0.00237150675895, 1.15570438451
14, 0.5, 10, regularization, -0.00615873773335, 0.00143122392831, 4.30312658386, 0.00306423991579, 0.00241716517528, 1.26769984407
20, 3.0, 6, no_regularization, -0.0347474938882, 0.00151305948822, 22.9650546847, 0.00456048816376, 0.0723893786635, 0.0629994102445
20, 3.0, 7, no_regularization, -0.0344150454038, 0.00197994684612, 17.3818026839, 0.00265213247964, 0.0774382506706, 0.0342483521602
20, 3.0, 8, no_regularization, -0.0345490336091, 0.00252099386416, 13.7045290353, 0.0105856532031, 0.0546439635547, 0.193720449882
20, 3.0, 9, no_regularization, -0.0343745084274, 0.00157841084928, 21.7779220429, 0.00334604983373, 0.0738958724436, 0.0452806053042
20, 3.0, 10, no_regularization, -0.034925466798, 0.00330654444428, 10.562527553, 0.0127818283379, 0.0472678338368, 0.270412822006
20, 3.0, 6, regularization, -0.034727921976, 0.00214859574486, 16.1630786336, 0.0170461576297, 0.00436159266667, 3.90824153755
20, 3.0, 7, regularization, -0.0344091212936, 0.00244343937778, 14.0822488197, 0.0171493714961, 0.00433792480146, 3.95335841006
20, 3.0, 8, regularization, -0.0345295149003, 0.00256875791652, 13.4421054932, 0.0176098373119, 0.00480413004913, 3.66556215836
20, 3.0, 9, regularization, -0.0344046395668, 0.00225590719348, 15.2509108824, 0.0171485908272, 0.00486174239662, 3.52725204838
20, 3.0, 10, regularization, -0.0349472968365, 0.00302453958425, 11.5545840493, 0.0176533696977, 0.00541629876327, 3.25930501054
6, 1.0, 6, no_regularization, -0.0125213128054, 0.000797934209514, 15.6921619052, 0.00607581306526, 0.00785598277355, 0.773399489332
6, 1.0, 7, no_regularization, -0.012316671568, 0.00124293261149, 9.90936391414, -0.00201114149932, 0.0548660224623, 0.036655500236
6, 1.0, 8, no_regularization, -0.0120946670551, 0.00117989135544, 10.2506616388, 0.00577745645018, 0.0055503238959, 1.04092239634
6, 1.0, 9, no_regularization, -0.0119269367679, 0.000773006560516, 15.4292827216, 0.0060042892586, 0.00449787433679, 1.33491707616
6, 1.0, 10, no_regularization, -0.0120748450447, 0.00154635700324, 7.80857526394, 0.00619795275277, 0.00664107455424, 0.933275586977
6, 1.0, 6, regularization, -0.0124814064606, 0.00100416095605, 12.4296870789, 0.00556970924711, 0.00316567749841, 1.75940513521
6, 1.0, 7, regularization, -0.0123200498124, 0.00123807448316, 9.95097627811, 0.00600750983079, 0.00252022205765, 2.38372242341
6, 1.0, 8, regularization, -0.0120813225701, 0.00122214191591, 9.88536798612, 0.00570883826461, 0.00247619039798, 2.30549244891
6, 1.0, 9, regularization, -0.0119536705176, 0.00104299952372, 11.4608590376, 0.00587665304313, 0.00205758313247, 2.85609507114
6, 1.0, 10, regularization, -0.0120879211804, 0.00137142381443, 8.81413976719, 0.00588365362686, 0.00251865293135, 2.33603191357
20, 9.0, 6, no_regularization, -0.0321380502695, 0.407669554743, 0.0788335795391, -0.0531544809791, 0.667816585121, 0.0795944308113
20, 9.0, 7, no_regularization, 0.0101989674033, 0.424737799506, 0.0240123846175, -0.170525114541, 0.618994912975, 0.275487101698
20, 9.0, 8, no_regularization, -0.0226512599332, 0.387332485514, 0.0584801450441, -0.191906980592, 0.704326910688, 0.272468618875
20, 9.0, 9, no_regularization, -0.012637855835, 0.385367204453, 0.032794321076, 0.0589966151927, 0.822382849532, 0.0717386254179
20, 9.0, 10, no_regularization, -0.0253682788188, 0.370508989893, 0.0684687268346, 0.0451709641093, 0.414572351159, 0.108957975569
20, 9.0, 6, regularization, 0.00928630994813, 0.300296227005, 0.0309238315804, -0.0522471883192, 0.553496852642, 0.0943947342607
20, 9.0, 7, regularization, 0.0139466724208, 0.254375989946, 0.0548270000787, -0.0325429769462, 0.427847901163, 0.0760620231109
20, 9.0, 8, regularization, 0.0651028328735, 0.301531596212, 0.215907167578, 0.0237145262194, 0.50679916989, 0.0467927487422
20, 9.0, 9, regularization, -0.0205188328825, 0.268263939143, 0.0764874807552, 0.0632918024372, 0.787646460142, 0.0803555981522
20, 9.0, 10, regularization, 0.00192075748187, 0.239378895209, 0.008023921575, 0.0212912458142, 0.449189449627, 0.0473992562201
10, 11.0, 6, no_regularization, -0.0393360162765, 0.352322820534, 0.111647653754, -0.0602320359936, 0.585565429843, 0.10286132501
10, 11.0, 7, no_regularization, -0.00319297150565, 0.417076939098, 0.00765559350404, -0.0113919612791, 0.633547141577, 0.0179812369616
10, 11.0, 8, no_regularization, 0.0114895031073, 0.371598578932, 0.0309191255259, -0.017647154408, 0.598151340674, 0.0295028251347
10, 11.0, 9, no_regularization, -0.0298247732223, 0.33826904502, 0.0881687924491, 0.0197580571421, 0.507849877337, 0.0389053104546
10, 11.0, 10, no_regularization, -0.0412459237363, 0.426892396299, 0.0966190170963, 0.0400612582964, 0.688603566612, 0.0581775352885
10, 11.0, 6, regularization, 0.0366390477042, 0.243652497198, 0.150374193269, -0.0174554538402, 0.323334483659, 0.0539857476463
10, 11.0, 7, regularization, 0.0500339496993, 0.32310084795, 0.154855519621, -0.0208255540373, 0.584508379579, 0.0356291796061
10, 11.0, 8, regularization, 0.0446007024549, 0.24079492932, 0.18522276437, 0.0231392285754, 0.385397210331, 0.0600399482796
10, 11.0, 9, regularization, 0.0385700330439, 0.249311977681, 0.154705896615, 0.0303914469212, 0.356523518451, 0.0852438769067
10, 11.0, 10, regularization, -0.062212213531, 0.330716075858, 0.188113666291, 0.0097815161505, 0.502274987156, 0.0194744241713
6, 0.5, 6, no_regularization, -0.00635111532537, 0.000598154233167, 10.6178556854, 0.00280920138487, 0.00292721853029, 0.959682837411
6, 0.5, 7, no_regularization, -0.00616751328083, 0.000821362802012, 7.50887825176, 0.00263525156563, 0.00640873824951, 0.411196629201
6, 0.5, 8, no_regularization, -0.00631543734, 0.0007103523831, 8.89056965283, 0.00290190381351, 0.00322656316261, 0.899379205446
6, 0.5, 9, no_regularization, -0.00604757081229, 0.000593315380575, 10.1928434864, 0.00280775278659, 0.00344331245573, 0.815422016644
6, 0.5, 10, no_regularization, -0.00615665729066, 0.000954758842312, 6.44838991566, 0.00331936666831, 0.00513576477252, 0.646323734699
6, 0.5, 6, regularization, -0.00633266883927, 0.00124878194144, 5.07107656598, 0.00284074443697, 0.00224106965795, 1.26758417655
6, 0.5, 7, regularization, -0.00617473637532, 0.00133206371442, 4.6354662382, 0.00267388318229, 0.00273526788231, 0.977558066465
6, 0.5, 8, regularization, -0.0062954385191, 0.00127424726565, 4.94051561952, 0.00307410381275, 0.00219829208761, 1.3984055304
6, 0.5, 9, regularization, -0.00603794541429, 0.00140927524658, 4.28443302963, 0.00274098242531, 0.00238586433118, 1.14884253454
6, 0.5, 10, regularization, -0.00615902032458, 0.00142621595543, 4.3184345969, 0.00304397861905, 0.00240850472071, 1.26384581806
12, 1.0, 6, no_regularization, -0.012521143897, 0.000796358955721, 15.7229899998, 0.00627296987887, 0.00659892923337, 0.950604205172
12, 1.0, 7, no_regularization, -0.0123166495567, 0.00124062267592, 9.92779657816, -0.00161182542412, 0.0537173979797, 0.0300056496543
12, 1.0, 8, no_regularization, -0.0120946911002, 0.00117543361434, 10.2895569368, 0.00578151376247, 0.00554576396562, 1.04250988652
12, 1.0, 9, no_regularization, -0.01192677686, 0.000773436351201, 15.4205020769, 0.00600883202398, 0.00449704994743, 1.33617195589
12, 1.0, 10, no_regularization, -0.0120745899999, 0.00154633666428, 7.80851303527, 0.00617875116069, 0.00674435314804, 0.916136955623
12, 1.0, 6, regularization, -0.0124813633653, 0.00100226123808, 12.4532037069, 0.00566991286182, 0.00287638836791, 1.97119169479
12, 1.0, 7, regularization, -0.0123198547727, 0.00123802025487, 9.95125461341, 0.00604648435645, 0.00252505671335, 2.39459348556
12, 1.0, 8, regularization, -0.0120815543834, 0.00121999048367, 9.90299067502, 0.00570428725912, 0.00248447650137, 2.29597150787
12, 1.0, 9, regularization, -0.0119534209625, 0.00104232856818, 11.4679970668, 0.00588308540427, 0.00206061865296, 2.85500929336
12, 1.0, 10, regularization, -0.0120880481989, 0.00137195357604, 8.81082888663, 0.0058828874493, 0.00251477748384, 2.33932723158
10, 7.0, 6, no_regularization, -0.0389234586806, 0.398008247895, 0.0977956082228, -0.00973157196831, 0.411525008733, 0.0236475834076
10, 7.0, 7, no_regularization, -0.0150924340829, 0.313765104638, 0.0481010598689, 0.00118776718155, 0.321262222701, 0.00369718907987
10, 7.0, 8, no_regularization, 0.0564942959868, 0.37332568196, 0.151327108519, -0.00911103731837, 0.389805973694, 0.023373262426
10, 7.0, 9, no_regularization, -0.0374132882528, 0.342706303698, 0.109170119864, -0.0290202339026, 0.405012406479, 0.0716527035675
10, 7.0, 10, no_regularization, -0.023680262472, 0.34335257833, 0.0689677723906, -0.0835777561744, 0.483282337948, 0.172937741795
10, 7.0, 6, regularization, -0.0374496075761, 0.448784923729, 0.0834466703224, 0.0303417565639, 0.30768996753, 0.0986114588249
10, 7.0, 7, regularization, -0.0327863622514, 0.354388636656, 0.0925152752096, 0.00928912652299, 0.352497413629, 0.026352325333
10, 7.0, 8, regularization, 0.0552608078843, 0.297126033279, 0.185984402896, -0.00610743229093, 0.352699653389, 0.0173162412615
10, 7.0, 9, regularization, 0.0254213756192, 0.395190874698, 0.0643268284943, -0.0747258912823, 0.464104891336, 0.161010781565
10, 7.0, 10, regularization, -0.0299121327733, 0.201041220122, 0.148786068624, 0.023185619265, 0.32666588567, 0.0709765551964
18, 5.0, 6, no_regularization, -0.0556681809206, 0.00231913731021, 24.0038313711, 0.0151725968529, 0.0757069845842, 0.200412114367
18, 5.0, 7, no_regularization, -0.055264911384, 0.00266642558233, 20.7262155562, 0.0142089152791, 0.0810552012796, 0.175299241193
18, 5.0, 8, no_regularization, -0.0542776397413, 0.0603285770482, 0.899700314463, 0.0273481243268, 0.0642197165009, 0.425852461159
18, 5.0, 9, no_regularization, -0.0449666119053, 0.0994025677265, 0.452368715756, 0.016975034376, 0.102853337721, 0.16504116203
18, 5.0, 10, no_regularization, -0.0512269356904, 0.105746518277, 0.484431416989, 0.0174277795672, 0.133855978194, 0.13019799192
18, 5.0, 6, regularization, -0.0556745092972, 0.0018624068708, 29.893848745, 0.02875249935, 0.00644900266572, 4.45844122578
18, 5.0, 7, regularization, -0.0552332348062, 0.00210304028436, 26.2635172597, 0.0282037399229, 0.00606432515317, 4.65076314521
18, 5.0, 8, regularization, -0.0542457097955, 0.0213733594839, 2.53800577473, 0.0302090036762, 0.0261937812906, 1.1532891468
18, 5.0, 9, regularization, -0.0464180380301, 0.0630074222064, 0.736707460877, 0.0235603587673, 0.073641185005, 0.319934541597
18, 5.0, 10, regularization, -0.049441280967, 0.0532940383482, 0.927707535389, 0.0229515711041, 0.0731446499417, 0.313783320071
