lateralTopFactor, strain percent, trial, regularization, mean axial strain, axial strain std, axial strain SNRe, mean lateral strain, lateral strain std, lateral strain SNRe
3, 1.0, 6, no_regularization, -0.012521502294, 0.000795650577008, 15.7374388404, 0.00630712149168, 0.0065397570333, 0.964427494716
3, 1.0, 7, no_regularization, -0.0123162811559, 0.00124302824967, 9.90828740956, -0.0016056444838, 0.0535313707319, 0.0299944586108
3, 1.0, 8, no_regularization, -0.0120944055874, 0.00117544666153, 10.2891998278, 0.00576511889769, 0.00555023021521, 1.03871707554
3, 1.0, 9, no_regularization, -0.0119265194539, 0.000773249994245, 15.4238856032, 0.00600774682603, 0.00449829400209, 1.33556117569
3, 1.0, 10, no_regularization, -0.0120745909038, 0.00154416196146, 7.81951065057, 0.00617958334477, 0.00673790061004, 0.917137800395
3, 1.0, 6, regularization, -0.0124816696676, 0.00100139603487, 12.4642691134, 0.00568257337134, 0.00284485173671, 1.99749368236
3, 1.0, 7, regularization, -0.0123194837823, 0.00123836751539, 9.94816452236, 0.00604382653391, 0.00252775549257, 2.39098542231
3, 1.0, 8, regularization, -0.0120811409545, 0.00121904211078, 9.91035571918, 0.0056791468959, 0.00253750646505, 2.23808174447
3, 1.0, 9, regularization, -0.0119531454961, 0.00104222772034, 11.4688424255, 0.00588134735431, 0.00206062642563, 2.8541550672
3, 1.0, 10, regularization, -0.0120878260387, 0.00136996640024, 8.82344708354, 0.00588125728995, 0.00251104412003, 2.34215609477
2, 7.0, 6, no_regularization, 0.00124488525321, 0.501592127843, 0.00248186760539, 0.00885106511486, 0.318933943817, 0.027752032314
2, 7.0, 7, no_regularization, -0.00511471605045, 0.65093198947, 0.00785752756538, -0.0738594437269, 0.557007979592, 0.132600333268
2, 7.0, 8, no_regularization, 0.0242200132152, 0.645208515452, 0.0375382727214, -0.00587497228516, 0.604609853411, 0.00971696417453
2, 7.0, 9, no_regularization, -0.0337412749374, 0.695730675202, 0.0484976099804, -0.00222713987751, 0.652488951135, 0.00341329898941
2, 7.0, 10, no_regularization, -0.0134667960135, 0.590304558761, 0.0228133017331, -0.00635042603316, 0.387196500341, 0.0164010419195
2, 7.0, 6, regularization, -0.0640813818626, 0.230109775189, 0.278481789006, 0.0206611237058, 0.209334858031, 0.098698916655
2, 7.0, 7, regularization, -0.00553599495038, 0.502887584232, 0.0110084144528, -0.0734722557068, 0.509780174575, 0.144125368877
2, 7.0, 8, regularization, 0.035144969457, 0.426221953278, 0.0824569668144, -0.00851433685102, 0.51686366039, 0.016473080821
2, 7.0, 9, regularization, -0.0221885274594, 0.507341605545, 0.0437348863505, 0.00361481698207, 0.634509273088, 0.00569702782195
2, 7.0, 10, regularization, 0.0364786757843, 0.376127256853, 0.0969849302852, -0.0158625266038, 0.351215882473, 0.0451646050064
3, 5.0, 6, no_regularization, -0.0390633234249, 0.161785731396, 0.241450980182, 0.0122061253657, 0.115731312923, 0.105469514321
3, 5.0, 7, no_regularization, -0.0486323539524, 0.195505346194, 0.248752041309, 0.00841518789467, 0.114928233825, 0.0732212408959
3, 5.0, 8, no_regularization, -0.0557475842721, 0.0363827805956, 1.53225188838, 0.0142638754872, 0.0883312075168, 0.161481721899
3, 5.0, 9, no_regularization, -0.0563939368261, 0.00239312991662, 23.5649291057, 0.0154224408074, 0.0783941188995, 0.196729563696
3, 5.0, 10, no_regularization, -0.0582540653751, 0.25303973549, 0.230217065562, 0.0171167919874, 0.133807768432, 0.127920764153
3, 5.0, 6, regularization, -0.0461800242171, 0.116389843054, 0.396770225008, 0.0191625879118, 0.0837083434722, 0.228920883116
3, 5.0, 7, regularization, -0.046212866469, 0.114443931718, 0.403803554939, 0.0201696461556, 0.0771880581212, 0.261305267247
3, 5.0, 8, regularization, -0.0555279317773, 0.00483864695109, 11.4759213347, 0.028606679243, 0.00737681347945, 3.87791819905
3, 5.0, 9, regularization, -0.056401585303, 0.00200744870138, 28.0961527257, 0.0290230513146, 0.0067094592748, 4.32569155365
3, 5.0, 10, regularization, -0.0558489900534, 0.00424005378426, 13.171764533, 0.0291249824376, 0.00965418176716, 3.01682557259
2, 11.0, 6, no_regularization, 0.00961762516334, 0.695471693238, 0.0138289239618, -0.0464842750431, 0.772054375836, 0.0602085507161
2, 11.0, 7, no_regularization, 0.0257307601453, 0.607731536073, 0.0423390240888, -0.000368136219552, 0.505967667426, 0.000727588427587
2, 11.0, 8, no_regularization, -0.0169448450254, 0.614310836976, 0.027583503343, -0.0707984930262, 0.469505542359, 0.150793732211
2, 11.0, 9, no_regularization, 0.0475146166574, 0.64503133469, 0.0736624937456, -0.0509740546747, 0.564540519349, 0.0902929956799
2, 11.0, 10, no_regularization, -0.0235152134209, 0.63084563545, 0.0372757012167, 0.00623133887631, 0.548605155487, 0.0113585131565
2, 11.0, 6, regularization, -0.00300624929007, 0.395426253305, 0.00760255361131, -0.0108200076385, 0.635650212868, 0.017021952356
2, 11.0, 7, regularization, 0.00564748929602, 0.514185183488, 0.0109833761792, 0.00166876112894, 0.412992045175, 0.00404066167482
2, 11.0, 8, regularization, -0.0118623765213, 0.432156825635, 0.027449240224, -0.0674085271427, 0.491546923784, 0.137135487745
2, 11.0, 9, regularization, 0.0405996119723, 0.440147386224, 0.0922409475621, -0.0463361099841, 0.543436580587, 0.0852649814889
2, 11.0, 10, regularization, -0.0446288981485, 0.418150381871, 0.106729301427, 0.0196036741644, 0.311513701376, 0.0629303753825
2.2, 9.0, 6, no_regularization, -0.0157000751652, 0.319642091408, 0.0491176712557, -0.0526235778102, 0.513570698803, 0.102466082923
2.2, 9.0, 7, no_regularization, 0.000201056838925, 0.393776682561, 0.000510585943326, -0.0404164135229, 0.602754320884, 0.0670528806226
2.2, 9.0, 8, no_regularization, 0.032178373996, 0.415746454518, 0.0773990340659, -0.0869961601394, 0.518868642866, 0.167665094693
2.2, 9.0, 9, no_regularization, 0.0266971609275, 0.336559979368, 0.0793236349065, 0.00359560776228, 0.479497715316, 0.00749869633875
2.2, 9.0, 10, no_regularization, 0.0172203915878, 0.392625809789, 0.0438595506421, 0.0489808561186, 0.82534141698, 0.0593461749416
2.2, 9.0, 6, regularization, 0.0226394698269, 0.291932031505, 0.0775504822482, 0.0144517536942, 0.707027633767, 0.0204401539686
2.2, 9.0, 7, regularization, -0.00489322497665, 0.341592785646, 0.0143247316169, -0.0553367789124, 0.49807935923, 0.111100325454
2.2, 9.0, 8, regularization, 0.0593870962459, 0.246065116919, 0.241347075073, -0.0840824595074, 0.500638904436, 0.167950310618
2.2, 9.0, 9, regularization, -0.0481386620638, 0.439101065627, 0.109630027873, -0.000422300026593, 0.753575825827, 0.000560394869527
2.2, 9.0, 10, regularization, 0.0188529028167, 0.291317485528, 0.0647160014529, 0.0555266824054, 0.793040126124, 0.0700174941674
1.4, 3.0, 6, no_regularization, -0.0347481884018, 0.00151314301779, 22.9642459392, 0.00405220563713, 0.0734697052894, 0.0551547827934
1.4, 3.0, 7, no_regularization, -0.0344151784792, 0.00198116220196, 17.3712068831, 0.00320030474013, 0.0747346756978, 0.042822220211
1.4, 3.0, 8, no_regularization, -0.0345491436773, 0.00251921771678, 13.7142349576, 0.00997209710522, 0.0565502218692, 0.176340547846
1.4, 3.0, 9, no_regularization, -0.0343751248614, 0.0015752383885, 21.8221731468, 0.00302463677684, 0.0750155927271, 0.0403201076854
1.4, 3.0, 10, no_regularization, -0.0349259423939, 0.00331039148168, 10.5503964069, 0.0117382542217, 0.0515271306941, 0.227807255392
1.4, 3.0, 6, regularization, -0.0347279296938, 0.00214747677877, 16.1715041751, 0.0170477681826, 0.00436245991623, 3.90783377037
1.4, 3.0, 7, regularization, -0.0344089304806, 0.00243157249216, 14.1508964226, 0.0171670595915, 0.00437672253311, 3.9223550183
1.4, 3.0, 8, regularization, -0.0345301130802, 0.00256908334762, 13.4406355917, 0.0175934361462, 0.00489084105817, 3.59722099674
1.4, 3.0, 9, regularization, -0.0344057274262, 0.00224312675519, 15.338289442, 0.0171821784189, 0.00481214177795, 3.57058856778
1.4, 3.0, 10, regularization, -0.0349483322929, 0.00302756276391, 11.543388203, 0.0176352518666, 0.00544247992621, 3.24029708988
2.2, 3.0, 6, no_regularization, -0.034748151474, 0.00151340612472, 22.9602291854, 0.00405247184736, 0.0734696540553, 0.0551584446594
2.2, 3.0, 7, no_regularization, -0.0344153383739, 0.00198195060038, 17.3643774811, 0.0020269478381, 0.0795326492201, 0.0254857326894
2.2, 3.0, 8, no_regularization, -0.0345491436714, 0.00251921787969, 13.7142340684, 0.00997209710522, 0.0565502218563, 0.176340547886
2.2, 3.0, 9, no_regularization, -0.0343749725153, 0.00157569595423, 21.8157395295, 0.00302657355489, 0.0750172217884, 0.0403450498798
2.2, 3.0, 10, no_regularization, -0.0349259015953, 0.00331033428515, 10.5505663739, 0.0117377496871, 0.0515284593058, 0.227791590225
2.2, 3.0, 6, regularization, -0.0347281647576, 0.00214752206253, 16.1712726325, 0.0170484050371, 0.0043610785774, 3.90921757875
2.2, 3.0, 7, regularization, -0.0344113496422, 0.00243465568691, 14.1339696727, 0.0172271724229, 0.00425665838844, 4.04711180716
2.2, 3.0, 8, regularization, -0.0345301120246, 0.00256908423498, 13.4406305385, 0.0175934262981, 0.00489085174092, 3.59721112601
2.2, 3.0, 9, regularization, -0.0344055935369, 0.00224356170354, 15.3352562056, 0.0171849096441, 0.00480753185699, 3.5745805031
2.2, 3.0, 10, regularization, -0.0349482710607, 0.00302757040222, 11.5433388552, 0.0176363006394, 0.00544319924832, 3.24006155843
1.4, 0.5, 6, no_regularization, -0.00635101652151, 0.000592818672634, 10.7132531661, 0.0028099839228, 0.00291268884229, 0.964738794616
1.4, 0.5, 7, no_regularization, -0.00616735105785, 0.000819881763006, 7.52224447003, 0.00266660896982, 0.00617326830743, 0.431960646617
1.4, 0.5, 8, no_regularization, -0.00631551058698, 0.000704618478537, 8.96302152065, 0.00291793341955, 0.00327062416699, 0.892164085681
1.4, 0.5, 9, no_regularization, -0.00604715023455, 0.000591923770872, 10.2160962815, 0.00280808794995, 0.0033055456858, 0.849508134774
1.4, 0.5, 10, no_regularization, -0.00615623908405, 0.000986745710636, 6.23893168999, 0.00329619718894, 0.0050752399367, 0.649466277468
1.4, 0.5, 6, regularization, -0.00633251349052, 0.00124832205719, 5.07282031432, 0.00283935542399, 0.00223895692177, 1.26815991696
1.4, 0.5, 7, regularization, -0.0061747486663, 0.00134245430881, 4.5995968919, 0.00275758289817, 0.00266067701667, 1.03642151261
1.4, 0.5, 8, regularization, -0.0062954371997, 0.00127834209167, 4.92468897074, 0.00307724845901, 0.0022022086291, 1.39734647224
1.4, 0.5, 9, regularization, -0.00603791732574, 0.00140933617373, 4.28422787854, 0.00274361816271, 0.00237477387685, 1.15531764496
1.4, 0.5, 10, regularization, -0.0061587316474, 0.00143115773577, 4.30332135546, 0.00306474311512, 0.00241720538286, 1.26788693127
3, 0.5, 6, no_regularization, -0.00635101652151, 0.000592818645347, 10.7132536592, 0.0028099839228, 0.00291268874704, 0.964738826163
3, 0.5, 7, no_regularization, -0.00616735224766, 0.00081988311185, 7.52223354587, 0.00266660904607, 0.00617327767851, 0.43196000325
3, 0.5, 8, no_regularization, -0.00631551033047, 0.000704618375227, 8.96302247076, 0.00291793348107, 0.00327061871517, 0.892165591646
3, 0.5, 9, no_regularization, -0.00604715025349, 0.000591923755409, 10.2160965804, 0.00280808794995, 0.0033055456858, 0.849508134774
3, 0.5, 10, no_regularization, -0.00615623908405, 0.000986745710636, 6.23893168999, 0.00329619726997, 0.00507524010393, 0.649466272032
3, 0.5, 6, regularization, -0.00633251349032, 0.00124832200692, 5.07282051845, 0.00283935542399, 0.00223895698504, 1.26815988112
3, 0.5, 7, regularization, -0.00617474865679, 0.00134245489727, 4.5995948686, 0.0027575823538, 0.00266067705017, 1.03642129496
3, 0.5, 8, regularization, -0.0062954371997, 0.00127834209167, 4.92468897074, 0.00307724845901, 0.0022022086291, 1.39734647224
3, 0.5, 9, regularization, -0.00603791730572, 0.00140933611846, 4.28422803235, 0.00274361791355, 0.00237477426417, 1.15531735161
3, 0.5, 10, regularization, -0.00615873164605, 0.00143115773662, 4.30332135199, 0.0030647429266, 0.00241720534275, 1.26788687432
2.4, 7.0, 6, no_regularization, -0.0301084191231, 0.245896509986, 0.12244345853, 0.0147939587888, 0.25773055351, 0.0574008730719
2.4, 7.0, 7, no_regularization, 0.0231610383131, 0.351601128921, 0.0658730487702, -0.0444066884578, 0.412811096034, 0.107571450682
2.4, 7.0, 8, no_regularization, -0.0374897525903, 0.315051927135, 0.118995471417, 0.00206938762908, 0.328219017729, 0.00630489861127
2.4, 7.0, 9, no_regularization, -0.00266568926162, 0.307032690908, 0.00868210239678, 0.0411648417529, 0.363957910808, 0.113103302691
2.4, 7.0, 10, no_regularization, 0.0204467751055, 0.356444902411, 0.0573630734154, -0.0237473540369, 0.375402315666, 0.0632584111656
2.4, 7.0, 6, regularization, -0.0266096096123, 0.192416435383, 0.138291770967, 0.0234954165757, 0.246635113244, 0.095263874907
2.4, 7.0, 7, regularization, 0.0222175779618, 0.266843031516, 0.0832608512787, -0.0342548836069, 0.401618729291, 0.0852920471796
2.4, 7.0, 8, regularization, 0.00224649261621, 0.281223269952, 0.00798828851037, -0.00775384387333, 0.417151797382, 0.0185875835175
2.4, 7.0, 9, regularization, 0.00803594911062, 0.298818273472, 0.02689242869, 0.0225158558971, 0.381655716036, 0.058995201568
2.4, 7.0, 10, regularization, -0.0140860884145, 0.243763945232, 0.0577857746809, 0.0175743207326, 0.296414829839, 0.0592896136207
2.8, 0.5, 6, no_regularization, -0.00635101652151, 0.000592818645347, 10.7132536592, 0.0028099839228, 0.00291268874704, 0.964738826163
2.8, 0.5, 7, no_regularization, -0.00616735148611, 0.000819882463893, 7.52223856188, 0.00266660904465, 0.00617327638951, 0.431960093214
2.8, 0.5, 8, no_regularization, -0.00631551060926, 0.000704618444818, 8.9630219812, 0.00291793341955, 0.00327062416699, 0.892164085681
2.8, 0.5, 9, no_regularization, -0.00604715023455, 0.000591923770872, 10.2160962815, 0.00280808794995, 0.0033055456858, 0.849508134774
2.8, 0.5, 10, no_regularization, -0.00615623908405, 0.000986745710636, 6.23893168999, 0.00329619726997, 0.00507524010393, 0.649466272032
2.8, 0.5, 6, regularization, -0.00633251332429, 0.0012483221535, 5.07281978978, 0.00283935458769, 0.0022389577311, 1.26815908503
2.8, 0.5, 7, regularization, -0.00617474873935, 0.00134245396062, 4.59959813929, 0.00275758235228, 0.00266067702934, 1.0364213025
2.8, 0.5, 8, regularization, -0.0062954371997, 0.00127834209167, 4.92468897074, 0.00307724845901, 0.0022022086291, 1.39734647224
2.8, 0.5, 9, regularization, -0.00603791732504, 0.00140933617215, 4.28422788286, 0.00274361816271, 0.00237477387685, 1.15531764496
2.8, 0.5, 10, regularization, -0.00615873164353, 0.00143115773847, 4.30332134465, 0.0030647429266, 0.00241720534275, 1.26788687432
3, 9.0, 6, no_regularization, 0.00522114344582, 0.319596300665, 0.0163366829809, -0.118225425632, 0.51911027446, 0.227746264037
3, 9.0, 7, no_regularization, 0.00997369393795, 0.359537524656, 0.0277403421173, -0.0555562809815, 0.3954786062, 0.140478600133
3, 9.0, 8, no_regularization, 0.028392161946, 0.663163681066, 0.0428132039745, -0.0851881649288, 0.694147615661, 0.122723413589
3, 9.0, 9, no_regularization, -0.0541643033477, 0.489776344139, 0.110589872287, 0.00454285937074, 0.812275920061, 0.00559275396272
3, 9.0, 10, no_regularization, -0.00388154569587, 0.416854997104, 0.00931150093637, -0.0113435489912, 0.601855970921, 0.0188476139463
3, 9.0, 6, regularization, -0.00363280369448, 0.292449790682, 0.0124219739943, 0.017540578148, 0.564300267721, 0.0310837671916
3, 9.0, 7, regularization, 0.0116220982122, 0.259493852106, 0.0447875667108, -0.0116520183832, 0.397758836881, 0.0292941785393
3, 9.0, 8, regularization, 0.0259990147203, 0.582651919726, 0.0446218639983, -0.0827961582073, 0.619879810312, 0.133568083409
3, 9.0, 9, regularization, -0.0510094967715, 0.406074200484, 0.125616197017, 0.0101499632055, 0.821726962057, 0.0123519899848
3, 9.0, 10, regularization, 0.00145237719269, 0.311055635568, 0.00466918784493, -0.00518660723133, 0.634427953375, 0.00817525016629
2.2, 7.0, 6, no_regularization, -0.0503554728733, 0.29345698756, 0.171594049581, 0.00379490069261, 0.246732155957, 0.0153806490195
2.2, 7.0, 7, no_regularization, 0.0093691951972, 0.345496921165, 0.0271180280438, -0.0402851445972, 0.56176903893, 0.0717112225942
2.2, 7.0, 8, no_regularization, -0.0428824072672, 0.301537768683, 0.142212391683, 0.0186548990085, 0.327802410066, 0.0569089745398
2.2, 7.0, 9, no_regularization, -0.0325258052383, 0.333269410601, 0.0975961315491, -0.0383973515819, 0.369130124735, 0.104021181174
2.2, 7.0, 10, no_regularization, -0.00983727445665, 0.458053641881, 0.0214762498476, -0.0346561808907, 0.464491354818, 0.0746110353428
2.2, 7.0, 6, regularization, -0.0276032998164, 0.180100961587, 0.153265699267, 0.0304174570008, 0.233877982883, 0.130056949465
2.2, 7.0, 7, regularization, 0.0172305838628, 0.286467156882, 0.0601485491402, -0.034878758743, 0.384573466889, 0.0906946571879
2.2, 7.0, 8, regularization, -0.0209506971883, 0.242835896212, 0.0862751245393, -0.0143360804414, 0.299302263911, 0.0478983361303
2.2, 7.0, 9, regularization, -0.0458550799771, 0.237119570827, 0.193383784465, 0.0132478815006, 0.271124956174, 0.0488626413721
2.2, 7.0, 10, regularization, -0.0256282173059, 0.228907275446, 0.111958946066, -0.041163087597, 0.38283145826, 0.107522740644
2.6, 1.0, 6, no_regularization, -0.012521502467, 0.000795650606456, 15.7374384754, 0.00630712196996, 0.0065397602837, 0.96442708851
2.6, 1.0, 7, no_regularization, -0.0123162811567, 0.00124302824809, 9.90828742273, -0.0016056444838, 0.0535313707319, 0.0299944586108
2.6, 1.0, 8, no_regularization, -0.0120944055966, 0.00117544666077, 10.2891998422, 0.00576511889769, 0.00555022972731, 1.03871716685
2.6, 1.0, 9, no_regularization, -0.0119265194539, 0.000773250021159, 15.4238850664, 0.006007746835, 0.00449829401062, 1.33556117515
2.6, 1.0, 10, no_regularization, -0.0120745909125, 0.00154416251364, 7.81950785994, 0.00617958339179, 0.00673790230177, 0.917137577101
2.6, 1.0, 6, regularization, -0.0124816697974, 0.00100139560229, 12.4642746272, 0.00568257284413, 0.00284485164006, 1.9974935649
2.6, 1.0, 7, regularization, -0.0123194838187, 0.00123836745391, 9.94816504568, 0.00604382653391, 0.00252775549704, 2.39098541809
2.6, 1.0, 8, regularization, -0.0120811410327, 0.00121904195811, 9.91035702449, 0.00567914723876, 0.00253750640707, 2.23808193073
2.6, 1.0, 9, regularization, -0.0119531463522, 0.00104222673249, 11.4688541173, 0.00588134506923, 0.00206062480812, 2.85415619868
2.6, 1.0, 10, regularization, -0.012087825643, 0.00136996555374, 8.82345224668, 0.00588125647776, 0.00251104762139, 2.34215250545
2.4, 1.0, 6, no_regularization, -0.012521502467, 0.000795650422557, 15.7374421128, 0.00630712191465, 0.00653976087287, 0.964426993166
2.4, 1.0, 7, no_regularization, -0.0123162810539, 0.0012430284736, 9.90828554252, -0.0016056444838, 0.0535313707156, 0.02999445862
2.4, 1.0, 8, no_regularization, -0.0120944056135, 0.00117544663555, 10.2892000774, 0.00576511889769, 0.00555022972731, 1.03871716685
2.4, 1.0, 9, no_regularization, -0.0119265194539, 0.000773250019652, 15.4238850964, 0.00600774683446, 0.00449829399773, 1.33556117886
2.4, 1.0, 10, no_regularization, -0.0120745909125, 0.00154416251995, 7.819507828, 0.00617958323279, 0.00673790230333, 0.917137553292
2.4, 1.0, 6, regularization, -0.012481669668, 0.0010013960209, 12.4642692876, 0.00568257336997, 0.00284485175542, 1.99749366875
2.4, 1.0, 7, regularization, -0.012319483833, 0.00123836746871, 9.94816493832, 0.00604382653391, 0.00252775532282, 2.39098558288
2.4, 1.0, 8, regularization, -0.0120811405335, 0.00121904270995, 9.91035050278, 0.00567914476836, 0.00253750751521, 2.23807997979
2.4, 1.0, 9, regularization, -0.011953146352, 0.00104222672596, 11.4688541891, 0.00588134506362, 0.00206062481501, 2.8541561864
2.4, 1.0, 10, regularization, -0.0120878258127, 0.00136996419714, 8.82346110796, 0.00588125660642, 0.00251104504426, 2.34215496048
2.2, 0.5, 6, no_regularization, -0.00635101653253, 0.000592818664269, 10.7132533358, 0.0028099839228, 0.00291268884229, 0.964738794616
2.2, 0.5, 7, no_regularization, -0.00616735147938, 0.000819882442135, 7.5222387533, 0.00266660904465, 0.00617327638951, 0.431960093214
2.2, 0.5, 8, no_regularization, -0.00631551058698, 0.000704618478537, 8.96302152065, 0.00291793341955, 0.00327062416699, 0.892164085681
2.2, 0.5, 9, no_regularization, -0.00604715023455, 0.000591923770872, 10.2160962815, 0.00280808794995, 0.0033055456858, 0.849508134774
2.2, 0.5, 10, no_regularization, -0.00615623908405, 0.000986745710636, 6.23893168999, 0.00329619718894, 0.0050752399367, 0.649466277468
2.2, 0.5, 6, regularization, -0.00633251349121, 0.00124832206028, 5.0728203023, 0.00283935542558, 0.00223895693077, 1.26815991257
2.2, 0.5, 7, regularization, -0.0061747487733, 0.00134245399287, 4.59959805407, 0.00275758236633, 0.00266067704678, 1.03642130099
2.2, 0.5, 8, regularization, -0.00629543719939, 0.0012783420923, 4.9246889681, 0.00307724845901, 0.0022022086291, 1.39734647224
2.2, 0.5, 9, regularization, -0.00603791734792, 0.00140933612268, 4.28422804946, 0.00274361791355, 0.00237477401587, 1.15531747241
2.2, 0.5, 10, regularization, -0.0061587315129, 0.00143115783501, 4.30332096311, 0.00306474311512, 0.00241720526665, 1.26788699222
2, 1.0, 6, no_regularization, -0.012521502467, 0.000795650440035, 15.7374417671, 0.00630712191465, 0.00653976072054, 0.964427015631
2, 1.0, 7, no_regularization, -0.0123162811567, 0.00124302824809, 9.90828742273, -0.0016056444838, 0.0535313707319, 0.0299944586108
2, 1.0, 8, no_regularization, -0.0120944046421, 0.00117544721281, 10.289194198, 0.00576511916337, 0.00555023200423, 1.03871678859
2, 1.0, 9, no_regularization, -0.0119265194551, 0.000773250011698, 15.4238852566, 0.00600774682603, 0.00449829400133, 1.33556117592
2, 1.0, 10, no_regularization, -0.0120745908979, 0.00154416253567, 7.81950773896, 0.00617958339179, 0.00673790230177, 0.917137577101
2, 1.0, 6, regularization, -0.0124816696678, 0.00100139604379, 12.4642690024, 0.00568257337134, 0.00284485172285, 1.9974936921
2, 1.0, 7, regularization, -0.0123194836592, 0.00123836802138, 9.9481603582, 0.00604382632272, 0.00252775653424, 2.39098435346
2, 1.0, 8, regularization, -0.0120811405395, 0.00121904258787, 9.91035150017, 0.00567914579383, 0.00253750676942, 2.2380810417
2, 1.0, 9, regularization, -0.0119531463451, 0.00104222686327, 11.4688526715, 0.00588134507245, 0.0020606244062, 2.85415675693
2, 1.0, 10, regularization, -0.012087825501, 0.00136996551065, 8.82345242051, 0.00588125635306, 0.00251104743335, 2.34215263119
2, 3.0, 6, no_regularization, -0.0347481514081, 0.00151340625786, 22.9602271218, 0.00405247177858, 0.0734696520127, 0.0551584452567
2, 3.0, 7, no_regularization, -0.0344153037054, 0.00198208276172, 17.3632021679, 0.00202706738623, 0.0795325507559, 0.0254872673762
2, 3.0, 8, no_regularization, -0.0345491437925, 0.00251921790019, 13.7142340049, 0.00997209740187, 0.0565502216041, 0.176340553918
2, 3.0, 9, no_regularization, -0.0343749724883, 0.00157569592343, 21.8157399389, 0.00302657370054, 0.0750172217342, 0.0403450518505
2, 3.0, 10, no_regularization, -0.0349259025692, 0.00331033489986, 10.5505647089, 0.0117377494514, 0.0515284598406, 0.227791583286
2, 3.0, 6, regularization, -0.0347281647139, 0.0021475220031, 16.1712730597, 0.017048406643, 0.00436107547702, 3.90922072612
2, 3.0, 7, regularization, -0.0344113497108, 0.00243465589836, 14.1339684733, 0.0172271721592, 0.00425665795736, 4.04711215505
2, 3.0, 8, regularization, -0.034530112037, 0.00256908413763, 13.4406310526, 0.0175934263612, 0.00489085247143, 3.59721060163
2, 3.0, 9, regularization, -0.0344055935091, 0.00224356182606, 15.3352553558, 0.0171849097272, 0.00480753185828, 3.57458051944
2, 3.0, 10, regularization, -0.0349482709958, 0.00302757044965, 11.5433386529, 0.0176363003488, 0.00544319895357, 3.2400616805
3, 3.0, 6, no_regularization, -0.0347481513457, 0.00151340587304, 22.9602329188, 0.00405247280827, 0.0734696547758, 0.0551584571976
3, 3.0, 7, no_regularization, -0.0344153385945, 0.0019819507488, 17.364376292, 0.00202694662458, 0.0795326481275, 0.0254857177814
3, 3.0, 8, no_regularization, -0.0345491436773, 0.00251921776649, 13.714234687, 0.00997209710522, 0.0565502218849, 0.176340547797
3, 3.0, 9, no_regularization, -0.0343749724612, 0.0015756961095, 21.8157373455, 0.00302657305114, 0.0750172216073, 0.040345043262
3, 3.0, 10, no_regularization, -0.0349259014927, 0.00331033436945, 10.5505660742, 0.011737749324, 0.0515284592681, 0.227791583345
3, 3.0, 6, regularization, -0.03472816458, 0.00214752163012, 16.171275806, 0.0170484066432, 0.00436107508749, 3.90922107536
3, 3.0, 7, regularization, -0.034411349056, 0.00243465625678, 14.1339661236, 0.0172271718803, 0.00425665885687, 4.04711123432
3, 3.0, 8, regularization, -0.0345301120268, 0.00256908416933, 13.4406308828, 0.0175934262983, 0.00489085194986, 3.59721097237
3, 3.0, 9, regularization, -0.0344055935962, 0.00224356183584, 15.3352553277, 0.0171849077598, 0.00480753442491, 3.57457820183
3, 3.0, 10, regularization, -0.0349482718144, 0.00302757082709, 11.5433374842, 0.017636298762, 0.00544320122323, 3.24006003797
1.6, 11.0, 6, no_regularization, -0.0331426920018, 0.578627979356, 0.05727806671, 0.00440859996681, 0.516610340682, 0.00853370445701
1.6, 11.0, 7, no_regularization, 0.00359884739171, 0.320762624595, 0.011219659386, -0.0446794251053, 0.409434428337, 0.10912473894
1.6, 11.0, 8, no_regularization, -0.00323165821713, 0.356937295802, 0.00905385415067, -0.0890025808681, 0.463121780804, 0.192179648112
1.6, 11.0, 9, no_regularization, -0.00433778017155, 0.401327092584, 0.0108085904284, 0.0238657128518, 0.490008724194, 0.048704669271
1.6, 11.0, 10, no_regularization, -0.0181055588518, 0.338028617154, 0.05356220726, -0.0381475668612, 0.415721493768, 0.0917623154758
1.6, 11.0, 6, regularization, -0.0130070511641, 0.368554487683, 0.0352920710471, -0.0105650444856, 0.426736947722, 0.0247577448872
1.6, 11.0, 7, regularization, 0.00403836011911, 0.28528251322, 0.0141556524917, -0.00802635472625, 0.333535670723, 0.0240644567607
1.6, 11.0, 8, regularization, -0.0598446779444, 0.459973595873, 0.130104594006, -0.0290364843934, 0.458660771637, 0.0633071023052
1.6, 11.0, 9, regularization, -0.000622963587887, 0.617915395681, 0.00100816971424, 0.0715834150645, 0.517302375069, 0.13837828418
1.6, 11.0, 10, regularization, -0.0172383151402, 0.233666595171, 0.0737731258831, -0.0219452034341, 0.329211734914, 0.0666598456458
1.4, 7.0, 6, no_regularization, -0.0382759364042, 0.346211812816, 0.110556413696, 0.0132655393653, 0.287849867221, 0.0460849243858
1.4, 7.0, 7, no_regularization, 0.0742313482093, 0.365825144442, 0.202914833322, -0.129971847342, 0.471998421131, 0.275365004464
1.4, 7.0, 8, no_regularization, 0.0319929363657, 0.353309634916, 0.0905521197386, -0.0150304592173, 0.428487849072, 0.0350779123604
1.4, 7.0, 9, no_regularization, 0.0502873877251, 0.496545495347, 0.101274481787, 0.0340564220298, 0.478125150587, 0.071229095537
1.4, 7.0, 10, no_regularization, -0.00373035344398, 0.334543494348, 0.0111505783463, -0.0209837486319, 0.401865341656, 0.052215870484
1.4, 7.0, 6, regularization, -0.0387728964396, 0.268223715672, 0.144554318556, 0.0248025859212, 0.235322787986, 0.105398147512
1.4, 7.0, 7, regularization, 0.0358536764376, 0.218089473461, 0.164398931634, -0.0985148255801, 0.511658585922, 0.192540159182
1.4, 7.0, 8, regularization, 0.027880532336, 0.272372241371, 0.10236187137, 0.00285917492577, 0.420488625442, 0.00679964867722
1.4, 7.0, 9, regularization, -0.00905281860183, 0.229681592925, 0.0394146456691, 0.0262724127741, 0.41083156253, 0.0639493533853
1.4, 7.0, 10, regularization, -0.00398933897954, 0.228248728381, 0.0174780337566, -0.0313235002612, 0.370247681421, 0.0846014758039
1.8, 3.0, 6, no_regularization, -0.0347481514726, 0.00151340560315, 22.9602370972, 0.00405247280827, 0.0734696548122, 0.0551584571703
1.8, 3.0, 7, no_regularization, -0.0344153383739, 0.00198195063481, 17.3643771795, 0.00202694662458, 0.0795326481069, 0.025485717788
1.8, 3.0, 8, no_regularization, -0.0345491436468, 0.00251921765509, 13.7142352813, 0.00997209710522, 0.0565502218739, 0.176340547831
1.8, 3.0, 9, no_regularization, -0.0343749723862, 0.00157569618905, 21.8157361965, 0.00302657336248, 0.0750172216606, 0.0403450473835
1.8, 3.0, 10, no_regularization, -0.0349259015578, 0.00331033421918, 10.5505665728, 0.0117377496871, 0.0515284591803, 0.22779159078
1.8, 3.0, 6, regularization, -0.0347281647118, 0.0021475221281, 16.1712721175, 0.017048406643, 0.00436107547378, 3.90922072903
1.8, 3.0, 7, regularization, -0.034411349111, 0.00243465640588, 14.1339652806, 0.0172271721578, 0.00425665897977, 4.04711118267
1.8, 3.0, 8, regularization, -0.0345301120062, 0.00256908404877, 13.4406315055, 0.0175934262522, 0.00489085219581, 3.59721078205
1.8, 3.0, 9, regularization, -0.0344055935391, 0.00224356189684, 15.3352548854, 0.0171849087039, 0.00480753340579, 3.57457915596
1.8, 3.0, 10, regularization, -0.0349482709865, 0.00302757030213, 11.5433392123, 0.017636300641, 0.0054431995165, 3.24006139911
2, 0.5, 6, no_regularization, -0.00635101634464, 0.000592819559984, 10.7132368318, 0.0028099838633, 0.00291268919066, 0.964738658801
2, 0.5, 7, no_regularization, -0.00616735147938, 0.000819882518231, 7.52223805514, 0.00266660905378, 0.00617327637624, 0.431960095621
2, 0.5, 8, no_regularization, -0.00631551058698, 0.000704618478537, 8.96302152065, 0.00291793341955, 0.00327062416699, 0.892164085681
2, 0.5, 9, no_regularization, -0.00604715023455, 0.000591923770872, 10.2160962815, 0.00280808794995, 0.0033055456858, 0.849508134774
2, 0.5, 10, no_regularization, -0.00615623908405, 0.000986745710636, 6.23893168999, 0.00329619718894, 0.0050752399367, 0.649466277468
2, 0.5, 6, regularization, -0.00633251339232, 0.00124832228644, 5.07281930404, 0.00283935584519, 0.0022389570948, 1.26816000708
2, 0.5, 7, regularization, -0.00617474866553, 0.00134245428829, 4.5995969616, 0.00275758286576, 0.00266067699596, 1.03642150849
2, 0.5, 8, regularization, -0.0062954371997, 0.00127834209167, 4.92468897074, 0.00307724845901, 0.0022022086291, 1.39734647224
2, 0.5, 9, regularization, -0.00603791734979, 0.00140933612363, 4.28422804792, 0.00274361791355, 0.00237477401587, 1.15531747241
2, 0.5, 10, regularization, -0.0061587316439, 0.00143115773834, 4.30332134531, 0.00306474311512, 0.00241720538286, 1.26788693127
2.8, 9.0, 6, no_regularization, 0.0455046649271, 0.483851008352, 0.0940468535595, -0.0409518620888, 0.641908375685, 0.0637970521028
2.8, 9.0, 7, no_regularization, 0.0225337791859, 0.36834094831, 0.0611764162777, -0.0431871180417, 0.609045005996, 0.0709095676289
2.8, 9.0, 8, no_regularization, -0.0479556902153, 0.329291393248, 0.145632990108, 0.0430142720427, 0.400742246037, 0.107336504868
2.8, 9.0, 9, no_regularization, -0.0456766825114, 0.406529923379, 0.112357491748, -0.0374032541252, 1.36209839974, 0.0274600235434
2.8, 9.0, 10, no_regularization, -0.00128665989826, 0.360365827592, 0.00357042704869, 0.0464970783086, 0.704475324487, 0.0660024229273
2.8, 9.0, 6, regularization, 0.00187716804463, 0.34987707683, 0.00536522158477, -0.188099667836, 0.801575128408, 0.234662555223
2.8, 9.0, 7, regularization, 0.021331983294, 0.266050670644, 0.0801801523083, -0.0173437761479, 0.684873059224, 0.0253240741687
2.8, 9.0, 8, regularization, -0.0510276144847, 0.234446440652, 0.217651478704, 0.0757739679609, 0.314445032545, 0.240976832573
2.8, 9.0, 9, regularization, -0.0426065707309, 0.226102544098, 0.188439147825, 0.0440947465538, 0.321534906462, 0.137138287843
2.8, 9.0, 10, regularization, -0.014658094632, 0.497116626474, 0.0294862288875, -0.0376401007697, 0.646245478743, 0.0582442771483
2.4, 11.0, 6, no_regularization, -0.0114878222785, 0.413673231043, 0.0277702819919, -0.0353436430196, 0.680613888063, 0.051929065274
2.4, 11.0, 7, no_regularization, 0.00623133645845, 0.315710049626, 0.0197375296283, -0.0950422842034, 0.390682281504, 0.243272573912
2.4, 11.0, 8, no_regularization, 0.0174543922364, 0.372722882132, 0.0468294088536, -0.0634987537028, 0.587519518678, 0.108079394274
2.4, 11.0, 9, no_regularization, 0.0477987754643, 0.433318012946, 0.110308766394, -0.0620688465897, 0.614561721716, 0.100996929025
2.4, 11.0, 10, no_regularization, 0.0107448481872, 0.405961559942, 0.0264676492738, -0.01522694042, 0.664719599026, 0.022907313764
2.4, 11.0, 6, regularization, -0.00809855083092, 0.294635663783, 0.0274866617535, -0.0250656151536, 0.692146856521, 0.0362143018023
2.4, 11.0, 7, regularization, -0.0615942430849, 0.262896203146, 0.234291109372, 0.0228294561593, 0.409585373111, 0.0557379673642
2.4, 11.0, 8, regularization, 0.0213290033322, 0.237219026227, 0.0899127008124, -0.0755884447288, 0.555189140341, 0.136148997227
2.4, 11.0, 9, regularization, 0.046367239341, 0.345037674263, 0.134383120452, -0.0519017073487, 0.581024639099, 0.0893278939585
2.4, 11.0, 10, regularization, 0.009517332437, 0.255695414555, 0.0372213653247, -0.00308185088669, 0.399049793457, 0.00772297326603
1.8, 5.0, 6, no_regularization, -0.0278453945963, 0.18841769662, 0.147785452724, 0.0142855073507, 0.201450254541, 0.0709133248962
1.8, 5.0, 7, no_regularization, -0.0281907335945, 0.21338975394, 0.132109124614, 0.000360941000617, 0.214866373853, 0.00167983940039
1.8, 5.0, 8, no_regularization, -0.0398492676136, 0.217413531688, 0.183287890612, -0.00614895241343, 0.23270450298, 0.0264238651796
1.8, 5.0, 9, no_regularization, -0.0549303071335, 0.0265381814315, 2.06985950697, 0.0158063915596, 0.0934776096569, 0.169092808616
1.8, 5.0, 10, no_regularization, -0.0667038476352, 0.16474123749, 0.404900731907, 0.0183048533737, 0.179353076594, 0.102060436996
1.8, 5.0, 6, regularization, -0.0286405352647, 0.132432989468, 0.216264356637, 0.026660337218, 0.176522858827, 0.151030508995
1.8, 5.0, 7, regularization, -0.0264051324519, 0.164378920163, 0.160635758075, -0.000789462493487, 0.185494190912, 0.00425599577867
1.8, 5.0, 8, regularization, -0.0435820041857, 0.15524085795, 0.280737975564, 0.00166201895454, 0.196120320068, 0.00847448624377
1.8, 5.0, 9, regularization, -0.0557365410151, 0.00701080451032, 7.9500920234, 0.0290023360883, 0.00684704737461, 4.23574345283
1.8, 5.0, 10, regularization, -0.0454077857734, 0.0660719887697, 0.687247146921, 0.0230534397067, 0.0863251861578, 0.267053460673
1.6, 3.0, 6, no_regularization, -0.0347481514665, 0.00151340576399, 22.9602346531, 0.00405247282855, 0.0734696547235, 0.0551584575129
1.6, 3.0, 7, no_regularization, -0.0344153383409, 0.00198195049055, 17.3643784267, 0.00202694662458, 0.079532648128, 0.0254857177812
1.6, 3.0, 8, no_regularization, -0.0345491440383, 0.00251921752435, 13.7142361484, 0.00997210297355, 0.0565502239808, 0.176340645033
1.6, 3.0, 9, no_regularization, -0.0343749724612, 0.00157569627718, 21.8157350239, 0.00302657335622, 0.0750172216663, 0.040345047297
1.6, 3.0, 10, no_regularization, -0.0349259015137, 0.00331033437643, 10.5505660583, 0.0117377492822, 0.0515284591647, 0.227791582992
1.6, 3.0, 6, regularization, -0.0347281647126, 0.00214752142592, 16.1712774054, 0.0170484066303, 0.00436107501739, 3.90922113523
1.6, 3.0, 7, regularization, -0.0344113490752, 0.00243465640847, 14.1339652509, 0.0172271720496, 0.00425665853802, 4.04711157724
1.6, 3.0, 8, regularization, -0.0345301120284, 0.00256908411646, 13.44063116, 0.0175934262985, 0.00489085204205, 3.59721090462
1.6, 3.0, 9, regularization, -0.0344055935675, 0.00224356196877, 15.3352544063, 0.0171849093006, 0.004807531713, 3.57458053872
1.6, 3.0, 10, regularization, -0.0349482717931, 0.00302757058361, 11.5433384055, 0.0176362988058, 0.00544320086715, 3.24006025797
2, 5.0, 6, no_regularization, -0.0352586188641, 0.215850512962, 0.163347394362, 0.00484320954124, 0.212194259568, 0.0228244135873
2, 5.0, 7, no_regularization, -0.0423414618425, 0.153270944833, 0.276252370523, 0.00105312214299, 0.158572273704, 0.00664127541589
2, 5.0, 8, no_regularization, -0.0378091551499, 0.227282803957, 0.166352907002, -0.00697061727986, 0.230746881885, 0.0302089338018
2, 5.0, 9, no_regularization, -0.0549299235061, 0.0265382699749, 2.06983814537, 0.0158063571024, 0.0934778348183, 0.169092032707
2, 5.0, 10, no_regularization, -0.038662574394, 0.138584315728, 0.278982323438, 0.0170344596624, 0.158770398923, 0.107289896467
2, 5.0, 6, regularization, -0.0350948472088, 0.156189565245, 0.224693929801, 0.0174211179619, 0.19393997155, 0.0898273719573
2, 5.0, 7, regularization, -0.0428704568778, 0.0822609343325, 0.521152078149, 0.0118676197357, 0.140623067263, 0.0843931224564
2, 5.0, 8, regularization, -0.0458042267035, 0.175114961449, 0.261566609298, 0.00307983971435, 0.191554961014, 0.0160780994554
2, 5.0, 9, regularization, -0.0557360298373, 0.00701179036818, 7.9489013377, 0.0290024353967, 0.00684673026158, 4.23595413996
2, 5.0, 10, regularization, -0.0380492024866, 0.0848592123949, 0.448380339774, 0.0248376812132, 0.0811185006894, 0.306190092299
1.6, 1.0, 6, no_regularization, -0.0125215039426, 0.000795647632789, 15.7374991473, 0.00630712437979, 0.0065397572157, 0.964427909441
1.6, 1.0, 7, no_regularization, -0.0123162811567, 0.00124302824809, 9.90828742273, -0.0016056444838, 0.0535313707319, 0.0299944586108
1.6, 1.0, 8, no_regularization, -0.0120944056343, 0.00117544668262, 10.289199683, 0.00576511889769, 0.00555022972731, 1.03871716685
1.6, 1.0, 9, no_regularization, -0.0119265187781, 0.000773251306609, 15.4238585518, 0.00600774320998, 0.00449829819062, 1.33555912823
1.6, 1.0, 10, no_regularization, -0.0120745869262, 0.00154415535039, 7.81954155266, 0.00617958753887, 0.00673791180348, 0.917136899251
1.6, 1.0, 6, regularization, -0.0124816696895, 0.00100139601475, 12.4642693855, 0.00568257205775, 0.00284485175918, 1.99749320485
1.6, 1.0, 7, regularization, -0.012319483651, 0.00123836804311, 9.94816017709, 0.00604382632272, 0.00252775653424, 2.39098435346
1.6, 1.0, 8, regularization, -0.0120811405693, 0.00121904266481, 9.91035089915, 0.00567914476836, 0.002537507571, 2.23807993059
1.6, 1.0, 9, regularization, -0.011953146352, 0.00104222672585, 11.4688541903, 0.00588134506637, 0.00206062480831, 2.85415619702
1.6, 1.0, 10, regularization, -0.012087825495, 0.00136996551432, 8.82345239247, 0.00588125635306, 0.002511047433, 2.34215263152
1.6, 0.5, 6, no_regularization, -0.00635101652151, 0.000592818645347, 10.7132536592, 0.0028099839228, 0.00291268874704, 0.964738826163
1.6, 0.5, 7, no_regularization, -0.00616735175022, 0.000819881457073, 7.52224812138, 0.00266660946305, 0.00617327668155, 0.431960140555
1.6, 0.5, 8, no_regularization, -0.00631551058698, 0.00070461849041, 8.96302136962, 0.00291793344819, 0.00327062431648, 0.892164053659
1.6, 0.5, 9, no_regularization, -0.00604715019561, 0.000591923796431, 10.2160957746, 0.00280808794995, 0.0033055456858, 0.849508134774
1.6, 0.5, 10, no_regularization, -0.00615623899376, 0.000986745723444, 6.23893151751, 0.00329619726997, 0.00507524010251, 0.649466272213
1.6, 0.5, 6, regularization, -0.00633251347932, 0.00124832201441, 5.0728204792, 0.0028393555474, 0.00223895674196, 1.26816007392
1.6, 0.5, 7, regularization, -0.00617474866579, 0.00134245430827, 4.59959689336, 0.00275758289817, 0.00266067701667, 1.03642151261
1.6, 0.5, 8, regularization, -0.00629543719965, 0.00127834203429, 4.92468919177, 0.00307724838675, 0.00220220856497, 1.39734648012
1.6, 0.5, 9, regularization, -0.00603791734888, 0.00140933612367, 4.28422804713, 0.00274361791355, 0.00237477401587, 1.15531747241
1.6, 0.5, 10, regularization, -0.00615873164824, 0.00143115772011, 4.30332140315, 0.0030647429266, 0.00241720534563, 1.26788687281
2.2, 1.0, 6, no_regularization, -0.0125215019768, 0.000795650926166, 15.7374315356, 0.00630712191465, 0.00653976155402, 0.964426892716
2.2, 1.0, 7, no_regularization, -0.0123162811567, 0.00124302824809, 9.90828742273, -0.0016056444838, 0.0535313707319, 0.0299944586108
2.2, 1.0, 8, no_regularization, -0.0120944056343, 0.00117544668262, 10.289199683, 0.00576511889769, 0.00555022972731, 1.03871716685
2.2, 1.0, 9, no_regularization, -0.0119265194539, 0.000773250019652, 15.4238850964, 0.00600774682603, 0.00449829400819, 1.33556117388
2.2, 1.0, 10, no_regularization, -0.0120745908979, 0.00154416246788, 7.81950808228, 0.00617958339179, 0.00673790264621, 0.917137530217
2.2, 1.0, 6, regularization, -0.0124816696675, 0.00100139604185, 12.4642690264, 0.00568257337134, 0.00284485173881, 1.99749368089
2.2, 1.0, 7, regularization, -0.0123194838328, 0.00123836743737, 9.94816518994, 0.0060438265468, 0.00252775545652, 2.39098546152
2.2, 1.0, 8, regularization, -0.0120811410614, 0.00121904193073, 9.91035727058, 0.00567914722435, 0.0025375064484, 2.23808188859
2.2, 1.0, 9, regularization, -0.011953146352, 0.001042226726, 11.4688541887, 0.00588134506362, 0.00206062481501, 2.8541561864
2.2, 1.0, 10, regularization, -0.0120878258151, 0.00136996419207, 8.82346114232, 0.00588125670147, 0.00251104527088, 2.34215478697
2.8, 3.0, 6, no_regularization, -0.0347481514286, 0.00151340577, 22.9602345368, 0.00405247282855, 0.0734696548371, 0.0551584574276
2.8, 3.0, 7, no_regularization, -0.0344153383937, 0.00198195048411, 17.3643785098, 0.00202694645386, 0.07953264812, 0.0254857156372
2.8, 3.0, 8, no_regularization, -0.0345491438429, 0.00251921789496, 13.7142340534, 0.00997210197841, 0.0565502228902, 0.176340630837
2.8, 3.0, 9, no_regularization, -0.0343749723809, 0.00157569620412, 21.8157359846, 0.00302657370054, 0.0750172217432, 0.0403450518455
2.8, 3.0, 10, no_regularization, -0.0349259015578, 0.00331033413509, 10.5505668408, 0.0117377496871, 0.0515284591809, 0.227791590777
2.8, 3.0, 6, regularization, -0.0347281646571, 0.00214752135289, 16.1712779295, 0.0170484066303, 0.00436107490531, 3.9092212357
2.8, 3.0, 7, regularization, -0.0344113490602, 0.00243465648964, 14.1339647735, 0.0172271714891, 0.00425665996832, 4.04711008568
2.8, 3.0, 8, regularization, -0.0345301120087, 0.00256908424864, 13.4406304609, 0.0175934262522, 0.00489085197414, 3.59721094509
2.8, 3.0, 9, regularization, -0.0344055935665, 0.00224356182092, 15.3352554165, 0.0171849091524, 0.00480753345923, 3.57457920951
2.8, 3.0, 10, regularization, -0.0349482709855, 0.00302757024695, 11.5433394223, 0.017636300641, 0.00544319944185, 3.24006144354
2.6, 0.5, 6, no_regularization, -0.00635101659287, 0.000592818745509, 10.7132519695, 0.0028099839228, 0.00291268882793, 0.964738799373
2.6, 0.5, 7, no_regularization, -0.00616735146641, 0.000819882278966, 7.52224023452, 0.00266660904465, 0.00617327621989, 0.431960105083
2.6, 0.5, 8, no_regularization, -0.00631551058698, 0.000704618478537, 8.96302152065, 0.00291793341955, 0.00327062416699, 0.892164085681
2.6, 0.5, 9, no_regularization, -0.00604715023455, 0.000591923770872, 10.2160962815, 0.00280808794995, 0.0033055456858, 0.849508134774
2.6, 0.5, 10, no_regularization, -0.00615623908405, 0.000986745710636, 6.23893168999, 0.00329619718894, 0.0050752399367, 0.649466277468
2.6, 0.5, 6, regularization, -0.00633251353235, 0.00124832202745, 5.07282046867, 0.00283935459853, 0.00223895817021, 1.26815884116
2.6, 0.5, 7, regularization, -0.00617474940412, 0.0013424574917, 4.5995865361, 0.00275758323304, 0.00266067973491, 1.03642057962
2.6, 0.5, 8, regularization, -0.0062954371997, 0.00127834209167, 4.92468897074, 0.00307724845901, 0.0022022086291, 1.39734647224
2.6, 0.5, 9, regularization, -0.00603791732583, 0.00140933617369, 4.28422787872, 0.00274361816271, 0.00237477387685, 1.15531764496
2.6, 0.5, 10, regularization, -0.00615873164353, 0.00143115773997, 4.30332134016, 0.00306474311512, 0.00241720538286, 1.26788693127
2.4, 5.0, 6, no_regularization, -0.0318480674756, 0.208979629181, 0.152397951898, -0.0024436344668, 0.212340324888, 0.0115081036449
2.4, 5.0, 7, no_regularization, -0.0423434002905, 0.153422628466, 0.275991884079, 0.000898604462464, 0.161184277424, 0.00557501312674
2.4, 5.0, 8, no_regularization, -0.0575770010374, 0.171537750414, 0.335652070162, 0.0213355241773, 0.176787151359, 0.120684812291
2.4, 5.0, 9, no_regularization, -0.0549289757653, 0.0265385073487, 2.06978391978, 0.0158063591957, 0.0934887482386, 0.169072316119
2.4, 5.0, 10, no_regularization, -0.0595141509821, 0.0797833566077, 0.745946943229, 0.0197296861819, 0.109610160786, 0.17999869757
2.4, 5.0, 6, regularization, -0.0369032310443, 0.140195691709, 0.263226569907, 0.0141756122544, 0.169321526093, 0.0837200832137
2.4, 5.0, 7, regularization, -0.0424936835466, 0.0847664630304, 0.501303015692, 0.0158919163446, 0.140775789594, 0.11288813503
2.4, 5.0, 8, regularization, -0.0581100988257, 0.0956327358637, 0.607638151318, 0.0235075824735, 0.143845371068, 0.163422585649
2.4, 5.0, 9, regularization, -0.0557362907567, 0.00701338871507, 7.94712699112, 0.0290024392657, 0.00683723916206, 4.24183483688
2.4, 5.0, 10, regularization, -0.0575175952864, 0.02462482292, 2.33575670669, 0.0293631950166, 0.0345980904543, 0.848694093548
2.8, 7.0, 6, no_regularization, -0.0511350040179, 0.443082120042, 0.11540750959, 0.00898202131053, 0.281717381272, 0.0318830924453
2.8, 7.0, 7, no_regularization, 0.0158348533082, 0.512775940158, 0.0308806479947, 0.000437121360072, 0.582569950126, 0.000750332831238
2.8, 7.0, 8, no_regularization, -0.00049717121588, 0.475177474106, 0.00104628532069, -0.0351289437293, 0.56015158702, 0.0627132807321
2.8, 7.0, 9, no_regularization, -0.0463204679429, 0.31071508072, 0.149076986658, 0.0162631465911, 0.345305725467, 0.0470978190966
2.8, 7.0, 10, no_regularization, -0.0453218968879, 0.318689395681, 0.142213382378, -0.0122366250672, 0.360076615347, 0.0339833928271
2.8, 7.0, 6, regularization, -0.0397891629562, 0.169455289608, 0.23480626098, 0.0233234434329, 0.164464678163, 0.141814301365
2.8, 7.0, 7, regularization, -0.0101068119133, 0.438177701071, 0.0230655551129, -0.135110700047, 0.628561945148, 0.214952084022
2.8, 7.0, 8, regularization, -0.0524947103725, 0.147615454717, 0.35561798372, 0.0179158562698, 0.214910206493, 0.0833643806973
2.8, 7.0, 9, regularization, 0.0152070981579, 0.294757558193, 0.0515918853823, -0.0202370835013, 0.393978413301, 0.0513659703632
2.8, 7.0, 10, regularization, -0.0233984499511, 0.261739385503, 0.0893959841241, -0.0218423180765, 0.321470352792, 0.067945046524
1.8, 0.5, 6, no_regularization, -0.00635101652151, 0.000592818645347, 10.7132536592, 0.0028099839228, 0.00291268874704, 0.964738826163
1.8, 0.5, 7, no_regularization, -0.00616735148611, 0.000819882463893, 7.52223856188, 0.00266660904465, 0.00617327638951, 0.431960093214
1.8, 0.5, 8, no_regularization, -0.00631551058698, 0.000704618478537, 8.96302152065, 0.00291793341955, 0.00327062416699, 0.892164085681
1.8, 0.5, 9, no_regularization, -0.00604715023455, 0.000591923770872, 10.2160962815, 0.00280808794995, 0.0033055456858, 0.849508134774
1.8, 0.5, 10, no_regularization, -0.00615623910708, 0.000986745743611, 6.23893150484, 0.00329619796898, 0.00507523917129, 0.64946652911
1.8, 0.5, 6, regularization, -0.00633251349017, 0.00124832200698, 5.07282051808, 0.00283935542399, 0.00223895698504, 1.26815988112
1.8, 0.5, 7, regularization, -0.0061747487733, 0.00134245399287, 4.59959805407, 0.00275758236633, 0.00266067704678, 1.03642130099
1.8, 0.5, 8, regularization, -0.00629543720422, 0.00127834208423, 4.92468900295, 0.0030772485058, 0.00220220861004, 1.39734650558
1.8, 0.5, 9, regularization, -0.00603791734979, 0.00140933612363, 4.28422804792, 0.00274361791355, 0.00237477401587, 1.15531747241
1.8, 0.5, 10, regularization, -0.00615873164605, 0.00143115773662, 4.30332135199, 0.0030647429266, 0.00241720534275, 1.26788687432
1.4, 5.0, 6, no_regularization, -0.0299872447479, 0.187772080419, 0.15970023169, 0.0187207857049, 0.191687707085, 0.0976629434908
1.4, 5.0, 7, no_regularization, -0.0429764262464, 0.172971696923, 0.248459297162, 0.0133259324756, 0.170727946121, 0.0780536097244
1.4, 5.0, 8, no_regularization, -0.0517957822591, 0.166364990482, 0.311338233537, 0.00662800266331, 0.196391542342, 0.0337489210801
1.4, 5.0, 9, no_regularization, -0.0549342379079, 0.0257995252849, 2.12927320566, 0.014977141177, 0.0917819732249, 0.163181730036
1.4, 5.0, 10, no_regularization, -0.0292128926439, 0.23075007213, 0.126599711863, 0.0224358267647, 0.241472693298, 0.0929124799095
1.4, 5.0, 6, regularization, -0.0229916470563, 0.156105291573, 0.147282944894, 0.0253235675621, 0.164472448463, 0.153968447596
1.4, 5.0, 7, regularization, -0.0440661743156, 0.150482709366, 0.292832143315, 0.00910968720382, 0.2024329842, 0.0450010023802
1.4, 5.0, 8, regularization, -0.0504773688576, 0.128697598884, 0.3922168657, 0.0234790520338, 0.141082184203, 0.166421098216
1.4, 5.0, 9, regularization, -0.0557440598551, 0.0069808259716, 7.98531005956, 0.0289575901288, 0.00699984693093, 4.13688905123
1.4, 5.0, 10, regularization, -0.061529681068, 0.0947903253933, 0.649113512509, 0.0164374334992, 0.128893039578, 0.127527704778
1.8, 1.0, 6, no_regularization, -0.012521502467, 0.000795650549939, 15.7374395932, 0.00630712196996, 0.00653976031324, 0.964427084155
1.8, 1.0, 7, no_regularization, -0.0123162811567, 0.00124302824809, 9.90828742273, -0.0016056444838, 0.0535313707319, 0.0299944586108
1.8, 1.0, 8, no_regularization, -0.0120944056343, 0.00117544668152, 10.2891996927, 0.00576511889769, 0.00555023021521, 1.03871707554
1.8, 1.0, 9, no_regularization, -0.0119265194539, 0.000773250018806, 15.4238851133, 0.00600774683446, 0.00449829410484, 1.33556114706
1.8, 1.0, 10, no_regularization, -0.0120745909125, 0.00154416251364, 7.81950785994, 0.00617958339179, 0.00673790230177, 0.917137577101
1.8, 1.0, 6, regularization, -0.0124816697979, 0.00100139556584, 12.4642750814, 0.00568257284413, 0.00284485169008, 1.99749352978
1.8, 1.0, 7, regularization, -0.0123194838325, 0.0012383674376, 9.94816518787, 0.0060438265468, 0.00252775545652, 2.39098546152
1.8, 1.0, 8, regularization, -0.0120811407953, 0.0012190425393, 9.91035210487, 0.00567914743872, 0.00253750623137, 2.2380821645
1.8, 1.0, 9, regularization, -0.011953146352, 0.00104222679486, 11.4688534309, 0.00588134507142, 0.00206062448146, 2.85415665218
1.8, 1.0, 10, regularization, -0.0120878257672, 0.00136996488381, 8.82345665208, 0.00588125649321, 0.00251104675124, 2.34215332323
1.6, 5.0, 6, no_regularization, -0.0298688152117, 0.178567449041, 0.167269092839, 0.0154024094709, 0.193193607153, 0.0797252543594
1.6, 5.0, 7, no_regularization, -0.0407588455088, 0.21505982956, 0.189523285646, 0.00273629495705, 0.20029960856, 0.0136610100076
1.6, 5.0, 8, no_regularization, -0.0586495885326, 0.173275885885, 0.33847519078, 0.0186505396023, 0.18939439717, 0.0984746110815
1.6, 5.0, 9, no_regularization, -0.0558020747081, 0.0113707869846, 4.90749451059, 0.0158099834513, 0.0811976289402, 0.194709915273
1.6, 5.0, 10, no_regularization, -0.0630748564356, 0.160463272098, 0.393079709835, 0.0189807290806, 0.170579053909, 0.111272331776
1.6, 5.0, 6, regularization, -0.0252169260751, 0.136140922098, 0.185226643734, 0.0225333604003, 0.164797120849, 0.136733944648
1.6, 5.0, 7, regularization, -0.0410984545341, 0.150699053616, 0.272718730131, 0.00579433195864, 0.178581897565, 0.0324463567565
1.6, 5.0, 8, regularization, -0.0573586237949, 0.13159833522, 0.435861317692, 0.0259964793309, 0.140108705624, 0.185545068132
1.6, 5.0, 9, regularization, -0.0576729133932, 0.0168464165558, 3.42345288698, 0.0263656342525, 0.0540233462331, 0.488041487447
1.6, 5.0, 10, regularization, -0.0718880566533, 0.134839259491, 0.533138916106, 0.0213384234861, 0.147689926869, 0.144481238081
2.6, 5.0, 6, no_regularization, -0.0317616381693, 0.226620663284, 0.140153319247, 0.00588603989254, 0.218147617266, 0.0269819123689
2.6, 5.0, 7, no_regularization, -0.0464722249325, 0.135399244694, 0.343223664486, -0.00311192922533, 0.159191000236, 0.019548399223
2.6, 5.0, 8, no_regularization, -0.0609185245086, 0.152967504215, 0.398244874433, 0.0242117415738, 0.176984103124, 0.136801786977
2.6, 5.0, 9, no_regularization, -0.0563947662504, 0.00243143462651, 23.194029416, 0.0158118002614, 0.0783372398246, 0.201842703378
2.6, 5.0, 10, no_regularization, -0.0251385663713, 0.253957978956, 0.0989871098937, 0.0135444155218, 0.26137802627, 0.0518192585471
2.6, 5.0, 6, regularization, -0.0349535614789, 0.134175348878, 0.260506581658, 0.0154171687284, 0.168029249014, 0.0917528871842
2.6, 5.0, 7, regularization, -0.0457083787179, 0.0839923016948, 0.544197239457, 0.0139266212388, 0.145617367236, 0.0956384633454
2.6, 5.0, 8, regularization, -0.0621968769785, 0.133254327598, 0.466753148656, 0.0225890438993, 0.161632185146, 0.13975585295
2.6, 5.0, 9, regularization, -0.0564006494633, 0.0020271696562, 27.8223627168, 0.0290020460713, 0.00659941506395, 4.39463888698
2.6, 5.0, 10, regularization, -0.0445811632044, 0.0852471663266, 0.52296357903, 0.0288099636762, 0.115473937825, 0.249493212225
1.8, 11.0, 6, no_regularization, -0.00349985754493, 0.34060619435, 0.010275378437, -0.122324960166, 0.491160789447, 0.249052780258
1.8, 11.0, 7, no_regularization, 0.0034840056563, 0.320049035734, 0.0108858495646, -0.0452265289772, 0.377618935578, 0.119767640645
1.8, 11.0, 8, no_regularization, -0.00931797566218, 0.360684810321, 0.0258341227452, -0.086134522643, 0.429536410976, 0.200529036519
1.8, 11.0, 9, no_regularization, 0.0264952646234, 0.375664517719, 0.0705290581722, 0.0103597646852, 0.396543812286, 0.0261251452279
1.8, 11.0, 10, no_regularization, 0.00955112022704, 0.326905038117, 0.0292168033936, -0.0281523240152, 0.361067414673, 0.0779697166542
1.8, 11.0, 6, regularization, 0.023904302106, 0.245501617967, 0.0973692243007, -0.0629360938982, 0.457597348265, 0.137535967236
1.8, 11.0, 7, regularization, 0.0176548956764, 0.35062961511, 0.0503519808812, -0.0329153343479, 0.456569006703, 0.0720927918118
1.8, 11.0, 8, regularization, -0.0118898539827, 0.278401918145, 0.0427075145958, -0.0815376719855, 0.384348272453, 0.212145280282
1.8, 11.0, 9, regularization, 0.00179649282776, 0.214973883486, 0.00835679571224, 0.0442472131013, 0.382833943351, 0.115578082534
1.8, 11.0, 10, regularization, -0.00440274678347, 0.247594318365, 0.0177820994139, -0.0262065513415, 0.351980630091, 0.0744545270424
2.4, 9.0, 6, no_regularization, -0.0496583745602, 0.321389837923, 0.154511340125, -0.000380525054149, 0.47826905188, 0.000795629683027
2.4, 9.0, 7, no_regularization, 0.0493513355838, 0.345250521731, 0.142943551067, -0.0139273501999, 0.417307486005, 0.0333743119089
2.4, 9.0, 8, no_regularization, 0.00659141695358, 0.321054601311, 0.0205305170107, -0.0602775454562, 0.501451310141, 0.120206178022
2.4, 9.0, 9, no_regularization, -0.0950260670988, 0.221025690053, 0.429932226774, -0.0361600009542, 0.283788155841, 0.127418992688
2.4, 9.0, 10, no_regularization, -0.00351973009793, 0.395209712179, 0.00890598077289, 0.00992042022129, 0.626157797588, 0.0158433229762
2.4, 9.0, 6, regularization, -0.0478363730286, 0.232640711723, 0.205623395296, -0.00389239330663, 0.436511078552, 0.00891705502536
2.4, 9.0, 7, regularization, 0.00458625671543, 0.233867305237, 0.0196105082357, -0.0536542526155, 0.63627051168, 0.0843261657275
2.4, 9.0, 8, regularization, -0.0112967418032, 0.251835617042, 0.0448576017001, -0.0602958429549, 0.382139227007, 0.157785013141
2.4, 9.0, 9, regularization, -0.09165315969, 0.162393705106, 0.564388623502, -0.0200887217001, 0.60962366682, 0.0329526604584
2.4, 9.0, 10, regularization, -0.00786850719793, 0.264996930293, 0.0296928239479, 0.0124939582979, 0.606826841785, 0.0205890007455
2.6, 9.0, 6, no_regularization, -0.00313218023541, 0.475270138022, 0.00659031566437, -0.166108333616, 0.870753054361, 0.19076399765
2.6, 9.0, 7, no_regularization, 0.0131834539696, 0.337746393684, 0.0390335891549, -0.0366496368302, 0.614178924743, 0.0596725731765
2.6, 9.0, 8, no_regularization, -0.00713079139804, 0.37532911344, 0.0189987697269, -0.0591032618343, 0.479135700152, 0.123353909582
2.6, 9.0, 9, no_regularization, -0.0409002178912, 0.449005764615, 0.0910906298192, -0.0546177439371, 0.880193933616, 0.0620519431584
2.6, 9.0, 10, no_regularization, -0.00212598440838, 0.420783209544, 0.00505244591551, 0.0581178380311, 0.634808253228, 0.0915517996743
2.6, 9.0, 6, regularization, -0.00765186632622, 0.246513654014, 0.0310403346899, -0.0495530112765, 0.383744519666, 0.129130212256
2.6, 9.0, 7, regularization, -0.0262922258046, 0.303235823454, 0.0867055399493, -0.109155580707, 0.82080303991, 0.132986326073
2.6, 9.0, 8, regularization, 0.0143488864411, 0.26104942144, 0.0549661683293, -0.0288207903814, 0.621262285277, 0.0463906969156
2.6, 9.0, 9, regularization, -0.0422344135405, 0.409178426562, 0.103217596039, 0.0157930751916, 0.811832296479, 0.0194536177732
2.6, 9.0, 10, regularization, -0.00202763716862, 0.312455518327, 0.00648936264425, 0.0752212224767, 0.604136216054, 0.124510367824
2.6, 3.0, 6, no_regularization, -0.0347481513591, 0.00151340576054, 22.9602346345, 0.00405247280827, 0.073469654837, 0.0551584571516
2.6, 3.0, 7, no_regularization, -0.0344153383602, 0.00198195057363, 17.3643777085, 0.0020269478381, 0.0795326492083, 0.0254857326931
2.6, 3.0, 8, no_regularization, -0.0345491436778, 0.00251921774965, 13.7142347789, 0.00997209710522, 0.0565502219347, 0.176340547642
2.6, 3.0, 9, no_regularization, -0.0343749723502, 0.00157569625841, 21.8157352134, 0.00302657355489, 0.075017221705, 0.0403450499246
2.6, 3.0, 10, no_regularization, -0.0349259015578, 0.00331033413509, 10.5505668408, 0.011737749324, 0.0515284592156, 0.227791583577
2.6, 3.0, 6, regularization, -0.0347281647089, 0.00214752212975, 16.1712721037, 0.017048406643, 0.00436107547326, 3.90922072949
2.6, 3.0, 7, regularization, -0.0344113491104, 0.00243465630747, 14.1339658517, 0.0172271725455, 0.00425665940835, 4.04711086627
2.6, 3.0, 8, regularization, -0.034530112037, 0.00256908405592, 13.4406314801, 0.0175934262522, 0.00489085193076, 3.59721097699
2.6, 3.0, 9, regularization, -0.0344055935508, 0.00224356180252, 15.3352555352, 0.017184909032, 0.00480753299069, 3.57457953284
2.6, 3.0, 10, regularization, -0.0349482709857, 0.00302757024727, 11.5433394212, 0.017636300641, 0.00544319944185, 3.24006144354
3, 7.0, 6, no_regularization, -0.0415968898109, 0.227873375581, 0.182543878612, 0.00617659042941, 0.257439504315, 0.0239923955954
3, 7.0, 7, no_regularization, -0.0202344190479, 0.433374122774, 0.0466904182427, 0.026688591162, 0.664930748929, 0.0401373995788
3, 7.0, 8, no_regularization, 0.0551785088952, 0.49699979411, 0.111023202724, -0.169858384138, 0.894336008905, 0.189926808769
3, 7.0, 9, no_regularization, -0.0462213871194, 0.286330508978, 0.161426692826, 0.018600526255, 0.323121393246, 0.0575651338592
3, 7.0, 10, no_regularization, -0.0325699669951, 0.329316865286, 0.0989016064113, 0.0154080747245, 0.380294111559, 0.0405162064206
3, 7.0, 6, regularization, -0.0705134307125, 0.188006270325, 0.375058930697, 0.0151080876021, 0.216648541463, 0.0697354687926
3, 7.0, 7, regularization, -0.0106689769302, 0.366936468665, 0.0290758151377, -0.0278062548323, 0.624626517501, 0.044516609611
3, 7.0, 8, regularization, 0.0494069492995, 0.36653742261, 0.13479373797, -0.176354966891, 0.885550087881, 0.199147365355
3, 7.0, 9, regularization, -0.0443171936003, 0.233250130881, 0.189998579778, 0.0252048136437, 0.4051800011, 0.0622064602775
3, 7.0, 10, regularization, -0.0545775574536, 0.279733740765, 0.195105378795, -0.0278431675404, 0.500310759703, 0.0556517464404
1.8, 9.0, 6, no_regularization, -0.0130877108218, 0.326211322891, 0.0401203450139, 0.0292883300113, 0.42580986115, 0.0687826485093
1.8, 9.0, 7, no_regularization, 0.0207027536581, 0.375307984099, 0.0551620390059, -0.0171634860306, 0.373931695333, 0.0459000567346
1.8, 9.0, 8, no_regularization, 0.0248011906389, 0.361846578558, 0.0685406249735, -0.132400383522, 0.526364197016, 0.25153759369
1.8, 9.0, 9, no_regularization, 0.00566046388549, 0.329645217759, 0.0171713817782, -0.0162532471917, 0.375712738286, 0.0432597714568
1.8, 9.0, 10, no_regularization, -0.0517714656399, 0.341581871848, 0.151563856009, 0.0354629427971, 0.443210343522, 0.0800137977721
1.8, 9.0, 6, regularization, 0.00425879691101, 0.297947727527, 0.0142937720866, 0.0460035113623, 0.462912465798, 0.0993784241324
1.8, 9.0, 7, regularization, -0.00311906232467, 0.208181025378, 0.0149824525026, 0.00936418668061, 0.393619626615, 0.0237899384264
1.8, 9.0, 8, regularization, 0.0144919227975, 0.249202375979, 0.0581532288388, -0.032705987712, 0.511073930718, 0.0639946311995
1.8, 9.0, 9, regularization, -0.0518084012996, 0.245635701302, 0.210915599911, 0.0150362755654, 0.319216245765, 0.0471037291019
1.8, 9.0, 10, regularization, 0.0391723986275, 0.246874048859, 0.158673618424, 0.00133439051984, 0.410183760619, 0.00325315297179
2, 9.0, 6, no_regularization, -0.0381409701503, 0.354576486891, 0.107567680206, 0.0557736613027, 0.493444047798, 0.113029352672
2, 9.0, 7, no_regularization, -0.0191236543001, 0.38332436755, 0.0498889606791, -0.0700851638138, 0.454814772089, 0.154096058692
2, 9.0, 8, no_regularization, 0.0223264983896, 0.33965644992, 0.0657325906657, -0.089968765363, 0.495489904274, 0.181575375375
2, 9.0, 9, no_regularization, -0.0103856189926, 0.313274920712, 0.033151772791, 0.0274123797427, 0.385850067499, 0.0710441232276
2, 9.0, 10, no_regularization, -0.0288922617583, 0.668202248039, 0.0432387975993, 0.0173270528194, 0.498411403446, 0.0347645593572
2, 9.0, 6, regularization, -0.0129407993844, 0.248288494399, 0.0521200123097, 0.0666143018272, 0.416045752675, 0.160112923636
2, 9.0, 7, regularization, 0.0162424833654, 0.216842907833, 0.0749043790631, 0.0280676693302, 0.351191057189, 0.0799213668902
2, 9.0, 8, regularization, -0.0373323571337, 0.251100996102, 0.148674667617, -0.0625572332121, 0.390973044758, 0.160003954367
2, 9.0, 9, regularization, -0.0524932151562, 0.321859821559, 0.163093407875, 0.0245798312891, 0.362240420486, 0.067855020862
2, 9.0, 10, regularization, -0.0292012337951, 0.620754041809, 0.0470415524159, 0.0188120459198, 0.589473527047, 0.031913300694
1.4, 9.0, 6, no_regularization, 0.0110445357551, 0.346656902602, 0.0318601351139, 0.0320732493341, 0.491246034154, 0.0652895842494
1.4, 9.0, 7, no_regularization, 0.010053830478, 0.330496488093, 0.0304203852089, 0.0251945243163, 0.366635755249, 0.0687181322487
1.4, 9.0, 8, no_regularization, -0.0130803252973, 0.342857619037, 0.0381508957975, -0.103235200323, 0.433342282819, 0.238230157582
1.4, 9.0, 9, no_regularization, 0.00775938343478, 0.349200826283, 0.0222204039932, -0.00386649534471, 0.378430179769, 0.0102171960679
1.4, 9.0, 10, no_regularization, -0.0255261496818, 0.371000099002, 0.068803619596, 0.0029273330299, 0.469435501558, 0.00623585779129
1.4, 9.0, 6, regularization, 0.0158758496369, 0.279917630796, 0.0567161475029, -0.00420678283324, 0.43938438181, 0.00957426573952
1.4, 9.0, 7, regularization, 0.00378786268716, 0.231061103382, 0.0163933376571, 0.0378442898946, 0.335262413151, 0.112879608361
1.4, 9.0, 8, regularization, 0.0114990412832, 0.232883265978, 0.0493768465282, 0.0694694990496, 0.345210494413, 0.201238085672
1.4, 9.0, 9, regularization, -0.0131921017635, 0.243823321363, 0.0541051679952, 0.0270631760466, 0.34680295827, 0.0780361741479
1.4, 9.0, 10, regularization, 0.016774172606, 0.318590621677, 0.0526511813742, -0.00755579184589, 0.482381311725, 0.0156635252284
2.2, 11.0, 6, no_regularization, -0.0191827657768, 0.443974874873, 0.0432068724211, 0.00525084988518, 0.769434248007, 0.00682429967054
2.2, 11.0, 7, no_regularization, 0.00560625895851, 0.433326943432, 0.012937711452, -0.00661204043508, 0.395380829025, 0.0167232196144
2.2, 11.0, 8, no_regularization, 0.00458283592628, 0.389208743397, 0.0117747507065, -0.137998697348, 0.735982250145, 0.187502752031
2.2, 11.0, 9, no_regularization, -0.0210281640535, 0.411983178046, 0.0510413171557, 0.0143431375485, 0.459323489764, 0.0312266580486
2.2, 11.0, 10, no_regularization, 0.0066669892052, 0.328595376362, 0.0202893579301, -0.00283688918976, 0.584429703023, 0.00485411534541
2.2, 11.0, 6, regularization, 0.00257860811662, 0.337639734071, 0.00763715835673, 0.0073138054609, 0.791869893254, 0.00923612012935
2.2, 11.0, 7, regularization, 0.022178241496, 0.411714240396, 0.053868045649, -0.00479150508668, 0.454658488918, 0.0105386904753
2.2, 11.0, 8, regularization, 0.00768620331577, 0.286632120762, 0.0268155686646, -0.0644558074538, 0.621523426292, 0.103706159297
2.2, 11.0, 9, regularization, -0.00201010900786, 0.246526815822, 0.0081537134253, -0.0142764328994, 0.3305612535, 0.0431884643111
2.2, 11.0, 10, regularization, -0.0122765057075, 0.296037377514, 0.041469444874, -0.123249297491, 0.590574280058, 0.208693980846
3, 11.0, 6, no_regularization, -0.0130713812334, 0.480121112585, 0.0272251748377, -0.0506043026271, 0.609652028386, 0.083005223096
3, 11.0, 7, no_regularization, 0.0326940152911, 0.416213302845, 0.0785511060499, 0.0396820116591, 0.672868645621, 0.0589743806868
3, 11.0, 8, no_regularization, -0.00947990769702, 0.402886493735, 0.0235299714546, -0.067043942559, 0.616164350482, 0.108808538674
3, 11.0, 9, no_regularization, -0.00453620179815, 0.423538486736, 0.0107102469792, -0.00412309674349, 0.592951797073, 0.00695351083148
3, 11.0, 10, no_regularization, -0.0625430669355, 0.41199292007, 0.151806169205, 0.0172702854436, 0.603097842207, 0.0286359595988
3, 11.0, 6, regularization, 0.00192543783171, 0.331554238544, 0.00580730875336, -0.0487143507041, 0.866623427055, 0.0562116707018
3, 11.0, 7, regularization, 0.00485231387, 0.274667847005, 0.0176661153568, 0.0325346844486, 0.583097086536, 0.0557963419812
3, 11.0, 8, regularization, -0.0532997150299, 0.242438174733, 0.219848689624, -0.0663219300608, 0.585853759616, 0.1132056063
3, 11.0, 9, regularization, 0.00930735910236, 0.36917648232, 0.0252111376214, -0.00154628660705, 0.49019581005, 0.00315442640542
3, 11.0, 10, regularization, -0.0425385291331, 0.321580642913, 0.132279507708, 0.013177464152, 0.539235928849, 0.0244372888508
1.4, 11.0, 6, no_regularization, -0.032679410542, 0.346002931094, 0.0944483633094, 0.0261060133611, 0.538665928341, 0.0484642001425
1.4, 11.0, 7, no_regularization, -0.0106967291503, 0.341519212382, 0.0313210172737, -0.034706666947, 0.376568201825, 0.0921656867965
1.4, 11.0, 8, no_regularization, 0.0104555568636, 0.369282819183, 0.0283131419076, 0.0314848293021, 0.447201984661, 0.0704040464534
1.4, 11.0, 9, no_regularization, -0.00802307021792, 0.323343299512, 0.0248128544183, 0.00455080154032, 0.428454512602, 0.0106214344965
1.4, 11.0, 10, no_regularization, -0.0215102078941, 0.332325631556, 0.0647262980992, 0.0399386547798, 0.43823766626, 0.0911346920966
1.4, 11.0, 6, regularization, -0.0315007962712, 0.294732840483, 0.106879152726, -0.0117793205875, 0.523186080535, 0.0225145909377
1.4, 11.0, 7, regularization, -0.00478268983903, 0.218768794716, 0.021861846637, -0.0118890420839, 0.3229396546, 0.0368150579049
1.4, 11.0, 8, regularization, 0.0210419660194, 0.312881379019, 0.067252215793, 0.0371574874906, 0.409521308582, 0.090733953794
1.4, 11.0, 9, regularization, -0.015398180386, 0.264552254567, 0.0582046840282, 0.0370834439833, 0.484282691879, 0.0765739610463
1.4, 11.0, 10, regularization, -0.0205591339226, 0.273573471719, 0.0751503199249, 0.0361694868252, 0.409720940654, 0.0882783456648
2.4, 0.5, 6, no_regularization, -0.00635101674758, 0.00059281835099, 10.7132593601, 0.0028099839228, 0.00291268874704, 0.964738826163
2.4, 0.5, 7, no_regularization, -0.00616735146641, 0.000819882278966, 7.52224023452, 0.00266660904465, 0.00617327621989, 0.431960105083
2.4, 0.5, 8, no_regularization, -0.00631551058698, 0.000704618478537, 8.96302152065, 0.00291793341955, 0.00327062416699, 0.892164085681
2.4, 0.5, 9, no_regularization, -0.00604715023455, 0.000591923770872, 10.2160962815, 0.00280808794995, 0.0033055456858, 0.849508134774
2.4, 0.5, 10, no_regularization, -0.00615623908405, 0.000986745710636, 6.23893168999, 0.00329619726997, 0.00507524010393, 0.649466272032
2.4, 0.5, 6, regularization, -0.00633251348925, 0.00124832200911, 5.0728205087, 0.00283935542399, 0.00223895698504, 1.26815988112
2.4, 0.5, 7, regularization, -0.0061747487733, 0.00134245399287, 4.59959805407, 0.00275758236633, 0.00266067704678, 1.03642130099
2.4, 0.5, 8, regularization, -0.00629543719939, 0.0012783420923, 4.9246889681, 0.00307724845901, 0.0022022086291, 1.39734647224
2.4, 0.5, 9, regularization, -0.00603791732622, 0.00140933617259, 4.28422788235, 0.00274361816271, 0.00237477387685, 1.15531764496
2.4, 0.5, 10, regularization, -0.00615873164595, 0.00143115773667, 4.30332135177, 0.0030647429266, 0.00241720534275, 1.26788687432
2.6, 7.0, 6, no_regularization, -0.0131526379307, 0.247533973826, 0.0531346777473, 0.0104482214844, 0.232244877455, 0.0449879523671
2.6, 7.0, 7, no_regularization, 0.0570718630242, 0.447347089596, 0.127578482909, -0.0311172457852, 0.5918715458, 0.0525743229354
2.6, 7.0, 8, no_regularization, 0.0210339868462, 0.377547803637, 0.0557121155085, -0.00251978973705, 0.566809318879, 0.00444556864739
2.6, 7.0, 9, no_regularization, -0.023964384408, 0.643077807225, 0.0372651398303, 0.00228407081332, 0.656412827693, 0.00347962549932
2.6, 7.0, 10, no_regularization, -0.00882296637061, 0.356835410228, 0.0247255908963, -0.0233425230669, 0.428092636185, 0.0545268035324
2.6, 7.0, 6, regularization, -0.00965309239524, 0.254946459136, 0.0378632142136, 0.00892629872272, 0.204944204964, 0.0435547749413
2.6, 7.0, 7, regularization, 0.0600455094162, 0.357094632156, 0.168150131671, -0.0257352253059, 0.530680372031, 0.0484947751269
2.6, 7.0, 8, regularization, -0.00143336564425, 0.44080759335, 0.00325168092808, -0.0064612426298, 0.411660352575, 0.0156955669629
2.6, 7.0, 9, regularization, 0.00622635371044, 0.236639865478, 0.0263115164382, 0.0305343713366, 0.497205561326, 0.0614119666225
2.6, 7.0, 10, regularization, 0.0116341752985, 0.246113963956, 0.0472714961453, -0.027824823201, 0.329492488602, 0.0844475190286
2.8, 1.0, 6, no_regularization, -0.012521504447, 0.000795644056863, 15.7375705116, 0.00630711951896, 0.006539753728, 0.964427680504
2.8, 1.0, 7, no_regularization, -0.0123162811567, 0.00124302812889, 9.90828837287, -0.0016056444838, 0.0535313707707, 0.0299944585891
2.8, 1.0, 8, no_regularization, -0.0120944056026, 0.00117544665353, 10.2891999107, 0.00576511889769, 0.00555022972731, 1.03871716685
2.8, 1.0, 9, no_regularization, -0.0119265194539, 0.000773250019652, 15.4238850964, 0.00600774683446, 0.00449829399773, 1.33556117886
2.8, 1.0, 10, no_regularization, -0.0120745909125, 0.00154416235716, 7.81950865238, 0.00617958343179, 0.0067379029478, 0.917137495103
2.8, 1.0, 6, regularization, -0.0124816696677, 0.00100139604201, 12.4642690246, 0.00568257337134, 0.00284485173881, 1.99749368089
2.8, 1.0, 7, regularization, -0.0123194837828, 0.00123836743628, 9.94816515832, 0.0060438265468, 0.00252775562932, 2.39098529806
2.8, 1.0, 8, regularization, -0.0120811406234, 0.00121904259916, 9.91035147724, 0.00567914496085, 0.0025375073147, 2.2380802325
2.8, 1.0, 9, regularization, -0.0119531463453, 0.00104222673631, 11.4688540688, 0.00588134507245, 0.00206062480379, 2.85415620623
2.8, 1.0, 10, regularization, -0.0120878257676, 0.00136996463593, 8.82345824892, 0.00588125635201, 0.0025110467265, 2.34215329008
