axialBottomFactor, strain percent, trial, regularization, mean axial strain, axial strain std, axial strain SNRe, mean lateral strain, lateral strain std, lateral strain SNRe
1.3, 7.0, 6, no_regularization, -0.0455216639625, 0.230682656417, 0.197334574994, 0.0135869527491, 0.300627898647, 0.0451952490444
1.3, 7.0, 7, no_regularization, 0.0510341708684, 0.541387390269, 0.0942655329358, -0.094570781539, 0.610297855862, 0.154958403722
1.3, 7.0, 8, no_regularization, -0.00675256331116, 0.312292965007, 0.0216225277793, 0.0145118284792, 0.371673880423, 0.0390445205961
1.3, 7.0, 9, no_regularization, -0.0239948258108, 0.611618304124, 0.0392316999818, 0.00310382174351, 0.997968439713, 0.00311014018079
1.3, 7.0, 10, no_regularization, -0.0628781881889, 0.441114835407, 0.142543807512, -0.0260725289017, 0.458518172987, 0.0568625856895
1.3, 7.0, 6, regularization, -0.0164838514092, 0.223385634189, 0.0737910092966, 0.000620134020154, 0.233319104228, 0.00265787931171
1.3, 7.0, 7, regularization, 0.0699307256942, 0.384727157213, 0.181767063705, -0.101580655797, 0.554152733862, 0.183308047745
1.3, 7.0, 8, regularization, -0.0287120361089, 0.266977024401, 0.107544970109, 0.0147776876388, 0.454190302326, 0.0325363345785
1.3, 7.0, 9, regularization, -0.03747689733, 0.351988378459, 0.106471973575, -0.006234726552, 0.497079003936, 0.01254272762
1.3, 7.0, 10, regularization, -0.000627523831586, 0.399757825676, 0.00156975996786, -0.0172294012243, 0.474132120188, 0.0363388188454
1.1, 11.0, 6, no_regularization, 0.0205031541856, 0.437084276667, 0.0469089264475, -0.0441241834197, 0.588663123708, 0.0749565951096
1.1, 11.0, 7, no_regularization, 0.0151863644544, 0.411604805738, 0.036895498407, 0.0180355248048, 0.664810382213, 0.0271288254326
1.1, 11.0, 8, no_regularization, -0.0139023876837, 0.367575687145, 0.0378218368893, -0.0767102192187, 0.479146453818, 0.160097645735
1.1, 11.0, 9, no_regularization, -0.00555708869348, 0.317018065432, 0.0175292492745, 0.0540623296974, 0.410551185636, 0.131682312922
1.1, 11.0, 10, no_regularization, -0.0668442684988, 0.33834260752, 0.197563850999, 0.0273090119813, 0.374687752329, 0.0728847201743
1.1, 11.0, 6, regularization, 0.0322407331637, 0.353415470958, 0.0912261511254, -0.0480250586802, 0.652437653715, 0.0736086557952
1.1, 11.0, 7, regularization, 0.0124774610122, 0.315426577876, 0.0395574180725, 0.00546242043592, 0.534512713916, 0.010219439676
1.1, 11.0, 8, regularization, -0.0326988292211, 0.301201786485, 0.108561206103, -0.0383106629177, 0.710789430506, 0.0538987515478
1.1, 11.0, 9, regularization, 0.0511904300053, 0.360797892236, 0.141881178097, -0.0666581496455, 0.592732613042, 0.112459055194
1.1, 11.0, 10, regularization, 0.00586200228201, 0.406420211274, 0.0144235008973, -0.15929825213, 0.715436256443, 0.222658903146
1.5, 11.0, 6, no_regularization, 0.0468430840516, 0.371814725876, 0.125985015632, 0.0194325567424, 0.717779562011, 0.02707315417
1.5, 11.0, 7, no_regularization, -0.0107717639288, 0.346190940346, 0.031115094803, -0.0269281610335, 0.45772254692, 0.0588307506691
1.5, 11.0, 8, no_regularization, -0.0240925057002, 0.351588812173, 0.068524665365, -0.0550835997469, 0.665756362583, 0.0827383752416
1.5, 11.0, 9, no_regularization, 0.00170541409605, 0.328604274124, 0.00518987192299, 0.0403356578547, 0.524947651644, 0.0768374860396
1.5, 11.0, 10, no_regularization, -0.00387987669182, 0.503773577613, 0.00770162800162, -0.156280865323, 0.777771300551, 0.200934214483
1.5, 11.0, 6, regularization, 0.00717240924937, 0.285470734581, 0.0251248495223, 0.0073011490067, 0.493960254721, 0.0147808430677
1.5, 11.0, 7, regularization, 0.0076973883986, 0.228793161336, 0.0336434373897, 0.0029456243791, 0.454498601901, 0.00648104167269
1.5, 11.0, 8, regularization, 0.000104999889123, 0.27866054047, 0.000376802144091, -0.0798787984924, 0.666111739452, 0.119918016395
1.5, 11.0, 9, regularization, 0.0480179178171, 0.35416556877, 0.13558042354, -0.0737392119385, 0.623777399096, 0.118213984741
1.5, 11.0, 10, regularization, -0.035911627894, 0.384187097418, 0.0934743205469, 0.0353246363652, 0.71330304138, 0.0495226212647
1.1, 0.5, 6, no_regularization, -0.00635101652151, 0.000592818645347, 10.7132536592, 0.0028099839228, 0.00291268874704, 0.964738826163
1.1, 0.5, 7, no_regularization, -0.00616735128005, 0.000819883093107, 7.52223253766, 0.00266661015633, 0.00617327706652, 0.431960225921
1.1, 0.5, 8, no_regularization, -0.00631551058698, 0.000704618478537, 8.96302152065, 0.00291793341955, 0.00327062416699, 0.892164085681
1.1, 0.5, 9, no_regularization, -0.00604715023455, 0.000591923770872, 10.2160962815, 0.00280808794995, 0.0033055456858, 0.849508134774
1.1, 0.5, 10, no_regularization, -0.00615623897004, 0.000986745979589, 6.23892987393, 0.00329619718894, 0.0050752399367, 0.649466277468
1.1, 0.5, 6, regularization, -0.00633251339999, 0.0012483221634, 5.07281981018, 0.00283935542399, 0.00223895709082, 1.26815982121
1.1, 0.5, 7, regularization, -0.00617474933546, 0.00134245455647, 4.59959654181, 0.00275758236784, 0.00266067690341, 1.0364213574
1.1, 0.5, 8, regularization, -0.0062954371997, 0.00127834209167, 4.92468897074, 0.00307724845901, 0.0022022086291, 1.39734647224
1.1, 0.5, 9, regularization, -0.00603791732588, 0.00140933617055, 4.28422788832, 0.00274361816271, 0.00237477387685, 1.15531764496
1.1, 0.5, 10, regularization, -0.00615873155899, 0.00143115780261, 4.30332109272, 0.00306474311512, 0.00241720526082, 1.26788699528
0.9, 9.0, 6, no_regularization, 0.00143017250925, 0.395949462735, 0.00361200770264, -0.0404967854276, 0.836680595592, 0.048401726586
0.9, 9.0, 7, no_regularization, -0.00521503790857, 0.367530120838, 0.0141894163577, -0.0348534132375, 0.590243790487, 0.0590491823874
0.9, 9.0, 8, no_regularization, 0.00162669894504, 0.325489058195, 0.00499770700146, -0.0816827105901, 0.639404725207, 0.127748055918
0.9, 9.0, 9, no_regularization, -0.0388530016495, 0.46943352125, 0.0827657163171, 0.00438268546915, 0.622065938848, 0.00704537123069
0.9, 9.0, 10, no_regularization, 0.00185777447862, 0.400174760051, 0.00464240792793, 0.0299401924758, 0.65314851475, 0.0458397926347
0.9, 9.0, 6, regularization, 0.0320078101706, 0.366387884161, 0.0873604492788, 0.0266961764595, 0.633557253053, 0.0421369597315
0.9, 9.0, 7, regularization, 0.0150199307015, 0.270546671565, 0.0555169672375, -0.0356421361362, 0.512218012662, 0.0695839178926
0.9, 9.0, 8, regularization, -0.000319469116574, 0.244367232182, 0.00130733205808, -0.0812400819881, 0.31099664278, 0.261224948482
0.9, 9.0, 9, regularization, -0.066713415339, 0.227507727392, 0.293235821498, -0.0141679552841, 0.297337360186, 0.0476494284985
0.9, 9.0, 10, regularization, 0.0020689463704, 0.290887058159, 0.00711254183496, 0.030674130971, 0.635437009226, 0.0482724967631
0.8, 5.0, 6, no_regularization, -0.0439922310698, 0.326790856278, 0.134618916731, 0.000270282593419, 0.277062102366, 0.000975530724377
0.8, 5.0, 7, no_regularization, -0.0482667131439, 0.324984641623, 0.148519982061, 0.000973304917986, 0.292733302318, 0.00332488620283
0.8, 5.0, 8, no_regularization, -0.0572145481271, 0.337853032193, 0.169347446006, -0.000986271508076, 0.280303175497, 0.00351858842244
0.8, 5.0, 9, no_regularization, -0.0545314513917, 0.329165778198, 0.165665615941, 0.00697558416669, 0.301712772658, 0.0231199498292
0.8, 5.0, 10, no_regularization, -0.0253414921645, 0.335579355832, 0.0755156469673, 0.00410282182282, 0.295692623795, 0.0138752931005
0.8, 5.0, 6, regularization, -0.0320011139864, 0.245734749918, 0.130226245971, -0.00554667530726, 0.24086571194, 0.0230280817581
0.8, 5.0, 7, regularization, -0.0149829709468, 0.269464003981, 0.0556028661545, 0.00432954274985, 0.266883010742, 0.0162226240547
0.8, 5.0, 8, regularization, -0.0574109467554, 0.23080371884, 0.248743594964, 0.000728224886025, 0.253623069389, 0.00287128804087
0.8, 5.0, 9, regularization, -0.0607437684329, 0.249615306325, 0.243349533838, 0.00336372283952, 0.266397756098, 0.0126266935908
0.8, 5.0, 10, regularization, -0.0610718596258, 0.24328155061, 0.251033666436, 0.00682670676428, 0.266834780164, 0.0255840215435
0.9, 1.0, 6, no_regularization, -0.0142960198943, 0.253026595698, 0.0565000681247, -0.0145216706472, 0.288661510882, 0.0503069169245
0.9, 1.0, 7, no_regularization, -0.00851465863934, 0.258056154925, 0.0329953712665, -0.0158614457254, 0.298796042011, 0.0530845242082
0.9, 1.0, 8, no_regularization, -0.0135832012945, 0.254059696182, 0.0534646049671, -0.0111326792335, 0.286524679422, 0.038854172199
0.9, 1.0, 9, no_regularization, -0.0154210588365, 0.258319325467, 0.0596976583483, -0.0168090608955, 0.295680617784, 0.0568487073029
0.9, 1.0, 10, no_regularization, -0.0142136392503, 0.238035344773, 0.0597123055985, -0.0106173450716, 0.300416702237, 0.0353420598541
0.9, 1.0, 6, regularization, -0.012400376585, 0.0169814185594, 0.730232079357, -0.0131599230732, 0.138134637081, 0.0952688141897
0.9, 1.0, 7, regularization, -0.0127650107816, 0.0171243842935, 0.745428890338, -0.0100559444613, 0.142381739566, 0.0706266442026
0.9, 1.0, 8, regularization, -0.0116807608866, 0.0108670809534, 1.07487566686, -0.0112876682855, 0.141869392856, 0.0795638020171
0.9, 1.0, 9, regularization, -0.0117381113614, 0.0198290022558, 0.591966817593, -0.010848362915, 0.134382646432, 0.0807274094016
0.9, 1.0, 10, regularization, -0.0119028879133, 0.0148368543512, 0.802251449775, -0.00978357285797, 0.140906613629, 0.06943302806
0.9, 0.5, 6, no_regularization, -0.00531569868923, 0.263461103697, 0.020176407882, -0.0159608449474, 0.281528162409, 0.0566935997125
0.9, 0.5, 7, no_regularization, -0.00136662694577, 0.260334923948, 0.00524949524651, -0.0168655760644, 0.297788732209, 0.0566360450891
0.9, 0.5, 8, no_regularization, -0.010877071391, 0.251478118737, 0.0432525559108, -0.0121066569006, 0.28083370379, 0.043109700642
0.9, 0.5, 9, no_regularization, -0.00810298830255, 0.255150221078, 0.0317577161733, -0.0155774326034, 0.297192202241, 0.0524153476636
0.9, 0.5, 10, no_regularization, -0.00735888347321, 0.244094095733, 0.030147732378, -0.0149252805572, 0.31081270759, 0.048020174828
0.9, 0.5, 6, regularization, -0.00624767519637, 0.0143729743812, 0.434682135422, -0.0160713829564, 0.143074076432, 0.112329105015
0.9, 0.5, 7, regularization, -0.00641101795465, 0.0138958880077, 0.461360796166, -0.0175688194335, 0.143626329573, 0.122323110851
0.9, 0.5, 8, regularization, -0.0058610022081, 0.0103395278117, 0.566853952602, -0.0144687754201, 0.143330445459, 0.100946978667
0.9, 0.5, 9, regularization, -0.00586148330695, 0.0183469169164, 0.319480560884, -0.0138066947928, 0.131481727787, 0.105008467907
0.9, 0.5, 10, regularization, -0.00601780461526, 0.0167261816553, 0.359783526168, -0.0141770248904, 0.142022688657, 0.0998222539261
1, 7.0, 6, no_regularization, -0.0505480283285, 0.277992387233, 0.181832419339, 0.00401857889403, 0.243486507435, 0.0165043186022
1, 7.0, 7, no_regularization, -0.0160178095696, 0.42086638716, 0.0380591324428, -0.179981163775, 0.617520685554, 0.291457708196
1, 7.0, 8, no_regularization, -0.0108204463658, 0.411170472383, 0.0263162048166, 0.0189380227978, 0.281588356536, 0.0672542822112
1, 7.0, 9, no_regularization, -0.0215770997363, 0.351572691134, 0.0613730823823, 0.0126909334828, 0.443092423257, 0.0286417298439
1, 7.0, 10, no_regularization, -0.0114944468099, 0.335786754587, 0.0342313883823, 0.00753904147284, 0.302670207785, 0.0249084359112
1, 7.0, 6, regularization, -0.00366408085333, 0.261563446329, 0.0140083826878, 0.00460334559892, 0.253406903305, 0.0181658255513
1, 7.0, 7, regularization, -0.0053874063823, 0.447119314928, 0.0120491470675, 0.00320872652345, 0.542063738863, 0.00591946351213
1, 7.0, 8, regularization, -0.0707512532758, 0.190492671215, 0.371411943695, 0.0100396704103, 0.217782691743, 0.0460994871996
1, 7.0, 9, regularization, -0.0346299246273, 0.532847546117, 0.0649903051626, -0.0420467782128, 0.624728276238, 0.0673041061403
1, 7.0, 10, regularization, 0.00868345752499, 0.264336807841, 0.0328499749843, -0.0413026948936, 0.31718704643, 0.130215578973
0.8, 11.0, 6, no_regularization, -0.0428130476492, 0.343325949402, 0.124700878928, -0.0426657359544, 0.554286191644, 0.0769741996059
0.8, 11.0, 7, no_regularization, -0.0714658557896, 0.716463235463, 0.0997481130255, 0.0183427992998, 0.739055746951, 0.0248192364046
0.8, 11.0, 8, no_regularization, -0.0263881113071, 0.375815726197, 0.0702155590298, -0.101028411178, 0.58380131985, 0.173052728288
0.8, 11.0, 9, no_regularization, -0.015430891563, 0.485016205386, 0.0318152082171, -0.0432610641228, 0.478368478408, 0.0904346044428
0.8, 11.0, 10, no_regularization, -0.0244181720289, 0.414283595677, 0.058940716658, 0.00514024844373, 0.473290513818, 0.0108606623071
0.8, 11.0, 6, regularization, 0.042377353584, 0.280269148052, 0.151202349165, -0.022420195651, 0.572637618459, 0.0391525022602
0.8, 11.0, 7, regularization, -0.0562283912392, 0.664581308505, 0.084607241461, 0.0278792919519, 0.675856403525, 0.0412503185685
0.8, 11.0, 8, regularization, -0.0103313210344, 0.276661391612, 0.0373428362163, -0.00637002014053, 0.470488140011, 0.0135391726142
0.8, 11.0, 9, regularization, -0.0141548877256, 0.410575652393, 0.0344757114629, -0.0479498698463, 0.440547540636, 0.108841533372
0.8, 11.0, 10, regularization, -0.0282715595248, 0.343647903524, 0.0822689713362, -0.0176009823502, 0.427390761988, 0.0411824117778
1.2, 3.0, 6, no_regularization, -0.0347481513506, 0.00151340588434, 22.9602327506, 0.0117732872707, 0.0491875311932, 0.239355116737
1.2, 3.0, 7, no_regularization, -0.0344153385418, 0.00198195059682, 17.364377597, 0.00272301181481, 0.0773027760404, 0.0352252784995
1.2, 3.0, 8, no_regularization, -0.0345491436825, 0.00251921789348, 13.7142339978, 0.0177670016391, 0.0194555332348, 0.913210726466
1.2, 3.0, 9, no_regularization, -0.0343749723777, 0.00157569608752, 21.8157375969, 0.00270194203881, 0.0771886958986, 0.0350043747645
1.2, 3.0, 10, no_regularization, -0.0349259016181, 0.00331033318846, 10.5505698761, 0.0183771857579, 0.0157863064439, 1.16412194475
1.2, 3.0, 6, regularization, -0.0347286500068, 0.00215001257094, 16.1527660239, 0.016711404635, 0.00537742685929, 3.10769538523
1.2, 3.0, 7, regularization, -0.034408822531, 0.00242915660338, 14.1649255891, 0.017159534808, 0.0043803815282, 3.91736078183
1.2, 3.0, 8, regularization, -0.0345290383676, 0.00255695298406, 13.5039785959, 0.0177348508027, 0.0047106949551, 3.76480561185
1.2, 3.0, 9, regularization, -0.0344055995364, 0.00225895262878, 15.230775138, 0.017170569992, 0.00483185292137, 3.55362016837
1.2, 3.0, 10, regularization, -0.0349477984783, 0.00304341980171, 11.4830686383, 0.0179058837555, 0.00513169477068, 3.48927295087
1, 3.0, 6, no_regularization, -0.0347491640545, 0.00155272531219, 22.3794664656, 0.00402316884424, 0.0665471582962, 0.0604559074685
1, 3.0, 7, no_regularization, -0.0344077486269, 0.00203166879164, 16.9357076156, 0.00399839048411, 0.0667300065385, 0.059918928403
1, 3.0, 8, no_regularization, -0.0345518610223, 0.00264963971049, 13.0402110466, 0.00489342732057, 0.0692560178519, 0.0706570702785
1, 3.0, 9, no_regularization, -0.0343758057283, 0.00243078602245, 14.1418477031, 0.00304139699406, 0.0702742076026, 0.0432789937847
1, 3.0, 10, no_regularization, -0.0348601447546, 0.0212484363053, 1.64059812467, 0.00481890077199, 0.0757265834592, 0.0636355233772
1, 3.0, 6, regularization, -0.0347229840371, 0.00281119519087, 12.3516802213, 0.016375782684, 0.00521708577107, 3.13887549535
1, 3.0, 7, regularization, -0.034403614889, 0.00303248202218, 11.3450350694, 0.0162637020575, 0.00560124058952, 2.90358926699
1, 3.0, 8, regularization, -0.0345358614184, 0.0030500893656, 11.3229014887, 0.0167577047529, 0.00564442178971, 2.96889661638
1, 3.0, 9, regularization, -0.0344221175544, 0.00290602542066, 11.8450848054, 0.0164492756434, 0.00522235620205, 3.14978048356
1, 3.0, 10, regularization, -0.0349817005366, 0.00347916184073, 10.0546344602, 0.0169434625492, 0.00621146353543, 2.72777300431
1.4, 5.0, 6, no_regularization, -0.0409361590938, 0.170881412123, 0.239558876447, 0.00781116854686, 0.217340566766, 0.0359397634003
1.4, 5.0, 7, no_regularization, -0.0530780303939, 0.174830826493, 0.303596519324, 0.0126550242989, 0.179702294501, 0.0704221631341
1.4, 5.0, 8, no_regularization, -0.048704802367, 0.172957685258, 0.281599527043, 0.0212561687472, 0.21531889381, 0.0987194777526
1.4, 5.0, 9, no_regularization, -0.0563897977232, 0.00252310216842, 22.3493913282, 0.0146126520313, 0.0833454727309, 0.175326284111
1.4, 5.0, 10, no_regularization, -0.0641363194257, 0.117592802353, 0.545410247414, 0.0280328135774, 0.149689461795, 0.18727312692
1.4, 5.0, 6, regularization, -0.0394622027264, 0.118678084998, 0.332514656998, 0.0098626712934, 0.196592870752, 0.0501680007808
1.4, 5.0, 7, regularization, -0.0538377034445, 0.105064031539, 0.512427542098, 0.0302090589894, 0.167734913476, 0.180100006393
1.4, 5.0, 8, regularization, -0.0644745614479, 0.114366193141, 0.563755421749, 0.0257485347895, 0.176040705008, 0.146264665256
1.4, 5.0, 9, regularization, -0.0564015715532, 0.00202357054187, 27.8723031326, 0.0288614114445, 0.00699959897555, 4.12329499808
1.4, 5.0, 10, regularization, -0.0573672752721, 0.0223033380219, 2.57213853889, 0.0258640484969, 0.0544723967422, 0.474810179903
0.9, 7.0, 6, no_regularization, -0.0425300944184, 0.319278557125, 0.133206861123, -0.00126565992227, 0.302864569054, 0.00417896331098
0.9, 7.0, 7, no_regularization, -0.0121837777306, 0.545188859465, 0.0223478112567, -0.0105446691505, 0.567383052001, 0.0185847446683
0.9, 7.0, 8, no_regularization, 0.040516562304, 0.438489091909, 0.0924003881776, -0.0047034703523, 0.623054266582, 0.00754905407856
0.9, 7.0, 9, no_regularization, -0.00928714462689, 0.584418966029, 0.0158912444098, -0.063524252696, 0.499333917597, 0.127217980709
0.9, 7.0, 10, no_regularization, -0.0127010423258, 0.383725747893, 0.0330992704959, -0.0300905690887, 0.41886828835, 0.0718377827246
0.9, 7.0, 6, regularization, -0.0381309957056, 0.320300388246, 0.119047610009, -0.00272567112412, 0.277453858787, 0.00982387174589
0.9, 7.0, 7, regularization, 0.0031393671335, 0.378871154537, 0.00828610754845, -0.147937381453, 0.781760145412, 0.189236279595
0.9, 7.0, 8, regularization, 0.0380632396038, 0.423683165816, 0.0898389236932, -0.0577647887861, 0.526895609353, 0.109632321395
0.9, 7.0, 9, regularization, -0.0276093346412, 0.532050082735, 0.0518923603945, -0.0454937178172, 0.687722467706, 0.0661512746107
0.9, 7.0, 10, regularization, 0.0352189744157, 0.252255392642, 0.139616339008, -0.0430443546723, 0.314350046269, 0.136931281491
1.1, 1.0, 6, no_regularization, -0.0125215024708, 0.000795650398907, 15.7374425854, 0.00630712191465, 0.00653976075193, 0.964427011002
1.1, 1.0, 7, no_regularization, -0.0123162811435, 0.0012430282664, 9.90828726619, -0.0016056444838, 0.0535313707319, 0.0299944586108
1.1, 1.0, 8, no_regularization, -0.0120944056026, 0.00117544665243, 10.2891999204, 0.00576511889769, 0.00555023021521, 1.03871707554
1.1, 1.0, 9, no_regularization, -0.0119265194539, 0.000773250054725, 15.4238843968, 0.00600774683446, 0.00449829399697, 1.33556117908
1.1, 1.0, 10, no_regularization, -0.0120745909125, 0.0015441624014, 7.81950842836, 0.00617958340404, 0.00673790236655, 0.917137570102
1.1, 1.0, 6, regularization, -0.0124816696811, 0.00100139656442, 12.4642625354, 0.00568257334024, 0.00284485187959, 1.99749357111
1.1, 1.0, 7, regularization, -0.0123194838329, 0.00123836743799, 9.94816518505, 0.00604382653391, 0.00252775549704, 2.39098541809
1.1, 1.0, 8, regularization, -0.0120811408105, 0.00121904284344, 9.91034964476, 0.00567914396072, 0.002537507236, 2.23807990777
1.1, 1.0, 9, regularization, -0.011953145496, 0.00104222769195, 11.4688427378, 0.00588134735431, 0.00206062681137, 2.85415453291
1.1, 1.0, 10, regularization, -0.0120878255017, 0.00136996546522, 8.82345271368, 0.00588125630175, 0.00251104746486, 2.34215258136
1.5, 9.0, 6, no_regularization, -0.00977433014804, 0.425414651602, 0.0229760073172, -0.139826510098, 0.811278580547, 0.172353262431
1.5, 9.0, 7, no_regularization, 0.0261690244983, 0.346112640056, 0.0756084045183, -0.0267694900245, 0.600727352873, 0.0445617964564
1.5, 9.0, 8, no_regularization, 0.00924158467706, 0.325452669015, 0.0283960942924, -0.0757109448969, 0.530925460009, 0.142601835097
1.5, 9.0, 9, no_regularization, -0.0408461582585, 0.445820649765, 0.0916201577473, 0.0197396444413, 1.17306542637, 0.0168274028008
1.5, 9.0, 10, no_regularization, 0.0050391739041, 0.390783313106, 0.0128950590649, 0.0598591506341, 0.743085483435, 0.0805548647746
1.5, 9.0, 6, regularization, -0.000543217903379, 0.244415839699, 0.0022225151367, 0.000964745661364, 0.404438754034, 0.00238539371349
1.5, 9.0, 7, regularization, 0.00749094514202, 0.264544898857, 0.028316346958, -0.00523546584612, 0.553260400672, 0.00946293253549
1.5, 9.0, 8, regularization, -0.0472440223374, 0.662522567217, 0.0713093027697, 0.0364749030038, 0.470429260981, 0.0775353619112
1.5, 9.0, 9, regularization, -0.0123058246914, 0.310149656925, 0.0396770540179, -0.0830678101447, 1.20106948842, 0.0691615355692
1.5, 9.0, 10, regularization, 0.0111370551634, 0.296113642032, 0.0376107466276, 0.0516494514796, 0.711448355405, 0.0725976117412
0.8, 0.5, 6, no_regularization, -0.00689067524537, 0.328211807902, 0.0209945988519, -0.0102134855838, 0.276181911329, 0.0369810084036
0.8, 0.5, 7, no_regularization, -0.000711822612233, 0.310536968699, 0.00229223146994, -0.0155837092192, 0.295084754516, 0.0528109601755
0.8, 0.5, 8, no_regularization, -0.00954241392152, 0.328361919217, 0.0290606594829, -0.0159835220652, 0.286897380963, 0.0557116346324
0.8, 0.5, 9, no_regularization, -0.00528723800629, 0.319356820634, 0.0165558950512, -0.0198491216729, 0.293030104153, 0.0677374829124
0.8, 0.5, 10, no_regularization, -0.0116010278326, 0.32609349541, 0.0355757719669, -0.0145840511939, 0.316473815306, 0.0460829632295
0.8, 0.5, 6, regularization, -0.00583763080288, 0.20005518325, 0.0291801027498, -0.0203571497596, 0.196801164174, 0.103440189722
0.8, 0.5, 7, regularization, -0.000904413330323, 0.207722082727, 0.00435395851251, -0.0232532647752, 0.222746813203, 0.104393254569
0.8, 0.5, 8, regularization, -0.010002591501, 0.206286034111, 0.0484889417944, -0.0191438074188, 0.236627131513, 0.0809028419367
0.8, 0.5, 9, regularization, -0.00740184223036, 0.198893917891, 0.0372150255214, -0.0246813298149, 0.234905431001, 0.105069217471
0.8, 0.5, 10, regularization, -0.00158810367876, 0.198280685636, 0.00800937153141, -0.0256028941873, 0.213632451394, 0.11984552918
1.5, 7.0, 6, no_regularization, -0.00800071161071, 0.232486089356, 0.0344137218398, 0.00888726608543, 0.334037593382, 0.0266055865014
1.5, 7.0, 7, no_regularization, -0.00345407584158, 0.506640872144, 0.00681760203626, 0.027197727445, 0.645444457008, 0.0421379828267
1.5, 7.0, 8, no_regularization, -0.0542828927793, 0.152452207628, 0.356064983406, -0.000557747493667, 0.226869759768, 0.00245844794052
1.5, 7.0, 9, no_regularization, -0.014658597789, 0.320581561096, 0.0457250184286, 0.0201233149507, 0.458866426405, 0.0438544068441
1.5, 7.0, 10, no_regularization, 0.0192534675897, 0.332111795526, 0.0579728508565, -0.00537162503187, 0.502695435232, 0.010685645135
1.5, 7.0, 6, regularization, -0.0507640756071, 0.154625126244, 0.328304182123, 0.0210288740645, 0.233555034452, 0.0900381964099
1.5, 7.0, 7, regularization, 0.00134941509433, 0.449586384975, 0.00300145898413, 0.0314216854105, 0.536562892714, 0.0585610481776
1.5, 7.0, 8, regularization, 0.0103266171388, 0.364767660595, 0.0283101224543, -0.06113317136, 0.640006625321, 0.095519591425
1.5, 7.0, 9, regularization, -0.0262587821328, 0.554705508932, 0.0473382393178, -0.0144913014132, 0.566165620101, 0.0255955163979
1.5, 7.0, 10, regularization, 0.0207166163585, 0.252822704596, 0.0819412813088, -0.0126212761771, 0.459518745224, 0.0274662923075
0.9, 5.0, 6, no_regularization, -0.0386183130354, 0.303499803649, 0.127243288368, -0.00894926930889, 0.305127849724, 0.0293295722334
0.9, 5.0, 7, no_regularization, -0.0360575846481, 0.304690013201, 0.118341865785, -0.00483317947946, 0.309699136291, 0.0156060476543
0.9, 5.0, 8, no_regularization, -0.0621389030369, 0.308102551124, 0.201682533332, 0.0085675453036, 0.307280659021, 0.0278818241633
0.9, 5.0, 9, no_regularization, -0.056294490045, 0.267026950414, 0.210819507011, 0.00456928833575, 0.302607361634, 0.0150997262958
0.9, 5.0, 10, no_regularization, -0.0551200352118, 0.286729208526, 0.192237252337, 0.00782176739793, 0.311690648315, 0.0250946489419
0.9, 5.0, 6, regularization, -0.0377049961215, 0.226676824755, 0.166338116666, 0.00520081699579, 0.243723304336, 0.021339022175
0.9, 5.0, 7, regularization, -0.000523756203991, 0.197240887967, 0.00265541394277, 0.000989660616275, 0.247508964376, 0.00399848392873
0.9, 5.0, 8, regularization, -0.0490327750529, 0.178153430297, 0.27522779085, -0.0107142318322, 0.243281112968, 0.0440405410081
0.9, 5.0, 9, regularization, -0.0564388503809, 0.0911800433518, 0.618982491192, 0.0018066173423, 0.187134308586, 0.00965412144868
0.9, 5.0, 10, regularization, -0.0597661162335, 0.169565546168, 0.352466155915, 0.00315324604613, 0.245100191611, 0.0128651308895
0.7, 5.0, 6, no_regularization, -0.032118462071, 0.333256966591, 0.0963774663125, 0.00809178673051, 0.270076013676, 0.0299611454582
0.7, 5.0, 7, no_regularization, -0.0430968391835, 0.333572453155, 0.12919783626, 0.000812809477767, 0.26262586255, 0.00309493311083
0.7, 5.0, 8, no_regularization, -0.0554679903727, 0.323441803821, 0.171492953964, -0.00622963413412, 0.259380002951, 0.0240174032818
0.7, 5.0, 9, no_regularization, -0.0591814989198, 0.324259080533, 0.182513004177, 0.00723259632672, 0.255665201154, 0.0282893264085
0.7, 5.0, 10, no_regularization, -0.0529154711981, 0.34023203783, 0.1555275968, 0.00500442039539, 0.260397940687, 0.0192183562673
0.7, 5.0, 6, regularization, -0.0320752597962, 0.24602502261, 0.130373973574, -8.27411714654e-05, 0.229083953706, 0.000361182746005
0.7, 5.0, 7, regularization, -0.0407307380957, 0.245304459891, 0.166041571824, -0.00356258349791, 0.222398689331, 0.0160189050962
0.7, 5.0, 8, regularization, -0.0548080539974, 0.221693989688, 0.247223905685, -0.00342937357247, 0.226765058516, 0.0151230246622
0.7, 5.0, 9, regularization, -0.0595380774646, 0.261487451442, 0.227689998645, 0.0093205618377, 0.241444402796, 0.0386033460696
0.7, 5.0, 10, regularization, -0.0350156998508, 0.267738050014, 0.130783427492, -0.00122986921882, 0.239095915266, 0.00514383199501
1.4, 1.0, 6, no_regularization, -0.0125215024362, 0.000795650315177, 15.737444198, 0.00671286468722, 0.00520892308903, 1.28872409373
1.4, 1.0, 7, no_regularization, -0.0123162814911, 0.00124302776126, 9.90829157233, 0.00659968035797, 0.00667457693589, 0.988778827685
1.4, 1.0, 8, no_regularization, -0.0120944056058, 0.00117544667424, 10.2891997321, 0.00584995777446, 0.00544241028244, 1.07488363994
1.4, 1.0, 9, no_regularization, -0.0119265194351, 0.000773250044146, 15.4238845835, 0.00600774687185, 0.00449829406746, 1.33556116647
1.4, 1.0, 10, no_regularization, -0.0120745910414, 0.00154416220421, 7.81950951036, 0.00617958337429, 0.00673790186587, 0.917137633838
1.4, 1.0, 6, regularization, -0.0124816696682, 0.0010001072132, 12.480331612, 0.00589798733114, 0.00224256549838, 2.63001786811
1.4, 1.0, 7, regularization, -0.0123217686458, 0.00123798345907, 9.95309634831, 0.0061782495677, 0.00221593569477, 2.78809966476
1.4, 1.0, 8, regularization, -0.0120815722896, 0.00121963731226, 9.90587297405, 0.00574672656503, 0.00241340508737, 2.38116949164
1.4, 1.0, 9, regularization, -0.0119531463231, 0.00104222673181, 11.468854097, 0.00588134508251, 0.00206062479693, 2.85415622061
1.4, 1.0, 10, regularization, -0.012087825766, 0.00136996464884, 8.82345816459, 0.00588125634254, 0.00251104671061, 2.34215330113
1.5, 1.0, 6, no_regularization, -0.0125215024699, 0.000795650427766, 15.7374420134, 0.0067128641171, 0.00520892586355, 1.28872329784
1.5, 1.0, 7, no_regularization, -0.0123162811537, 0.0012430280881, 9.90828869564, 0.00659968034706, 0.00667457662851, 0.988778871587
1.5, 1.0, 8, no_regularization, -0.0120944056387, 0.00117544670156, 10.289199521, 0.00584995777898, 0.00544241033166, 1.07488363105
1.5, 1.0, 9, no_regularization, -0.0119265194269, 0.000773250094777, 15.423883563, 0.00600774688246, 0.00449829396019, 1.33556120067
1.5, 1.0, 10, no_regularization, -0.0120745907325, 0.00154416346466, 7.81950292751, 0.00617958302015, 0.00673790481021, 0.917137180506
1.5, 1.0, 6, regularization, -0.0124816696708, 0.00100010722764, 12.4803314343, 0.00589798732924, 0.00224256549025, 2.63001787679
1.5, 1.0, 7, regularization, -0.0123217686769, 0.00123798344605, 9.95309647815, 0.00617824958535, 0.00221593566722, 2.78809970738
1.5, 1.0, 8, regularization, -0.0120815716954, 0.00121963911513, 9.90585784389, 0.00574672670595, 0.00241340495795, 2.38116967773
1.5, 1.0, 9, regularization, -0.0119531462898, 0.00104222690405, 11.4688521697, 0.00588134507513, 0.0020606252361, 2.85415560874
1.5, 1.0, 10, regularization, -0.0120878255035, 0.00136996523425, 8.82345420252, 0.00588125620902, 0.00251104739684, 2.34215260789
1.2, 0.5, 6, no_regularization, -0.00635101651489, 0.000592818653898, 10.7132534935, 0.00280998393266, 0.00291268884454, 0.964738797255
1.2, 0.5, 7, no_regularization, -0.00616735148369, 0.000819882470884, 7.52223849479, 0.00274732338493, 0.00594113893504, 0.462423689291
1.2, 0.5, 8, no_regularization, -0.00631551058488, 0.000704618461658, 8.96302173237, 0.00291793344036, 0.00327062408119, 0.89216411545
1.2, 0.5, 9, no_regularization, -0.00604715023172, 0.000591923735168, 10.216096893, 0.00280808798634, 0.00330554557783, 0.849508173529
1.2, 0.5, 10, no_regularization, -0.00615623908793, 0.000986745713871, 6.23893167347, 0.00329619713673, 0.00507524000909, 0.649466257916
1.2, 0.5, 6, regularization, -0.00633251343251, 0.00124832201019, 5.07282045883, 0.00283935541773, 0.00223895691915, 1.26815991565
1.2, 0.5, 7, regularization, -0.00617423831278, 0.00134285818596, 4.59783346993, 0.00280171109052, 0.00263828254684, 1.06194504977
1.2, 0.5, 8, regularization, -0.00629543720235, 0.00127834205207, 4.9246891254, 0.00307724845694, 0.00220220863486, 1.39734646764
1.2, 0.5, 9, regularization, -0.00603791731898, 0.00140933618088, 4.28422785203, 0.0027436181523, 0.00237477387902, 1.15531763952
1.2, 0.5, 10, regularization, -0.00615873163738, 0.00143115775093, 4.3033213029, 0.00306474310903, 0.00241720534064, 1.2678869509
0.7, 0.5, 6, no_regularization, -0.00380577369241, 0.339857149586, 0.0111981569229, -0.0196563992803, 0.260548444529, 0.075442397347
0.7, 0.5, 7, no_regularization, -0.00586676200489, 0.332277811011, 0.0176561955403, -0.0101803806315, 0.265130857311, 0.03839756992
0.7, 0.5, 8, no_regularization, -0.00868102908824, 0.32406920517, 0.0267875779301, -0.0110790214964, 0.260371160881, 0.042550877981
0.7, 0.5, 9, no_regularization, -0.0105067509769, 0.312001643704, 0.0336753064893, -0.0184039713955, 0.267455863168, 0.0688112467511
0.7, 0.5, 10, no_regularization, -0.00390929796292, 0.328243276695, 0.0119097579158, -0.0149054562762, 0.262036106358, 0.0568832153835
0.7, 0.5, 6, regularization, -0.00201249914006, 0.273867535142, 0.00734843996391, -0.0240435484354, 0.213526740854, 0.112602048527
0.7, 0.5, 7, regularization, -0.00668595000177, 0.270943448934, 0.0246765516128, -0.0198703363139, 0.224433851287, 0.0885353800238
0.7, 0.5, 8, regularization, -0.00728431357356, 0.250194787281, 0.0291145697027, -0.00997113396781, 0.232037345111, 0.0429721084899
0.7, 0.5, 9, regularization, -0.0110323885397, 0.251613754959, 0.0438465239769, -0.0172305983666, 0.231072840891, 0.0745678215588
0.7, 0.5, 10, regularization, -0.00549037146469, 0.269926646997, 0.0203402351186, -0.0255035034175, 0.21198237804, 0.120309544847
0.7, 7.0, 6, no_regularization, -0.0514433800422, 0.358644793801, 0.143438245672, 0.00888624665896, 0.257557422889, 0.0345020017645
0.7, 7.0, 7, no_regularization, -0.0124048279342, 0.537609983629, 0.0230740282212, -0.0362736991541, 0.458120941096, 0.0791793081263
0.7, 7.0, 8, no_regularization, 0.0376905074094, 0.495111751769, 0.0761252530863, 0.025188701041, 0.555002947281, 0.0453848059086
0.7, 7.0, 9, no_regularization, -0.0260361069907, 0.335498122222, 0.0776043299981, -0.0258867554277, 0.292880691788, 0.0883866917609
0.7, 7.0, 10, no_regularization, 0.00881971851819, 0.413143356718, 0.0213478405856, -0.0594301512446, 0.354530556445, 0.167630547393
0.7, 7.0, 6, regularization, -0.0502830650353, 0.263160197578, 0.191073975085, 0.00745965039483, 0.225755292305, 0.0330430809336
0.7, 7.0, 7, regularization, -0.00818329269025, 0.438844061531, 0.0186473816273, 0.0108651040863, 0.425687966976, 0.0255236345144
0.7, 7.0, 8, regularization, 0.0295674273537, 0.408564569146, 0.0723690441771, -0.0926474729917, 0.6759866663, 0.137055178172
0.7, 7.0, 9, regularization, -0.0224252756857, 0.514818666851, 0.0435595620937, -0.0622700068232, 0.499645778284, 0.124628305751
0.7, 7.0, 10, regularization, 0.00363299910259, 0.255689767807, 0.0142086213842, -0.00212184877655, 0.278494487691, 0.0076189973961
1, 11.0, 6, no_regularization, -0.00470655670203, 0.411434918061, 0.0114393710777, -0.0429493299565, 0.677206808492, 0.0634212908344
1, 11.0, 7, no_regularization, -0.0112040300459, 0.486464481232, 0.0230315479919, 0.0296713673676, 0.575855619999, 0.051525705988
1, 11.0, 8, no_regularization, -0.0242959559941, 0.36972295414, 0.0657139507355, -0.147500651938, 0.72983784829, 0.202100579305
1, 11.0, 9, no_regularization, 0.0505313401322, 0.444204728841, 0.113756871216, -0.0964131941286, 0.611675895554, 0.157621372412
1, 11.0, 10, no_regularization, -0.00100447694176, 0.374191906986, 0.0026843898091, -0.12371197976, 0.757593666297, 0.163295953047
1, 11.0, 6, regularization, -0.0231831856316, 0.327595724908, 0.0707676684063, -0.0741159638725, 0.592534837433, 0.125082879841
1, 11.0, 7, regularization, -0.000992986520768, 0.246564442035, 0.00402729003652, -0.0695458224179, 0.346621263054, 0.200639227395
1, 11.0, 8, regularization, -0.044462243805, 0.31954076079, 0.139144200868, -0.0790300183495, 0.649482787404, 0.12168146698
1, 11.0, 9, regularization, 0.0529260656664, 0.367053222995, 0.144191802035, -0.0893594715768, 0.592825942715, 0.150734752206
1, 11.0, 10, regularization, -0.0393620481112, 0.424424058534, 0.092742264063, -0.172517714866, 0.643017484185, 0.268293971951
1, 0.5, 6, no_regularization, -0.00635972096313, 0.0007513496137, 8.46439639705, -0.000245541565132, 0.0253144062402, 0.00969967704562
1, 0.5, 7, no_regularization, -0.00616201114609, 0.00105458916011, 5.84304426706, -0.0100246219696, 0.0620331897674, 0.161600943096
1, 0.5, 8, no_regularization, -0.00631983661526, 0.000954480626364, 6.62123089845, -0.000405256361903, 0.0293707101435, 0.0137979762805
1, 0.5, 9, no_regularization, -0.00606218255967, 0.000965120816783, 6.28126805914, -0.0100230423268, 0.0614254683105, 0.1631740482
1, 0.5, 10, no_regularization, -0.00616245780838, 0.00119468609234, 5.15822344287, -0.000963678680809, 0.0313909724541, 0.0306992299209
1, 0.5, 6, regularization, -0.00632743080742, 0.00150989809268, 4.19063434684, 0.00177625125187, 0.00423249434993, 0.41967008223
1, 0.5, 7, regularization, -0.00617296724119, 0.00159693360502, 3.86551276884, 0.0019393093334, 0.00427809367702, 0.453311563469
1, 0.5, 8, regularization, -0.0062949825076, 0.00154265487586, 4.08061621955, 0.00224536097444, 0.00359411720051, 0.624732263634
1, 0.5, 9, regularization, -0.00604338417899, 0.00171755434179, 3.51859852813, 0.00206741977102, 0.00483877766057, 0.427260749727
1, 0.5, 10, regularization, -0.00616335504369, 0.00173348599264, 3.55546861634, 0.00209505169856, 0.00407230790018, 0.514462990009
0.8, 3.0, 6, no_regularization, -0.0399468737729, 0.343512010756, 0.11628959839, -0.000388096741076, 0.276086635304, 0.00140570636695
0.8, 3.0, 7, no_regularization, -0.0308459586229, 0.322786425108, 0.0955615113387, -0.000695584490469, 0.290290601214, 0.00239616607482
0.8, 3.0, 8, no_regularization, -0.0371979846066, 0.330293986478, 0.112620835163, -0.00225348369899, 0.278910881167, 0.00807958330475
0.8, 3.0, 9, no_regularization, -0.0360014814787, 0.315366080915, 0.114157747638, -0.00535662393833, 0.295418529323, 0.018132322135
0.8, 3.0, 10, no_regularization, -0.0377520767201, 0.331783687846, 0.113785210374, -0.00308202949725, 0.321203609979, 0.00959525173908
0.8, 3.0, 6, regularization, -0.0349986764342, 0.242563779945, 0.144286490103, -0.0142612011725, 0.202971346274, 0.0702621401213
0.8, 3.0, 7, regularization, -0.0362896943423, 0.228035202655, 0.159140755111, -0.00897009288106, 0.240935301267, 0.037230297237
0.8, 3.0, 8, regularization, -0.033941142559, 0.235750627396, 0.143970529088, -0.00316794225278, 0.217319740714, 0.0145773331147
0.8, 3.0, 9, regularization, -0.0351663313275, 0.224820127489, 0.156419853153, -0.0133166880933, 0.25343618912, 0.0525445404604
0.8, 3.0, 10, regularization, -0.0355873374256, 0.249946351756, 0.142379903429, -0.012798660692, 0.247036528877, 0.0518087780386
1, 5.0, 6, no_regularization, -0.0329719286005, 0.21982931852, 0.149988767752, -0.00113378874026, 0.185644235807, 0.00610731992478
1, 5.0, 7, no_regularization, -0.0476179279396, 0.120337672063, 0.395702585259, -0.0023265190163, 0.143985312837, 0.0161580300828
1, 5.0, 8, no_regularization, -0.0574351447261, 0.190301785348, 0.301810855957, 0.0104513160204, 0.171486263347, 0.0609454997524
1, 5.0, 9, no_regularization, -0.056393177683, 0.00277534047179, 20.3193727963, 0.0165429455025, 0.0678781333703, 0.2437153864
1, 5.0, 10, no_regularization, -0.0580587813036, 0.100428390253, 0.578111240828, 0.0150068130942, 0.116858865518, 0.128418267863
1, 5.0, 6, regularization, -0.0393798969791, 0.145315350744, 0.270996125168, 0.00664507549826, 0.149675090573, 0.0443966692976
1, 5.0, 7, regularization, -0.0442464635875, 0.0956428867516, 0.462621582119, 0.0108452184844, 0.112263589051, 0.0966049506893
1, 5.0, 8, regularization, -0.0600486332237, 0.106365216493, 0.564551412612, 0.0121937850043, 0.130915294453, 0.0931425549264
1, 5.0, 9, regularization, -0.0564060021577, 0.00199679577179, 28.2482580115, 0.0281401969087, 0.00680502680233, 4.13520735863
1, 5.0, 10, regularization, -0.058076280806, 0.0228262302562, 2.54427823404, 0.0255041941772, 0.0426963539188, 0.597338925607
0.8, 1.0, 6, no_regularization, -0.0135832222386, 0.331514699134, 0.0409732125727, -0.0108326928291, 0.275935585719, 0.0392580493049
0.8, 1.0, 7, no_regularization, -0.00612759585775, 0.305322829734, 0.0200692357761, -0.0151940958999, 0.282706484962, 0.0537451268653
0.8, 1.0, 8, no_regularization, -0.0146785767205, 0.316291279021, 0.0464084143135, -0.0131724037878, 0.277812937523, 0.0474146521223
0.8, 1.0, 9, no_regularization, -0.00943130520477, 0.320053715658, 0.029467882244, -0.0192615020567, 0.298739059597, 0.0644760082015
0.8, 1.0, 10, no_regularization, -0.0187679730386, 0.325819618342, 0.0576023418542, -0.0101238518977, 0.317681438172, 0.0318679364962
0.8, 1.0, 6, regularization, -0.0113009797749, 0.208615823928, 0.0541712491512, -0.0185768674238, 0.202991563421, 0.0915154655232
0.8, 1.0, 7, regularization, -0.0102830006143, 0.206680313507, 0.0497531692293, -0.0216158907896, 0.225092447829, 0.096031168518
0.8, 1.0, 8, regularization, -0.0151167005444, 0.205910355444, 0.0734139888777, -0.0132708434564, 0.239961396343, 0.0553040766498
0.8, 1.0, 9, regularization, -0.0138296331703, 0.209976666874, 0.0658627140636, -0.0249901146735, 0.240929995497, 0.103723550992
0.8, 1.0, 10, regularization, -0.00852545299013, 0.200400621951, 0.0425420485583, -0.0224076741979, 0.224725661153, 0.099711239397
1, 9.0, 6, no_regularization, -0.0060438788485, 0.354918966146, 0.0170288979316, 0.00519489567944, 0.438864652662, 0.0118371248355
1, 9.0, 7, no_regularization, 0.0140898653422, 0.369011652424, 0.0381827111683, -0.0294073177467, 0.460452370957, 0.0638661446906
1, 9.0, 8, no_regularization, -0.0340125725198, 0.54392353218, 0.0625319010993, 0.018367604463, 0.342065441783, 0.0536961710228
1, 9.0, 9, no_regularization, -0.0391984504364, 0.486624169866, 0.0805517951301, 3.04388490556e-05, 0.638696440464, 4.76577715597e-05
1, 9.0, 10, no_regularization, -0.0039520405139, 0.407571454371, 0.00969655865618, -0.0948634055965, 0.814382763434, 0.116485036098
1, 9.0, 6, regularization, 0.0017864641282, 0.303354798857, 0.00588902544127, -0.00196935343587, 0.534261251733, 0.00368612439978
1, 9.0, 7, regularization, 0.0134986629192, 0.276703501948, 0.0487838528396, -0.0284894429959, 0.479891125024, 0.0593664719149
1, 9.0, 8, regularization, -0.00480745674284, 0.248958038349, 0.0193103093787, -0.0688393070773, 0.362665632077, 0.189814807328
1, 9.0, 9, regularization, -0.0386516176787, 0.418016436858, 0.0924643489361, 0.00607270460724, 0.609543475737, 0.00996270955061
1, 9.0, 10, regularization, -0.00117721144982, 0.32475080034, 0.00362496858694, 0.0246192145535, 0.626091286543, 0.0393220846267
1.4, 0.5, 6, no_regularization, -0.00635101651451, 0.000592818682313, 10.7132529793, 0.00280998393083, 0.00291268868849, 0.964738848314
1.4, 0.5, 7, no_regularization, -0.00616735157701, 0.00081988453881, 7.5222196359, 0.00274732339561, 0.00594113904455, 0.462423682565
1.4, 0.5, 8, no_regularization, -0.00631551059064, 0.000704618502291, 8.96302122369, 0.002917933433, 0.00327062398602, 0.892164139161
1.4, 0.5, 9, no_regularization, -0.00604715023767, 0.000591923762648, 10.2160964287, 0.00280808799337, 0.00330554550296, 0.849508194896
1.4, 0.5, 10, no_regularization, -0.00615623908687, 0.00098674567972, 6.23893188832, 0.00329619719164, 0.00507524000397, 0.649466269391
1.4, 0.5, 6, regularization, -0.00633251348286, 0.00124832199403, 5.07282056483, 0.00283935540311, 0.00223895699058, 1.26815986866
1.4, 0.5, 7, regularization, -0.00617423832038, 0.00134285835187, 4.59783290752, 0.00280171122721, 0.00263828292616, 1.0619449489
1.4, 0.5, 8, regularization, -0.00629543719588, 0.00127834206837, 4.92468905752, 0.00307724845112, 0.00220220862663, 1.39734647022
1.4, 0.5, 9, regularization, -0.00603791731976, 0.00140933619573, 4.28422780742, 0.00274361815525, 0.00237477388249, 1.15531763907
1.4, 0.5, 10, regularization, -0.00615873164342, 0.00143115777974, 4.30332122047, 0.00306474292861, 0.00241720537393, 1.26788685879
1.3, 5.0, 6, no_regularization, -0.0372615563336, 0.216055715457, 0.172462719882, 0.000484950626098, 0.249819226378, 0.00194120617988
1.3, 5.0, 7, no_regularization, -0.0478759550852, 0.137718738336, 0.347635736891, 0.00127395463604, 0.173545036732, 0.00734077251663
1.3, 5.0, 8, no_regularization, -0.0639884785033, 0.170588863546, 0.375103492533, 0.0241434246278, 0.205153083025, 0.117684922263
1.3, 5.0, 9, no_regularization, -0.0563947662965, 0.00243143403059, 23.1940351196, 0.0129170909362, 0.0896228222012, 0.144127250391
1.3, 5.0, 10, no_regularization, -0.0599030774709, 0.0816992608309, 0.733214436235, 0.0275851874958, 0.108330578755, 0.254638974636
1.3, 5.0, 6, regularization, -0.0372523191878, 0.141564776721, 0.263146808484, 0.00655979481925, 0.207239734443, 0.0316531713229
1.3, 5.0, 7, regularization, -0.0254154685368, 0.14083657452, 0.180460712165, 0.020976758976, 0.205025351532, 0.102313000901
1.3, 5.0, 8, regularization, -0.0588059032145, 0.102348726302, 0.574564094142, 0.0188443814561, 0.166369096006, 0.113268521069
1.3, 5.0, 9, regularization, -0.0564022478193, 0.00198365313142, 28.4335234452, 0.0289795496761, 0.00679799492954, 4.26295547092
1.3, 5.0, 10, regularization, -0.0579263984037, 0.0229475499911, 2.52429555339, 0.0270762578448, 0.0290615196227, 0.93168761291
0.9, 11.0, 6, no_regularization, 0.0225393426024, 0.372339757046, 0.0605343430989, -0.012836355358, 0.442224184547, 0.0290268054226
0.9, 11.0, 7, no_regularization, -0.00261979015947, 0.332955292101, 0.00786829409719, -0.103384093425, 0.304585771554, 0.339425222975
0.9, 11.0, 8, no_regularization, 0.0038249499304, 0.361280856099, 0.0105871923902, -0.121465915325, 0.480664811391, 0.252703989238
0.9, 11.0, 9, no_regularization, 0.0515608194271, 0.444354322175, 0.116035372796, -0.0998831937243, 0.589730424967, 0.169370935423
0.9, 11.0, 10, no_regularization, 0.0118509857735, 0.472080136208, 0.0251037585878, 0.0116494933149, 0.511381121204, 0.022780452449
0.9, 11.0, 6, regularization, 0.0275363150383, 0.27194219154, 0.101257972815, -0.0895364156479, 0.588694750156, 0.152093110435
0.9, 11.0, 7, regularization, -0.0190762306559, 0.656293287765, 0.0290666246502, -0.069805854709, 0.441527033867, 0.158100975375
0.9, 11.0, 8, regularization, -0.0173796596444, 0.240672399497, 0.072212932105, -0.0843710124757, 0.420836209998, 0.200484203762
0.9, 11.0, 9, regularization, 0.0465599993255, 0.346916812599, 0.134210847196, -0.0989104623223, 0.557636567706, 0.177374419201
0.9, 11.0, 10, regularization, -0.00663478368605, 0.346293170714, 0.0191594413265, -0.118895477343, 0.563688642882, 0.210924024893
1.4, 7.0, 6, no_regularization, -0.0338701475576, 0.275548998877, 0.122918782851, 0.00610226720682, 0.33728334202, 0.0180924061362
1.4, 7.0, 7, no_regularization, -0.0438589174879, 0.509082253263, 0.086152909882, 0.0240212182653, 0.60851863294, 0.0394749099945
1.4, 7.0, 8, no_regularization, -0.0238610043504, 0.276389209854, 0.0863311717668, 0.00351778074077, 0.345870929939, 0.01017079042
1.4, 7.0, 9, no_regularization, -0.0368867679548, 0.28586634617, 0.129035013911, -0.0267350990807, 0.402152889181, 0.0664799378543
1.4, 7.0, 10, no_regularization, -0.00138255269957, 0.423067837598, 0.00326792201321, -0.0159069251298, 0.494613631579, 0.0321603047596
1.4, 7.0, 6, regularization, -0.076342948886, 0.173244591904, 0.44066569725, -0.0957302825771, 0.395567611555, 0.242007383266
1.4, 7.0, 7, regularization, -0.00961999797138, 0.458429394426, 0.0209846883475, 0.0243859666759, 0.547331609925, 0.0445542815977
1.4, 7.0, 8, regularization, -0.064023243819, 0.168688678964, 0.379534917293, 0.0159515431722, 0.281278636312, 0.0567108237629
1.4, 7.0, 9, regularization, -0.02854143329, 0.549076710717, 0.0519807756055, -0.0113485830381, 0.573263037096, 0.019796467422
1.4, 7.0, 10, regularization, 0.0299575064019, 0.240737822578, 0.124440381163, -0.0129799938378, 0.394129277861, 0.0329333408272
1.1, 7.0, 6, no_regularization, -0.0132454126801, 0.31816412705, 0.0416307545508, 0.0121740826415, 0.324549057623, 0.037510762566
1.1, 7.0, 7, no_regularization, -0.0200371172498, 0.489990420093, 0.0408928755098, -0.0333865816362, 0.592927064856, 0.0563080749979
1.1, 7.0, 8, no_regularization, 0.0135376261961, 0.390253994401, 0.0346892700403, 0.00933709175369, 0.638567749237, 0.0146219281585
1.1, 7.0, 9, no_regularization, -0.015118147812, 0.333222165059, 0.0453695744078, -0.0105870054471, 0.513842547093, 0.0206035983337
1.1, 7.0, 10, no_regularization, 0.00836242186855, 0.471233290629, 0.0177458215174, -0.0275395064769, 0.473602838399, 0.05814894727
1.1, 7.0, 6, regularization, -0.0322055410498, 0.202446587269, 0.159081669315, 0.00750288267097, 0.195090280165, 0.0384585160502
1.1, 7.0, 7, regularization, -0.0147707670599, 0.425623570949, 0.0347038276732, -0.0278293034777, 0.514755580843, 0.0540631408641
1.1, 7.0, 8, regularization, 0.0450314853077, 0.397412672884, 0.113311649024, 0.0268458527449, 0.665281101158, 0.040352645969
1.1, 7.0, 9, regularization, -0.0180633263471, 0.571396595951, 0.0316125900559, -0.0178521384727, 0.528299849504, 0.033791678134
1.1, 7.0, 10, regularization, 0.038188347899, 0.242193682401, 0.157676895286, -0.0130868024718, 0.376784558866, 0.0347328524055
1.2, 5.0, 6, no_regularization, -0.0409562580046, 0.17316424188, 0.236516832574, -0.00349603554868, 0.206305775093, 0.0169458927997
1.2, 5.0, 7, no_regularization, -0.0489338319608, 0.127920248233, 0.382533904027, -0.00229863170475, 0.158845761506, 0.014470840663
1.2, 5.0, 8, no_regularization, -0.0637332684713, 0.171303234482, 0.37204941672, 0.0228836294446, 0.191779655104, 0.119322508074
1.2, 5.0, 9, no_regularization, -0.0563947660656, 0.00243143887798, 23.1939887844, 0.013871341133, 0.0845768260343, 0.164008769108
1.2, 5.0, 10, no_regularization, -0.0274281960079, 0.193450290142, 0.141784207135, 0.0265716811327, 0.211755282673, 0.125482966929
1.2, 5.0, 6, regularization, -0.039840600636, 0.116365964219, 0.342373312534, 0.00667701716652, 0.172135630152, 0.0387892800614
1.2, 5.0, 7, regularization, -0.0482530574722, 0.069037353221, 0.698941300918, 0.0176109850691, 0.155459078368, 0.113283735205
1.2, 5.0, 8, regularization, -0.0663123605591, 0.10366015828, 0.639709235057, 0.0238804843331, 0.135356247538, 0.17642690875
1.2, 5.0, 9, regularization, -0.0564041099751, 0.00199176032127, 28.3187235797, 0.0289963374855, 0.0066690558076, 4.34789246364
1.2, 5.0, 10, regularization, -0.0413015977121, 0.156404581533, 0.26406897616, 0.028066136886, 0.19259895124, 0.145723207241
1, 1.0, 6, no_regularization, -0.0125262655654, 0.00100238673036, 12.4964399327, -0.00607139033786, 0.0616973219428, 0.0984060595612
1, 1.0, 7, no_regularization, -0.0123176130761, 0.00143912137727, 8.55912035675, -0.00694390853117, 0.0634231822749, 0.109485337728
1, 1.0, 8, no_regularization, -0.0120933030051, 0.0013433403955, 9.00241148524, 0.00214390949869, 0.0310486874913, 0.069049923585
1, 1.0, 9, no_regularization, -0.0119412107735, 0.0021067401936, 5.66809842516, -0.00722145891902, 0.0625218962265, 0.11550287747
1, 1.0, 10, no_regularization, -0.01208179292, 0.00167352714587, 7.21935879548, -0.00511662623787, 0.0576933686376, 0.0886865572023
1, 1.0, 6, regularization, -0.0124795542564, 0.00119241446661, 10.4657856861, 0.00503761903249, 0.0044120554163, 1.14178507683
1, 1.0, 7, regularization, -0.0123214464923, 0.00141076754601, 8.73386017923, 0.00536527270837, 0.00348237131837, 1.54069518092
1, 1.0, 8, regularization, -0.012079171725, 0.00139324457957, 8.66981426102, 0.00496738746714, 0.00351656550059, 1.41256787804
1, 1.0, 9, regularization, -0.0119631560446, 0.00125993431856, 9.49506324925, 0.00490209190051, 0.00481171032932, 1.01878366838
1, 1.0, 10, regularization, -0.0120939395899, 0.00149756663936, 8.07572716431, 0.00513380809849, 0.00439614016989, 1.16779900096
1.5, 0.5, 6, no_regularization, -0.00635101655117, 0.000592818605481, 10.7132544297, 0.00280998353341, 0.00291268967465, 0.964738385237
1.5, 0.5, 7, no_regularization, -0.00616735128334, 0.000819883086582, 7.52223260155, 0.00274732451708, 0.00594113898466, 0.462423875989
1.5, 0.5, 8, no_regularization, -0.00631551057569, 0.000704618531371, 8.96302083257, 0.00291793340298, 0.00327062399532, 0.892164127442
1.5, 0.5, 9, no_regularization, -0.00604715023247, 0.000591923719442, 10.2160971656, 0.00280808799718, 0.00330554533512, 0.849508239185
1.5, 0.5, 10, no_regularization, -0.00615623908255, 0.000986745758056, 6.23893138864, 0.00329619725272, 0.00507523999268, 0.64946628287
1.5, 0.5, 6, regularization, -0.00633251348895, 0.00124832202382, 5.07282044867, 0.00283935541846, 0.00223895700039, 1.26815986996
1.5, 0.5, 7, regularization, -0.00617423831318, 0.00134285819423, 4.59783344192, 0.00280171108737, 0.00263828258867, 1.06194503174
1.5, 0.5, 8, regularization, -0.00629543720177, 0.00127834202663, 4.92468922292, 0.00307724850361, 0.00220220861931, 1.3973464987
1.5, 0.5, 9, regularization, -0.00603791732192, 0.00140933615758, 4.28422792493, 0.00274361816124, 0.00237477386744, 1.15531764892
1.5, 0.5, 10, regularization, -0.00615873164623, 0.00143115773473, 4.30332135778, 0.00306474293172, 0.00241720536942, 1.26788686244
1.3, 3.0, 6, no_regularization, -0.0347481513677, 0.00151340693743, 22.9602167852, 0.0185128529404, 0.00777776963639, 2.38022644098
1.3, 3.0, 7, no_regularization, -0.0344153383568, 0.00198195057317, 17.3643777109, 0.00460308042566, 0.0724325835393, 0.063549858375
1.3, 3.0, 8, no_regularization, -0.0345491436743, 0.00251921796454, 13.7142336076, 0.0190426957206, 0.0109525260729, 1.73865787617
1.3, 3.0, 9, no_regularization, -0.0343749723709, 0.00157569609414, 21.8157375009, 0.0144414075474, 0.0392626938826, 0.367814994829
1.3, 3.0, 10, no_regularization, -0.0349259015582, 0.0033103341941, 10.5505666529, 0.0190558479466, 0.0135890775838, 1.40229149691
1.3, 3.0, 6, regularization, -0.0347289306318, 0.00217440926473, 15.9716623706, 0.0175154635506, 0.00443728002653, 3.94734239127
1.3, 3.0, 7, regularization, -0.0344082436529, 0.00243136238727, 14.151836778, 0.017117189496, 0.00461785197636, 3.70674278509
1.3, 3.0, 8, regularization, -0.0345291999005, 0.00255443848461, 13.517334674, 0.0180560800443, 0.00458132879432, 3.9412320868
1.3, 3.0, 9, regularization, -0.034404987281, 0.00227430756985, 15.1276756658, 0.0170758571602, 0.00508677926785, 3.35690940397
1.3, 3.0, 10, regularization, -0.034948036986, 0.00305133330336, 11.4533659589, 0.0181525260946, 0.00517086742607, 3.51053790378
1.1, 3.0, 6, no_regularization, -0.0347481511587, 0.00151340682697, 22.960218323, 0.00405247282855, 0.0734696567575, 0.0551584559858
1.1, 3.0, 7, no_regularization, -0.0344153385054, 0.0019819505272, 17.3643781886, 0.00202694662458, 0.0795326483541, 0.0254857177088
1.1, 3.0, 8, no_regularization, -0.0345491436778, 0.00251921793242, 13.7142337839, 0.00997209710522, 0.0565502218545, 0.176340547892
1.1, 3.0, 9, no_regularization, -0.0343749723502, 0.00157569621537, 21.8157358093, 0.00302657370054, 0.075017221696, 0.040345051871
1.1, 3.0, 10, no_regularization, -0.0349259015578, 0.00331033419595, 10.5505666469, 0.011737749324, 0.0515284592603, 0.22779158338
1.1, 3.0, 6, regularization, -0.0347281642312, 0.00214752234167, 16.1712702854, 0.0170484065956, 0.00436107289713, 3.90922302786
1.1, 3.0, 7, regularization, -0.0344113490571, 0.0024346561724, 14.133966614, 0.0172271718803, 0.00425665878428, 4.04711130333
1.1, 3.0, 8, regularization, -0.0345301121069, 0.00256908440712, 13.44062967, 0.0175934262491, 0.00489085155103, 3.59721125566
1.1, 3.0, 9, regularization, -0.0344055935302, 0.00224356185974, 15.335255135, 0.0171849089939, 0.00480753361991, 3.57457905707
1.1, 3.0, 10, regularization, -0.0349482709851, 0.00302757040195, 11.5433388312, 0.0176363006394, 0.00544319932329, 3.24006151381
1.2, 1.0, 6, no_regularization, -0.0125215024645, 0.000795650584384, 15.7374389088, 0.00671286420636, 0.00520892537287, 1.28872343638
1.2, 1.0, 7, no_regularization, -0.0123162811546, 0.00124302826184, 9.90828731151, 0.00538368112423, 0.0162393801731, 0.33152011141
1.2, 1.0, 8, no_regularization, -0.0120944055994, 0.00117544669192, 10.289199572, 0.0058499577576, 0.00544241044289, 1.07488360516
1.2, 1.0, 9, no_regularization, -0.0119265194471, 0.000773250015328, 15.4238851738, 0.00600774685876, 0.00449829401209, 1.33556118
1.2, 1.0, 10, no_regularization, -0.0120745909203, 0.0015441625208, 7.81950782877, 0.00617958341782, 0.00673790233046, 0.91713757706
1.2, 1.0, 6, regularization, -0.0124816696728, 0.00100010720228, 12.4803317528, 0.00589798722033, 0.00224256533929, 2.63001800527
1.2, 1.0, 7, regularization, -0.0123221391463, 0.00123480592565, 9.97900875782, 0.00572802090161, 0.00311965636061, 1.83610636541
1.2, 1.0, 8, regularization, -0.0120815723295, 0.00121963826708, 9.90586525169, 0.00574672655081, 0.00241340612614, 2.38116846086
1.2, 1.0, 9, regularization, -0.0119531462904, 0.00104222691255, 11.4688520767, 0.00588134508477, 0.00206062524362, 2.85415560301
1.2, 1.0, 10, regularization, -0.0120878257593, 0.00136996489316, 8.82345658611, 0.00588125650466, 0.00251104672378, 2.34215335341
1.3, 0.5, 6, no_regularization, -0.00635101634172, 0.000592819577604, 10.7132365085, 0.00280998389343, 0.00291268921031, 0.964738662638
1.3, 0.5, 7, no_regularization, -0.00616735146721, 0.000819882292303, 7.52224011313, 0.00274732333768, 0.0059411387861, 0.462423692931
1.3, 0.5, 8, no_regularization, -0.00631551058281, 0.000704618511554, 8.96302109476, 0.00291793344703, 0.00327062403809, 0.892164129244
1.3, 0.5, 9, no_regularization, -0.00604715023041, 0.000591923771052, 10.2160962714, 0.00280808798931, 0.00330554545523, 0.849508205937
1.3, 0.5, 10, no_regularization, -0.00615623908929, 0.000986745760766, 6.23893137835, 0.00329619711274, 0.00507523978141, 0.649466282324
1.3, 0.5, 6, regularization, -0.00633251348517, 0.00124832203642, 5.07282039442, 0.00283935542333, 0.00223895691526, 1.26815992035
1.3, 0.5, 7, regularization, -0.00617423842762, 0.00134285898621, 4.59783081547, 0.00280171109441, 0.00263828224567, 1.06194517248
1.3, 0.5, 8, regularization, -0.00629543720723, 0.00127834206286, 4.92468908763, 0.00307724846356, 0.00220220863899, 1.39734646803
1.3, 0.5, 9, regularization, -0.00603791733877, 0.0014093361538, 4.28422794839, 0.00274361791189, 0.00237477398842, 1.15531748506
1.3, 0.5, 10, regularization, -0.00615873164449, 0.00143115771897, 4.30332140396, 0.00306474311897, 0.00241720542171, 1.26788691248
0.9, 3.0, 6, no_regularization, -0.034353024986, 0.260831494973, 0.131705816392, -0.00468473504798, 0.292073351607, 0.0160395839682
0.9, 3.0, 7, no_regularization, -0.0333218979501, 0.268690785856, 0.124015782097, -0.00760391442577, 0.304460053138, 0.0249750807943
0.9, 3.0, 8, no_regularization, -0.0377632662246, 0.266100416723, 0.141913592957, -0.00117761852258, 0.305459499831, 0.00385523620391
0.9, 3.0, 9, no_regularization, -0.0381519486246, 0.264467344389, 0.144259582266, -0.00131719253585, 0.304824399072, 0.00432115191521
0.9, 3.0, 10, no_regularization, -0.0372157227138, 0.264021261998, 0.140957294243, -0.00323697872725, 0.306165522024, 0.0105726428824
0.9, 3.0, 6, regularization, -0.0342100729501, 0.0250100832397, 1.36785122313, -0.00324441952312, 0.138829313321, 0.0233698449234
0.9, 3.0, 7, regularization, -0.0350408574992, 0.0596719251127, 0.587225188949, -0.00422566528652, 0.150900451141, 0.02800299969
0.9, 3.0, 8, regularization, -0.0350125051826, 0.0385138737731, 0.909088122084, -0.00291084726909, 0.155836416828, 0.0186788642111
0.9, 3.0, 9, regularization, -0.0351749782569, 0.0328080522033, 1.0721446686, -0.0004899888529, 0.146988241114, 0.0033335241594
0.9, 3.0, 10, regularization, -0.0354712152766, 0.0610376952038, 0.581136216859, -0.00235768128838, 0.175666836298, 0.0134213226472
1.5, 5.0, 6, no_regularization, -0.0408682591593, 0.172822158275, 0.236475805923, 0.00691639260906, 0.2294668244, 0.0301411440506
1.5, 5.0, 7, no_regularization, -0.0455101548209, 0.125982516054, 0.361241831377, 0.00771050657556, 0.164930850505, 0.0467499352119
1.5, 5.0, 8, no_regularization, -0.0671198956878, 0.168094578146, 0.399298397535, 0.0228467012419, 0.241339044262, 0.0946664113624
1.5, 5.0, 9, no_regularization, -0.0563947662989, 0.00243143432975, 23.1940322668, 0.0164040700358, 0.0793810221615, 0.206649770803
1.5, 5.0, 10, no_regularization, -0.0596134292575, 0.0959497571348, 0.621298386131, 0.0275587217706, 0.121686342673, 0.226473416534
1.5, 5.0, 6, regularization, -0.0400604403822, 0.119611203793, 0.334922140333, 0.0162100427558, 0.189600694021, 0.0854956931436
1.5, 5.0, 7, regularization, -0.0492228889855, 0.0903614959008, 0.544733002644, 0.0258880996511, 0.143529016345, 0.180368404315
1.5, 5.0, 8, regularization, -0.0484312689814, 0.123809243044, 0.39117652116, 0.0178319163278, 0.205967880528, 0.0865761995612
1.5, 5.0, 9, regularization, -0.056403627683, 0.00206037555984, 27.3754109602, 0.028997868857, 0.00685881978668, 4.22782195172
1.5, 5.0, 10, regularization, -0.0577100892712, 0.0266653854814, 2.16423232701, 0.0265020146862, 0.0525485266878, 0.504334114706
1.5, 3.0, 6, no_regularization, -0.0347481514651, 0.00151340568941, 22.9602357836, 0.0187868485437, 0.00743872339545, 2.52554740175
1.5, 3.0, 7, no_regularization, -0.0344153385168, 0.00198195110227, 17.364373156, 0.0183802982257, 0.00932425657796, 1.97123471154
1.5, 3.0, 8, no_regularization, -0.0345491436769, 0.00251921796746, 13.7142335928, 0.0190807957205, 0.0109284837209, 1.74596917632
1.5, 3.0, 9, no_regularization, -0.0343749721816, 0.00157569651817, 21.81573151, 0.018833825386, 0.0076244101648, 2.47020097016
1.5, 3.0, 10, no_regularization, -0.0349259015583, 0.00331033419962, 10.5505666353, 0.0190558479609, 0.0135890778481, 1.40229147069
1.5, 3.0, 6, regularization, -0.0347294724711, 0.00217632913726, 15.9578217635, 0.0176734216357, 0.00445894455167, 3.96358856472
1.5, 3.0, 7, regularization, -0.0344107972502, 0.00243243754485, 14.1466313587, 0.0174987403426, 0.00453788857494, 3.85614147496
1.5, 3.0, 8, regularization, -0.0345302868716, 0.00255311164728, 13.5247852981, 0.0180773782384, 0.00458630660704, 3.94159828099
1.5, 3.0, 9, regularization, -0.0344048965094, 0.00228336924639, 15.0676008989, 0.0179233867769, 0.00460294669346, 3.89389405755
1.5, 3.0, 10, regularization, -0.0349479877685, 0.00305134802204, 11.453294582, 0.0181510514228, 0.00516890945661, 3.5115823899
0.8, 9.0, 6, no_regularization, 0.00909017527571, 0.346942133521, 0.0262008398445, -0.121928231107, 0.312261810907, 0.390467956208
0.8, 9.0, 7, no_regularization, 0.0271451521889, 0.356148713304, 0.0762185884011, -0.0253396016563, 0.55065111805, 0.0460175251182
0.8, 9.0, 8, no_regularization, -0.014312034611, 0.338016251601, 0.0423412618277, -0.0902879390367, 0.510958154235, 0.176703196315
0.8, 9.0, 9, no_regularization, -0.0490628253382, 0.534399614851, 0.0918092453188, -0.00899787351118, 0.531118707985, 0.0169413605206
0.8, 9.0, 10, no_regularization, -0.00346913015653, 0.397633815661, 0.00872443444169, 0.0593125018671, 0.686709477741, 0.0863720449327
0.8, 9.0, 6, regularization, -0.0119937740638, 0.316602386219, 0.0378827658471, -0.130841562899, 0.448293673886, 0.291865735611
0.8, 9.0, 7, regularization, 0.0373031722561, 0.324104232482, 0.115096220652, -0.0424459710259, 0.476488591846, 0.0890807707724
0.8, 9.0, 8, regularization, -0.013235839197, 0.264924853874, 0.0499607303863, -0.0920112268308, 0.484020326599, 0.190097857
0.8, 9.0, 9, regularization, -0.0127839818155, 0.2988755116, 0.0427736007781, -0.0114292553487, 0.262821876037, 0.0434866972303
0.8, 9.0, 10, regularization, -0.00493847621641, 0.357182548992, 0.0138261968014, 0.068570394946, 0.631970641568, 0.108502500648
1.3, 1.0, 6, no_regularization, -0.012521502062, 0.000795650783351, 15.7374344675, 0.0067128656297, 0.00520891823914, 1.28872547456
1.3, 1.0, 7, no_regularization, -0.0123162812196, 0.00124302888486, 9.9082823977, 0.00659968033505, 0.00667457619973, 0.988778933307
1.3, 1.0, 8, no_regularization, -0.0120944056035, 0.00117544670632, 10.2891994494, 0.00584995772055, 0.00544241030421, 1.07488362574
1.3, 1.0, 9, no_regularization, -0.0119265194524, 0.000773250004116, 15.4238854043, 0.00600774681182, 0.00449829400909, 1.33556117045
1.3, 1.0, 10, no_regularization, -0.0120745909182, 0.00154416249731, 7.81950794636, 0.00617958341544, 0.00673790260286, 0.917137539627
1.3, 1.0, 6, regularization, -0.012481669672, 0.00100010716886, 12.480332169, 0.00589798721374, 0.00224256533583, 2.63001800639
1.3, 1.0, 7, regularization, -0.0123217686874, 0.00123798350785, 9.95309598977, 0.00617824958547, 0.00221593545143, 2.78809997894
1.3, 1.0, 8, regularization, -0.0120815718386, 0.00121963899298, 9.90585895339, 0.00574672410202, 0.00241340740634, 2.3811661831
1.3, 1.0, 9, regularization, -0.0119531463519, 0.00104222673932, 11.4688540419, 0.00588134507872, 0.00206062480883, 2.85415620229
1.3, 1.0, 10, regularization, -0.0120878249663, 0.00136996272061, 8.82346999993, 0.00588125569696, 0.00251105026249, 2.34214973106
1.4, 11.0, 6, no_regularization, 0.00328680611273, 0.384895765287, 0.00853947070651, 0.0142324293953, 0.636335637669, 0.0223662302609
1.4, 11.0, 7, no_regularization, 0.00776336685954, 0.41619407575, 0.0186532373041, -0.0840929039784, 0.546840209493, 0.15377966455
1.4, 11.0, 8, no_regularization, -0.0213435375793, 0.363946323839, 0.0586447401202, -0.0802760695212, 0.67869221417, 0.118280522224
1.4, 11.0, 9, no_regularization, 0.0132742705476, 0.381353336721, 0.0348083241168, -0.011050107494, 0.550246210891, 0.0200821146522
1.4, 11.0, 10, no_regularization, -0.00120924888459, 0.466316369608, 0.00259319415615, -0.166582086874, 0.85542322873, 0.19473645475
1.4, 11.0, 6, regularization, 0.0338564551295, 0.252258269824, 0.134213459694, 0.00790020149331, 0.562154963547, 0.0140534229983
1.4, 11.0, 7, regularization, -0.0285122287129, 0.331439545098, 0.0860254279689, 0.0500201979118, 0.677235691209, 0.0738593647103
1.4, 11.0, 8, regularization, -0.0228102001432, 0.238258668034, 0.0957371260884, -0.0503637611884, 0.561925454288, 0.0896271218968
1.4, 11.0, 9, regularization, -0.0109677621555, 0.262047660513, 0.0418540739269, 0.00144632964588, 0.362617391456, 0.00398858322839
1.4, 11.0, 10, regularization, -0.0176227779416, 0.367156580667, 0.0479979901478, -0.143495441892, 0.548923877445, 0.261412279167
1.4, 9.0, 6, no_regularization, -0.00157716042549, 0.453237783267, 0.00347976378783, 0.000120123540484, 0.733274365008, 0.00016381800076
1.4, 9.0, 7, no_regularization, 0.0214671317368, 0.32721000482, 0.0656065872698, -0.0196728074952, 0.567184359937, 0.0346850316843
1.4, 9.0, 8, no_regularization, 0.0122657887258, 0.330711057929, 0.0370891399961, 0.0138041644686, 0.60741426398, 0.0227261117941
1.4, 9.0, 9, no_regularization, -0.0510722333844, 0.320582171002, 0.159310897499, 0.00520208459489, 1.05682638935, 0.00492236439905
1.4, 9.0, 10, no_regularization, 0.00468105684247, 0.380131868451, 0.0123142973031, 0.0608060662779, 0.724228259684, 0.0839598088928
1.4, 9.0, 6, regularization, 0.0469244400552, 0.382461171549, 0.122690729271, 0.00692074228317, 0.64975157992, 0.01065136661
1.4, 9.0, 7, regularization, -0.0129105426657, 0.286368047275, 0.0450837402726, -0.000387983948309, 0.532129568524, 0.000729115559929
1.4, 9.0, 8, regularization, -0.0285794566528, 0.247041746092, 0.115686749729, -0.0549151585467, 0.443825109435, 0.12373152708
1.4, 9.0, 9, regularization, -0.0435148184721, 0.407687833216, 0.106735631841, -0.0418558870061, 1.17685395537, 0.035565914373
1.4, 9.0, 10, regularization, 0.0170564508755, 0.289317750988, 0.0589540421119, 0.0558299645692, 0.690945426401, 0.080802278206
1.3, 11.0, 6, no_regularization, 0.0185733249617, 0.383805579113, 0.0483925351076, 0.0188499371116, 0.652941740403, 0.02886924812
1.3, 11.0, 7, no_regularization, -0.025074630299, 0.390953377246, 0.0641371369539, 0.0495599005298, 0.695244824829, 0.0712840984354
1.3, 11.0, 8, no_regularization, -0.0676334673377, 0.340582278358, 0.198581874734, -0.0556455393516, 0.451271664786, 0.123308294523
1.3, 11.0, 9, no_regularization, -0.00758760223529, 0.328036037187, 0.0231303923202, 0.0553886356058, 0.418585863709, 0.132323234987
1.3, 11.0, 10, no_regularization, -0.000736490452049, 0.84358914652, 0.000873044010923, -0.0941804073841, 0.677644964503, 0.138981933487
1.3, 11.0, 6, regularization, -0.0143847725015, 0.289802680593, 0.0496364370131, 0.019104157379, 0.553183164634, 0.0345349580399
1.3, 11.0, 7, regularization, 0.00504843427674, 0.191636218174, 0.0263438421236, 0.00640107536782, 0.365771371858, 0.0175002087651
1.3, 11.0, 8, regularization, -0.00861475414379, 0.240814840189, 0.0357733524106, -0.0659777031721, 0.414816304402, 0.159052820422
1.3, 11.0, 9, regularization, 0.0487145941993, 0.357256711752, 0.136357393988, -0.0680837760036, 0.611923647631, 0.111261880901
1.3, 11.0, 10, regularization, -0.00695604926394, 0.281618775934, 0.0247002325782, 0.0144524366342, 0.40388692392, 0.0357833734598
1.2, 11.0, 6, no_regularization, 0.0384986046298, 0.38333033545, 0.100431927947, -0.0601333664501, 0.712339635758, 0.0844167071878
1.2, 11.0, 7, no_regularization, 0.0131040020124, 0.414024427487, 0.0316503112919, 0.0230115706025, 0.614300414304, 0.0374597999069
1.2, 11.0, 8, no_regularization, -0.0104844026182, 0.341401569103, 0.0307098840984, -0.0983934454546, 0.529057277351, 0.185978814897
1.2, 11.0, 9, no_regularization, 0.0489888613329, 0.447448276103, 0.109484970553, -0.0735324830715, 0.642704851625, 0.114410966224
1.2, 11.0, 10, no_regularization, -0.045952491757, 0.332504396424, 0.138201155387, 0.0124510720106, 0.383634566248, 0.0324555530341
1.2, 11.0, 6, regularization, 0.0429407900791, 0.272275890374, 0.157710585466, -0.0703438122318, 0.599390965339, 0.117358813028
1.2, 11.0, 7, regularization, 0.0103062638685, 0.326908479447, 0.0315264501121, 0.0291123867162, 0.585895551251, 0.0496886973353
1.2, 11.0, 8, regularization, -0.00111039137572, 0.206778695087, 0.00536995059019, -0.0868969634778, 0.379100238281, 0.229218962963
1.2, 11.0, 9, regularization, 0.0503498153529, 0.366761926081, 0.137282012588, -0.07132587633, 0.614623334355, 0.116048110026
1.2, 11.0, 10, regularization, -0.0368932301332, 0.250665574476, 0.14718108065, 0.0226278832751, 0.345778398319, 0.0654404190231
1.4, 3.0, 6, no_regularization, -0.0347481511994, 0.00151340692913, 22.9602168, 0.0187868484823, 0.0074387231248, 2.52554748539
1.4, 3.0, 7, no_regularization, -0.0344153384393, 0.00198195068793, 17.364376747, 0.0161551331673, 0.0275425733649, 0.586551334664
1.4, 3.0, 8, no_regularization, -0.0345491442927, 0.00251921816239, 13.7142327761, 0.0190808015835, 0.0109284821583, 1.74596996244
1.4, 3.0, 9, no_regularization, -0.0343749723931, 0.00157569608295, 21.8157376698, 0.0186664138722, 0.00792822487128, 2.35442538213
1.4, 3.0, 10, no_regularization, -0.0349259016717, 0.00331033302348, 10.5505704181, 0.0190558468633, 0.0135890802344, 1.40229114367
1.4, 3.0, 6, regularization, -0.034729472931, 0.00217632873083, 15.957824955, 0.0176734213675, 0.00445894627854, 3.96358696953
1.4, 3.0, 7, regularization, -0.0344110873056, 0.00243249821641, 14.1463977541, 0.0171619580429, 0.0046017202846, 3.72946571749
1.4, 3.0, 8, regularization, -0.0345302877412, 0.00255311091732, 13.5247895056, 0.0180773867284, 0.00458629917442, 3.94160651996
1.4, 3.0, 9, regularization, -0.0344049601832, 0.00228600972771, 15.0502247502, 0.0178317601062, 0.00462059093901, 3.85919470942
1.4, 3.0, 10, regularization, -0.0349479885243, 0.00305134796295, 11.4532950515, 0.0181510487548, 0.00516891293262, 3.51157951225
0.7, 11.0, 6, no_regularization, 0.0133186113731, 0.369962365611, 0.0359999086693, -0.148285693119, 0.718982163695, 0.206243910637
0.7, 11.0, 7, no_regularization, -0.0013038372534, 0.366767933029, 0.00355493797573, -0.0728323028995, 0.539317537948, 0.135045307773
0.7, 11.0, 8, no_regularization, -0.0188610179168, 0.391505601357, 0.0481756017066, -0.0678493355418, 0.585009787857, 0.115979829654
0.7, 11.0, 9, no_regularization, -0.0193488465852, 0.44992538282, 0.0430045676996, -0.0386253989005, 0.49993504812, 0.0772608342739
0.7, 11.0, 10, no_regularization, -0.0379591004061, 0.478968707783, 0.0792517335461, 0.0107123579006, 0.44707610691, 0.0239609268647
0.7, 11.0, 6, regularization, -0.0185088025772, 0.257311493556, 0.0719315034138, -0.106719263284, 0.797183530808, 0.133870381361
0.7, 11.0, 7, regularization, -0.0405172557109, 0.369267419785, 0.109723342868, 0.0266780279948, 0.596838564494, 0.0446989011466
0.7, 11.0, 8, regularization, -0.0101682512231, 0.30652505551, 0.0331726592667, -0.0783734585136, 0.567002058598, 0.138224292708
0.7, 11.0, 9, regularization, -0.0163988178476, 0.35035800748, 0.0468058885411, -0.0297265630384, 0.493463392571, 0.0602406652365
0.7, 11.0, 10, regularization, -0.0294032372387, 0.282229492166, 0.104182015186, 0.0210939366958, 0.39205338063, 0.0538037362716
0.7, 9.0, 6, no_regularization, 0.0108671717074, 0.369046176963, 0.0294466448531, 0.0200945367892, 0.288453024851, 0.069663116896
0.7, 9.0, 7, no_regularization, 0.034184151872, 0.383709868022, 0.08908853986, -0.0412877744946, 0.573015726886, 0.0720534752491
0.7, 9.0, 8, no_regularization, -0.0157069681902, 0.348810260051, 0.0450301209255, -0.0727158553806, 0.632946727226, 0.114884637605
0.7, 9.0, 9, no_regularization, -0.0364431859103, 0.398147337303, 0.09153190916, -0.0985577888108, 0.592947223267, 0.16621679796
0.7, 9.0, 10, no_regularization, -0.0136008675868, 0.471259802399, 0.0288606571525, -0.0151930376663, 0.516740127302, 0.0294016989654
0.7, 9.0, 6, regularization, -0.0224284246819, 0.313164939556, 0.071618568521, -0.0438835785539, 0.217284125765, 0.201964033956
0.7, 9.0, 7, regularization, 0.0409917312337, 0.296491844062, 0.138255847689, -0.0377582125345, 0.561810935329, 0.0672080412823
0.7, 9.0, 8, regularization, 0.00350625323961, 0.294813526863, 0.0118931219911, -0.0717220269311, 0.536756544348, 0.133621150383
0.7, 9.0, 9, regularization, -0.0535077566656, 0.229983141693, 0.232659473523, -0.0269087459551, 0.25923526609, 0.103800483479
0.7, 9.0, 10, regularization, -0.0120039906873, 0.337856414601, 0.0355298587464, -0.0140923027363, 0.517792549159, 0.0272161172639
0.7, 1.0, 6, no_regularization, -0.00891831556767, 0.333565473892, 0.0267363269454, -0.0140510953566, 0.262349634812, 0.0535586617707
0.7, 1.0, 7, no_regularization, -0.0125230851041, 0.326657398898, 0.0383370624586, -0.0100661655634, 0.26274590695, 0.0383114077027
0.7, 1.0, 8, no_regularization, -0.0155822559972, 0.321629284454, 0.0484478769513, -0.00701743812512, 0.251445134567, 0.0279084267716
0.7, 1.0, 9, no_regularization, -0.0173407326713, 0.32280047129, 0.0537196634257, -0.0165404757435, 0.263753089711, 0.0627119695988
0.7, 1.0, 10, no_regularization, -0.00856144649893, 0.329799390871, 0.0259595582524, -0.0107982863085, 0.261109813221, 0.0413553446164
0.7, 1.0, 6, regularization, -0.00908167228776, 0.276889165742, 0.0327989441676, -0.0205938406836, 0.216822001437, 0.0949804011913
0.7, 1.0, 7, regularization, -0.00900751214183, 0.26666370584, 0.0337785455784, -0.0160130963254, 0.216845869162, 0.0738455216475
0.7, 1.0, 8, regularization, -0.0129092724107, 0.259673494338, 0.0497134774712, -0.0075243794309, 0.225853306754, 0.0333153387879
0.7, 1.0, 9, regularization, -0.017303385073, 0.251427287765, 0.0688206329027, -0.0166670795288, 0.232139669239, 0.0717976362397
0.7, 1.0, 10, regularization, -0.0106898849617, 0.268686508997, 0.0397857153366, -0.0249485840597, 0.211423954246, 0.118002636687
1.1, 9.0, 6, no_regularization, 0.00229246085984, 0.425446997905, 0.00538835829405, 0.0182917473424, 0.655229328269, 0.0279165576894
1.1, 9.0, 7, no_regularization, -0.0123100554158, 0.397444957149, 0.0309729817786, -0.00708446248782, 0.57237705506, 0.0123772649955
1.1, 9.0, 8, no_regularization, 0.0221675531988, 0.312475223062, 0.0709417949414, -0.0789190813651, 0.508819957415, 0.155102173598
1.1, 9.0, 9, no_regularization, -0.0196622475776, 0.322134262959, 0.0610374301605, 0.0446134008224, 0.405936635075, 0.109902376301
1.1, 9.0, 10, no_regularization, 0.00454313165917, 0.393213858518, 0.0115538442014, 0.0502471226722, 0.512644407796, 0.0980155482204
1.1, 9.0, 6, regularization, 0.00395622484396, 0.326310985833, 0.0121240933212, 0.019337334553, 0.625443769868, 0.0309177826763
1.1, 9.0, 7, regularization, 0.0137432262345, 0.33048516189, 0.0415850023521, -0.0978093496928, 0.635214789322, 0.153978388628
1.1, 9.0, 8, regularization, 0.0115467389699, 0.292643778115, 0.0394566357919, 0.0224638881404, 0.42245846415, 0.053174193552
1.1, 9.0, 9, regularization, 0.014791064616, 0.237806882357, 0.0621977987745, 0.0490059768063, 0.315101237384, 0.15552454574
1.1, 9.0, 10, regularization, -0.00529733154603, 0.329866280076, 0.0160590271452, 0.0506350177346, 0.669602507689, 0.075619516285
1.3, 9.0, 6, no_regularization, -0.0134987874478, 0.31927126568, 0.0422799947847, -0.0148244156129, 0.461572443472, 0.0321172024512
1.3, 9.0, 7, no_regularization, 0.00967677935326, 0.420031326195, 0.0230382325074, -0.00597091398837, 0.545685619916, 0.0109420401976
1.3, 9.0, 8, no_regularization, 0.00643098184816, 0.419235136602, 0.0153397968984, -0.0595495928084, 0.479451493051, 0.124203581951
1.3, 9.0, 9, no_regularization, -0.039619948015, 0.448360218655, 0.0883663321734, -0.0573607569527, 0.908445732843, 0.0631416438858
1.3, 9.0, 10, no_regularization, -0.000236727744858, 0.423802706783, 0.0005585800682, 0.0628789010105, 0.654596799531, 0.0960574525503
1.3, 9.0, 6, regularization, -0.000626311713311, 0.344470471184, 0.00181818694403, 0.0470637783355, 0.669894543684, 0.0702555033165
1.3, 9.0, 7, regularization, 0.0152002775661, 0.237705157762, 0.0639459307877, -0.017979719843, 0.53676712099, 0.0334963136525
1.3, 9.0, 8, regularization, -0.0414243431406, 0.553630438917, 0.0748230953876, -0.0672466965815, 0.582274537701, 0.115489674075
1.3, 9.0, 9, regularization, -0.0525320646362, 0.223715788763, 0.234816080379, 0.0225052020704, 0.29846055071, 0.075404277104
1.3, 9.0, 10, regularization, -0.00869520598092, 0.275291950465, 0.0315853985786, 0.0841512483523, 0.652141302143, 0.129038366495
0.7, 3.0, 6, no_regularization, -0.0325145450987, 0.328055988055, 0.0991127925798, -0.00086039339566, 0.264643195115, 0.00325114498141
0.7, 3.0, 7, no_regularization, -0.0336994023361, 0.326616049387, 0.103177423153, 0.00247568608525, 0.254178258157, 0.00973996007052
0.7, 3.0, 8, no_regularization, -0.0379159198619, 0.331534534933, 0.11436491788, 0.00209642364433, 0.245446985296, 0.0085412482936
0.7, 3.0, 9, no_regularization, -0.0362746476657, 0.328253886679, 0.110507899945, -0.00357812486063, 0.253604013837, 0.0141091018493
0.7, 3.0, 10, no_regularization, -0.0323690870548, 0.344793146396, 0.0938797287391, -0.0018106809538, 0.261593792734, 0.00692172751837
0.7, 3.0, 6, regularization, -0.0303425659101, 0.27114548409, 0.111905112534, -0.0106174501687, 0.221588284752, 0.047915214383
0.7, 3.0, 7, regularization, -0.0315352708433, 0.270108986943, 0.116750172589, -0.00444945674066, 0.22076102279, 0.0201550830144
0.7, 3.0, 8, regularization, -0.0330149411864, 0.258209358913, 0.127861133018, 0.00138973900047, 0.218064214634, 0.00637307227509
0.7, 3.0, 9, regularization, -0.0365785260747, 0.253496946866, 0.144295726347, -0.00205120599467, 0.232995533445, 0.00880362796806
0.7, 3.0, 10, regularization, -0.0369412662104, 0.260230894644, 0.141955728435, -0.0111567749596, 0.218392887488, 0.0510857981132
0.8, 7.0, 6, no_regularization, -0.0623480009249, 0.351686973318, 0.17728265661, 0.0028229401927, 0.297900619897, 0.00947611385862
0.8, 7.0, 7, no_regularization, -0.0147907452538, 0.479433436135, 0.0308504666946, -0.0209625083728, 0.481557768481, 0.0435306203012
0.8, 7.0, 8, no_regularization, 0.0038845812802, 0.489764713396, 0.00793152543242, 0.0020575271015, 0.502762839524, 0.00409244068922
0.8, 7.0, 9, no_regularization, -0.00440969281519, 0.345962226223, 0.012746168457, -0.0141370734276, 0.357663514936, 0.0395261826752
0.8, 7.0, 10, no_regularization, -0.00679758963769, 0.483223681822, 0.014067169912, -0.0324638151579, 0.446973505017, 0.0726302897008
0.8, 7.0, 6, regularization, -0.0373715171608, 0.241456161317, 0.154775578958, 0.00428888156367, 0.241760844829, 0.0177401827277
0.8, 7.0, 7, regularization, -0.00980837981381, 0.40620390302, 0.0241464440418, -0.0791917656461, 0.516240174289, 0.15340101292
0.8, 7.0, 8, regularization, 0.040491895032, 0.440095564597, 0.0920070509438, -0.0471924066529, 0.392604510411, 0.12020342457
0.8, 7.0, 9, regularization, -0.00698886117296, 0.288256155715, 0.0242453145732, -0.077208727998, 0.318653314428, 0.242296955663
0.8, 7.0, 10, regularization, 0.00710018587812, 0.431585147561, 0.0164514138594, -0.0428901086803, 0.429955233214, 0.0997548241468
1.1, 5.0, 6, no_regularization, -0.040586820087, 0.17216964845, 0.235737369812, -0.000730848589922, 0.19440492838, 0.0037594138997
1.1, 5.0, 7, no_regularization, -0.0405694424895, 0.158408974206, 0.25610570798, -0.00115571091986, 0.179483560218, 0.00643909068024
1.1, 5.0, 8, no_regularization, -0.0536071665034, 0.184286264208, 0.290890733142, 0.016255546506, 0.189312518254, 0.0858661997415
1.1, 5.0, 9, no_regularization, -0.0563947682079, 0.00243142415892, 23.1941300744, 0.0158117990801, 0.0783372416676, 0.20184268355
1.1, 5.0, 10, no_regularization, -0.0627936354045, 0.170646733068, 0.367974436285, 0.0167485991457, 0.178419495068, 0.0938720241271
1.1, 5.0, 6, regularization, -0.0372777402888, 0.136023444705, 0.274053788077, 0.00899280345252, 0.189620592727, 0.0474252470324
1.1, 5.0, 7, regularization, -0.0482526068611, 0.0732407525593, 0.658821833132, 0.0151458597283, 0.141157979144, 0.10729722698
1.1, 5.0, 8, regularization, -0.0585014810588, 0.103483212609, 0.565323394815, 0.0225123970235, 0.157890109132, 0.142582693414
1.1, 5.0, 9, regularization, -0.0564029812116, 0.00202941303693, 27.7927559276, 0.029002300747, 0.00660592965122, 4.39034356681
1.1, 5.0, 10, regularization, -0.0583540595337, 0.0313331636082, 1.86237369017, 0.026618934233, 0.0360025736813, 0.739361981969
1.2, 7.0, 6, no_regularization, -0.0212160650625, 0.296098205728, 0.0716521230189, 0.0114201691707, 0.285358594082, 0.0400204143402
1.2, 7.0, 7, no_regularization, -0.0676652562249, 0.366864100372, 0.184442293907, 0.00841881560678, 0.472884845577, 0.0178030987576
1.2, 7.0, 8, no_regularization, 0.0031058935853, 0.340572769121, 0.00911961808725, -0.00523044535757, 0.491839264863, 0.0106344607501
1.2, 7.0, 9, no_regularization, -0.0080035615327, 0.581255917542, 0.0137694280456, -0.0289053961322, 0.554084824111, 0.0521678177679
1.2, 7.0, 10, no_regularization, 0.0303672442203, 0.371800593778, 0.0816761584799, -0.000717675703424, 0.452178248456, 0.00158715220353
1.2, 7.0, 6, regularization, -0.0330135838089, 0.202834197287, 0.162761429042, 0.0123601315002, 0.227498927253, 0.054330504541
1.2, 7.0, 7, regularization, 0.048987204499, 0.336394591864, 0.145624233218, -0.0141578529076, 0.513719317736, 0.0275595104541
1.2, 7.0, 8, regularization, -0.0406581839017, 0.272961166, 0.148952264886, 0.0152348377287, 0.412663462331, 0.0369183102439
1.2, 7.0, 9, regularization, -0.0209045169801, 0.578953219975, 0.0361074371104, -0.0188287741712, 0.509050093703, 0.0369880575686
1.2, 7.0, 10, regularization, -0.0219493817755, 0.309210158277, 0.0709853191689, -0.00816599520134, 0.422644209269, 0.0193212045079
