radius4, strain percent, trial, regularization, mean axial strain, axial strain std, axial strain SNRe, mean lateral strain, lateral strain std, lateral strain SNRe
0, 5.0, 16, no_regularization, -0.0566159512182, 0.0255533931041, 2.21559426522, 0.0336194887049, 0.0309719190704, 1.08548290561
0, 5.0, 17, no_regularization, -0.0567884177407, 0.00291422550542, 19.4866243656, 0.0333662584519, 0.0190047544126, 1.75567953826
0, 5.0, 18, no_regularization, -0.0566422944076, 0.00248211089965, 22.8202109807, 0.0342450746216, 0.0180412205272, 1.89815730981
0, 5.0, 19, no_regularization, -0.0557689093182, 0.00270262577226, 20.6350838102, 0.0343514298805, 0.0217602520741, 1.57863198292
0, 5.0, 20, no_regularization, -0.0565178379915, 0.0218146349965, 2.59082207887, 0.0337750015018, 0.0265464462196, 1.27229841698
0, 5.0, 16, regularization, -0.0559677661698, 0.00312768499206, 17.8943104283, 0.0293716312203, 0.00682487363394, 4.30361539211
0, 5.0, 17, regularization, -0.0567391505477, 0.00277402892386, 20.4536982508, 0.0295518320795, 0.00597902738673, 4.94258182278
0, 5.0, 18, regularization, -0.0566095432714, 0.00244492529934, 23.1538948395, 0.0303914009809, 0.00536173385735, 5.66820394101
0, 5.0, 19, regularization, -0.0557594983039, 0.00256990760735, 21.6970828618, 0.0304598901415, 0.00592477541584, 5.14110459953
0, 5.0, 20, regularization, -0.0564917208703, 0.00344714062172, 16.387994303, 0.0299306070352, 0.00925061660482, 3.23552562103
0, 1.0, 21, no_regularization, -0.0119635088965, 0.00105416494798, 11.3488016458, 0.00651701597575, 0.00664767818769, 0.980344684527
0, 1.0, 22, no_regularization, -0.0119419724869, 0.000947779162075, 12.5999525678, 0.00624221128071, 0.00578888607012, 1.07830957547
0, 1.0, 23, no_regularization, -0.0119282410167, 0.00125407384874, 9.51159377793, 0.00620624748214, 0.00671978475316, 0.923578315395
0, 1.0, 24, no_regularization, -0.0120628917767, 0.000718920978916, 16.779162287, 0.00638328070731, 0.00486720140148, 1.31148891956
0, 1.0, 25, no_regularization, -0.0120515115194, 0.000743032433369, 16.2193613336, 0.00623766437489, 0.00508698545215, 1.22620055307
0, 1.0, 21, regularization, -0.0119765168058, 0.00093200520048, 12.8502682169, 0.0061702762921, 0.00253586105225, 2.43320756341
0, 1.0, 22, regularization, -0.0119252688643, 0.000835033423414, 14.281187471, 0.00579128122591, 0.00246258626778, 2.35170694391
0, 1.0, 23, regularization, -0.011946930284, 0.00107881963334, 11.0740756979, 0.0057874438442, 0.00284687849939, 2.03290862095
0, 1.0, 24, regularization, -0.012037307122, 0.000730827711037, 16.4707863977, 0.00600788518869, 0.00221287328044, 2.7149702795
0, 1.0, 25, regularization, -0.0120439699128, 0.000699235603517, 17.22448035, 0.00567654642048, 0.00190043096002, 2.98697850114
0, 9.0, 1, no_regularization, -0.00590263328231, 0.456832597274, 0.0129207795537, 0.00110721376693, 0.681272204279, 0.00162521494341
0, 9.0, 2, no_regularization, 0.0159534990706, 0.518691887211, 0.0307571787105, -0.0382384573744, 0.88321501449, 0.0432946188041
0, 9.0, 3, no_regularization, -0.00785164547294, 0.318979866007, 0.0246148622834, -0.0754903515893, 0.417801453104, 0.180684751162
0, 9.0, 4, no_regularization, -0.0242091518731, 0.495931524938, 0.0488155131418, -0.0402173417494, 0.748882753787, 0.0537031218118
0, 9.0, 5, no_regularization, -0.045470620419, 0.524996515262, 0.0866112804507, -0.0583905297011, 0.744717870264, 0.0784062421926
0, 9.0, 1, regularization, -0.00104947655786, 0.327931351263, 0.0032002934572, 0.0059318536274, 0.631975026335, 0.00938621524618
0, 9.0, 2, regularization, 0.0214659900059, 0.428450036864, 0.0501015011296, -0.0467964447335, 0.849742748028, 0.0550713081602
0, 9.0, 3, regularization, -0.00946772874058, 0.264209883449, 0.035834120272, -0.0560559376441, 0.364894617799, 0.153622264922
0, 9.0, 4, regularization, -0.0288166259017, 0.402182769126, 0.0716505731072, -0.03964929135, 0.725753333015, 0.0546319107972
0, 9.0, 5, regularization, -0.0417449386116, 0.460809768637, 0.0905903942424, -0.0591101462416, 0.689046880391, 0.0857853767627
0, 5.0, 6, no_regularization, -0.0556892167599, 0.00208448300133, 26.7160810256, 0.0330263518492, 0.0178042197306, 1.85497327875
0, 5.0, 7, no_regularization, -0.0552573523923, 0.00248566001739, 22.2304546903, 0.0334089842377, 0.0185783902562, 1.79827120526
0, 5.0, 8, no_regularization, -0.0557300667054, 0.0197984603954, 2.81486871163, 0.033174366644, 0.0235052283051, 1.4113611752
0, 5.0, 9, no_regularization, -0.056506224605, 0.00214120858573, 26.3898739159, 0.0341742598609, 0.018651302777, 1.83227200102
0, 5.0, 10, no_regularization, -0.0564377227616, 0.0592290330676, 0.952872600457, 0.0345545068826, 0.0731037644848, 0.472677530715
0, 5.0, 6, regularization, -0.0557032898501, 0.0023815039738, 23.3899630078, 0.029086269252, 0.00538052574473, 5.40584147943
0, 5.0, 7, regularization, -0.055221640171, 0.00248350737851, 22.2353437114, 0.0296130702687, 0.00578821763649, 5.11609482029
0, 5.0, 8, regularization, -0.0557321756487, 0.00311995744917, 17.8631204293, 0.0297846721536, 0.00689173924439, 4.32179325094
0, 5.0, 9, regularization, -0.0565005363686, 0.00231301221497, 24.4272537788, 0.0302435696533, 0.00694065270864, 4.35745324293
0, 5.0, 10, regularization, -0.0558409987363, 0.00371194888161, 15.0435796713, 0.0303391268922, 0.00814944348056, 3.72284646977
0, 1.0, 1, no_regularization, -0.0124111797633, 0.000798984924242, 15.5336845374, 0.00644179005012, 0.00526388120125, 1.2237719287
0, 1.0, 2, no_regularization, -0.0121020588158, 0.000657038946495, 18.4190889753, 0.0059212580949, 0.00444757743769, 1.3313445753
0, 1.0, 3, no_regularization, -0.0121629558129, 0.000706146613566, 17.224405781, 0.00659056335364, 0.00519491418071, 1.26865682943
0, 1.0, 4, no_regularization, -0.0120812159849, 0.000749860491678, 16.1112848576, 0.00634965487016, 0.00491425570276, 1.29208882366
0, 1.0, 5, no_regularization, -0.0122414555013, 0.000784463500061, 15.6048758169, 0.00669174179719, 0.0051820605377, 1.29132837189
0, 1.0, 1, regularization, -0.0124283502629, 0.000713962629701, 17.4075641299, 0.00612219702596, 0.00238306949931, 2.56903838841
0, 1.0, 2, regularization, -0.0121109612114, 0.000633891473889, 19.1057329374, 0.0056345384315, 0.00207994025744, 2.70899051613
0, 1.0, 3, regularization, -0.0121780273295, 0.00065416613377, 18.616107898, 0.00597924874331, 0.00216374780571, 2.76337599397
0, 1.0, 4, regularization, -0.0120917099668, 0.000704428313921, 17.1652810198, 0.00608156198666, 0.00233780967888, 2.60139310809
0, 1.0, 5, regularization, -0.0122477891836, 0.000664491686546, 18.4318170288, 0.00637412722029, 0.00239568258209, 2.66067269009
0, 1.0, 26, no_regularization, -0.0122143749038, 0.000885244692826, 13.7977386398, 0.00663275278859, 0.00546081083051, 1.21460951394
0, 1.0, 27, no_regularization, -0.0118399090055, 0.00108207508307, 10.9418553211, 0.00624453469358, 0.00583897959656, 1.06945650183
0, 1.0, 28, no_regularization, -0.0116360369481, 0.00190859914888, 6.0966373976, 0.00653349429731, 0.00941032950418, 0.694289641442
0, 1.0, 29, no_regularization, -0.0123312586302, 0.000890267563258, 13.8511826547, 0.00656289642901, 0.00565701224104, 1.16013474063
0, 1.0, 30, no_regularization, -0.0120076901797, 0.00115489041089, 10.3972550699, 0.00683948481394, 0.00686372725884, 0.996468034933
0, 1.0, 26, regularization, -0.0122112315696, 0.000809365823936, 15.0874069655, 0.00610208122109, 0.00238731963419, 2.55603863584
0, 1.0, 27, regularization, -0.0118281185412, 0.000968621351048, 12.2112923986, 0.00584970355433, 0.00222323016657, 2.63117316519
0, 1.0, 28, regularization, -0.011641177643, 0.00155793867623, 7.47216679359, 0.0061392661476, 0.00279667599209, 2.19520107619
0, 1.0, 29, regularization, -0.0123467710946, 0.000709072892366, 17.4125555038, 0.0062392827199, 0.0026110584452, 2.38956072829
0, 1.0, 30, regularization, -0.0120259180854, 0.000972770217848, 12.3625475624, 0.0060910639114, 0.00253607166017, 2.40177121453
0, 11.0, 1, no_regularization, -0.0580225541158, 0.522005743472, 0.111153095232, -0.0339740267153, 0.705386868286, 0.0481636790289
0, 11.0, 2, no_regularization, -0.031848864421, 0.502484424669, 0.0633827893112, 0.0274536825519, 0.777347111833, 0.0353171474287
0, 11.0, 3, no_regularization, -0.0696689275695, 0.559468831084, 0.124526914993, 0.0317373249078, 0.59160293559, 0.0536463276271
0, 11.0, 4, no_regularization, 0.0323202065414, 0.394349607159, 0.0819582572283, 0.0143648324113, 0.385003031041, 0.0373109592733
0, 11.0, 5, no_regularization, 0.0281502905033, 0.498399806671, 0.0564813431437, 0.00686099033137, 0.73633677708, 0.00931773414684
0, 11.0, 1, regularization, -0.0579828956419, 0.457942726114, 0.126616042434, -0.024875536644, 0.647534650418, 0.0384157614237
0, 11.0, 2, regularization, -0.0331517632855, 0.400441251802, 0.0827880822377, 0.0402695035736, 0.744758571456, 0.0540705473116
0, 11.0, 3, regularization, -0.071128957225, 0.497167495674, 0.143068398163, 0.0247712444123, 0.564178347449, 0.0439067619739
0, 11.0, 4, regularization, 0.0317766198383, 0.280183368599, 0.113413654769, 0.00569120503473, 0.346180983701, 0.016439970139
0, 11.0, 5, regularization, 0.0319138433241, 0.46416154634, 0.0687558966825, 0.0188517991583, 0.693788873555, 0.0271722419844
0, 1.0, 6, no_regularization, -0.0125248100412, 0.000711254231076, 17.6094699954, 0.00691763720756, 0.0051162655882, 1.35208719882
0, 1.0, 7, no_regularization, -0.0123047179919, 0.00108884084661, 11.3007498113, 0.00831790477757, 0.0103788520944, 0.80142820246
0, 1.0, 8, no_regularization, -0.0120961095485, 0.001078761785, 11.2129570371, 0.00622561436861, 0.00604567016131, 1.02976414566
0, 1.0, 9, no_regularization, -0.0119645353624, 0.000698391610876, 17.1315565309, 0.00620161046873, 0.00451696138001, 1.37296070234
0, 1.0, 10, no_regularization, -0.0120810082691, 0.00118700629901, 10.1777120132, 0.00624646299543, 0.00697615454937, 0.895402037215
0, 1.0, 6, regularization, -0.0125181212849, 0.00056593250778, 22.1194596755, 0.00616997748233, 0.00217443486169, 2.83750853661
0, 1.0, 7, regularization, -0.0123126281579, 0.000879653017612, 13.9971419542, 0.00642219307535, 0.00253574293789, 2.53266724295
0, 1.0, 8, regularization, -0.0120822133052, 0.000946242751412, 12.7686191384, 0.00602137073566, 0.002608452373, 2.30840739052
0, 1.0, 9, regularization, -0.0119802486169, 0.000669684830141, 17.8893833005, 0.00584990449674, 0.00201915036065, 2.89721093127
0, 1.0, 10, regularization, -0.0120946055482, 0.000992877454226, 12.1813678986, 0.00632780284, 0.00253803118253, 2.49319349721
0, 9.0, 6, no_regularization, 0.0165317597428, 0.578895517415, 0.0285574153633, 0.0705428264838, 0.723933540802, 0.0974437880107
0, 9.0, 7, no_regularization, 0.00314671289298, 0.300632251862, 0.0104669837434, 0.0552619481131, 0.435851636748, 0.126790732107
0, 9.0, 8, no_regularization, 0.0381516102655, 0.661911901293, 0.0576385017266, -0.0533472185442, 0.628233213519, 0.084916265801
0, 9.0, 9, no_regularization, -0.0115125758403, 0.326350152723, 0.0352767594692, -0.113222028828, 0.365360087802, 0.309891618182
0, 9.0, 10, no_regularization, -0.00102765203061, 0.314715178571, 0.00326533990282, -0.00809242803269, 0.51749970572, 0.0156375509846
0, 9.0, 6, regularization, 0.0167923170949, 0.51800797488, 0.0324171014912, 0.0633361051707, 0.652766951953, 0.0970271319362
0, 9.0, 7, regularization, -0.00252077455687, 0.212853955073, 0.0118427423912, 0.0417700014293, 0.397476560906, 0.105087961247
0, 9.0, 8, regularization, 0.00159647441303, 0.462561985244, 0.00345137400815, -0.0281322494684, 0.704439557785, 0.0399356469374
0, 9.0, 9, regularization, -0.0112079366237, 0.221053363184, 0.0507024026339, -0.109094335014, 0.328136442444, 0.332466379539
0, 9.0, 10, regularization, -5.26255810079e-05, 0.229410839305, 0.000229394483571, -0.0109816346232, 0.473617016365, 0.0231867400109
0, 11.0, 11, no_regularization, -0.0329237368019, 0.563418653265, 0.0584356527977, -0.036231070839, 0.670449755122, 0.0540399493954
0, 11.0, 12, no_regularization, -0.0319597139704, 0.521626377679, 0.0612693593308, 0.0697565212184, 0.730562371384, 0.0954833207277
0, 11.0, 13, no_regularization, -0.00952094471406, 0.527823013356, 0.0180381386812, -0.00774762099831, 0.625951002518, 0.0123773601562
0, 11.0, 14, no_regularization, 0.00275347812279, 0.319236377864, 0.00862520161773, -0.124429666999, 0.698778378261, 0.178067425767
0, 11.0, 15, no_regularization, 0.00627833298765, 0.339292609002, 0.0185041843562, 0.00875252320134, 0.607487510535, 0.0144077418047
0, 11.0, 11, regularization, -0.0307894816273, 0.531665645475, 0.0579113619421, -0.0326408802996, 0.619061408458, 0.0527264013773
0, 11.0, 12, regularization, -0.0334139929698, 0.411114784626, 0.081276553944, 0.0667598331367, 0.706365900022, 0.0945116874053
0, 11.0, 13, regularization, -0.00883807420392, 0.453351633508, 0.0194949649471, -0.0204430629054, 0.57887341269, 0.0353152562498
0, 11.0, 14, regularization, -0.000474662672781, 0.206639839503, 0.00229705304612, -0.125708855042, 0.693030607203, 0.181390047908
0, 11.0, 15, regularization, -0.00275717985849, 0.223254970402, 0.0123499147791, -0.000124551868935, 0.584880257498, 0.000212952766551
0, 5.0, 26, no_regularization, -0.0562776317984, 0.0216545055763, 2.59888786655, 0.0345377595725, 0.0292917407481, 1.17909549554
0, 5.0, 27, no_regularization, -0.0562765339804, 0.0307536668626, 1.82991297369, 0.0319458399207, 0.0629016726729, 0.507869482054
0, 5.0, 28, no_regularization, -0.0549992486689, 0.166358953734, 0.330605882246, 0.0330983290016, 0.204266741288, 0.162034841271
0, 5.0, 29, no_regularization, -0.0580976270435, 0.0546874346436, 1.06235787841, 0.035293969881, 0.0419325086887, 0.841685150369
0, 5.0, 30, no_regularization, -0.0560470217536, 0.031537562032, 1.77715137577, 0.0343464842926, 0.0533244667556, 0.644103661646
0, 5.0, 26, regularization, -0.0562901902052, 0.00290281864944, 19.3915628232, 0.0303374438977, 0.00655796832769, 4.62604306422
0, 5.0, 27, regularization, -0.0563024014298, 0.00342845243393, 16.4221037085, 0.030802814362, 0.00949100084374, 3.24547588491
0, 5.0, 28, regularization, -0.0559404116489, 0.00747682815424, 7.48183728379, 0.0314639906095, 0.0130753287237, 2.40636325667
0, 5.0, 29, regularization, -0.0577845024601, 0.0107541616997, 5.37322239277, 0.0310924448197, 0.0170184738207, 1.82698196955
0, 5.0, 30, regularization, -0.0560709270795, 0.00306988162358, 18.2648499046, 0.03063880749, 0.00704967794605, 4.34612867772
0, 11.0, 16, no_regularization, -0.0244061545496, 0.504050052476, 0.0484201011977, -0.0345509615065, 0.719976782863, 0.047988993991
0, 11.0, 17, no_regularization, 0.0131011737398, 0.500047507828, 0.0261998580829, 0.0817539866103, 0.780518685054, 0.104743151158
0, 11.0, 18, no_regularization, 0.00620400431756, 0.348776351537, 0.0177879156377, -0.101973025284, 0.746275449204, 0.136642610169
0, 11.0, 19, no_regularization, -0.0106492571658, 0.357371897656, 0.0297988096873, 0.0280683281847, 0.576169447236, 0.0487154053714
0, 11.0, 20, no_regularization, -0.0315821466187, 0.470790839207, 0.0670831800209, -0.0266505046797, 0.672764141585, 0.0396134440473
0, 11.0, 16, regularization, -0.0218356956064, 0.405653371152, 0.0538284583815, -0.0248212002773, 0.692931400063, 0.0358205736888
0, 11.0, 17, regularization, 0.0111893357161, 0.430024877241, 0.0260202055935, 0.0790192277329, 0.746571770894, 0.105842774685
0, 11.0, 18, regularization, 0.00896507981834, 0.230955232422, 0.0388173921167, -0.0828403239369, 0.715266866936, 0.115817365191
0, 11.0, 19, regularization, -0.0131263673785, 0.266208044843, 0.0493086803075, 0.0255255393843, 0.504727606159, 0.0505729012499
0, 11.0, 20, regularization, -0.0296936807879, 0.355539803622, 0.08351717722, -0.0210242252469, 0.663432276334, 0.0316900850273
0, 11.0, 6, no_regularization, 0.0215095800464, 0.577470157174, 0.0372479508753, -0.0138350599782, 0.692511856623, 0.019978083907
0, 11.0, 7, no_regularization, 0.00470906406508, 0.478247299677, 0.00984650424216, 0.00451346154482, 0.578119443461, 0.00780714365495
0, 11.0, 8, no_regularization, -0.0569632938884, 0.522646363386, 0.108990127702, -0.0636229591417, 0.732625854296, 0.0868423613072
0, 11.0, 9, no_regularization, 0.0225932719481, 0.561410098764, 0.0402437932589, 0.0323642902867, 0.703713040119, 0.0459907496971
0, 11.0, 10, no_regularization, -0.0715309100884, 0.69036809642, 0.103612711044, 0.0746434493695, 0.517212019472, 0.144318860659
0, 11.0, 6, regularization, 0.0210206543516, 0.511781140412, 0.041073522824, -0.00430152724926, 0.656321113975, 0.00655399797091
0, 11.0, 7, regularization, 0.0106256931177, 0.357616258534, 0.0297125560266, -0.00242183066631, 0.511413853092, 0.00473555937461
0, 11.0, 8, regularization, -0.0593583695286, 0.417474850033, 0.142184300501, -0.0674894842056, 0.671290025946, 0.100536998312
0, 11.0, 9, regularization, 0.023095951038, 0.471840491099, 0.0489486414873, 0.0329597890518, 0.62472835882, 0.0527585927331
0, 11.0, 10, regularization, -0.0827322409367, 0.667558348625, 0.123932598712, 0.0554469349418, 0.469266674864, 0.118156557693
0, 0.5, 1, no_regularization, -0.00680344237252, 0.000616801825715, 11.0301916902, 0.00311648198081, 0.00302105842143, 1.03158613508
0, 0.5, 2, no_regularization, -0.00597797085412, 0.000513256910482, 11.6471317425, 0.00293009058707, 0.00318619677144, 0.919620097961
0, 0.5, 3, no_regularization, -0.00645797933688, 0.000547750720996, 11.7899969627, 0.00310870084843, 0.00305651979387, 1.01707204863
0, 0.5, 4, no_regularization, -0.00619871279581, 0.00053454386658, 11.5962658696, 0.00311997546066, 0.00292127186932, 1.06801954773
0, 0.5, 5, no_regularization, -0.00610243486011, 0.000541559864072, 11.2682553951, 0.00301773252362, 0.00368676831178, 0.818530558045
0, 0.5, 1, regularization, -0.00680327973957, 0.000719975167777, 9.44932553795, 0.00310662747519, 0.00196722161194, 1.5791954787
0, 0.5, 2, regularization, -0.00599164198284, 0.000795859500019, 7.52851726052, 0.00271167812101, 0.00219977764753, 1.23270555278
0, 0.5, 3, regularization, -0.00645837817909, 0.000714112830377, 9.04391841789, 0.00308899982014, 0.00186940484119, 1.65239746473
0, 0.5, 4, regularization, -0.00621381462081, 0.000816626496408, 7.60912687519, 0.00311869890821, 0.00204500067829, 1.52503563511
0, 0.5, 5, regularization, -0.00613168613795, 0.000773839150885, 7.923721785, 0.00305661628453, 0.00199066740552, 1.53547311623
0, 3.0, 21, no_regularization, -0.0350041608542, 0.00241334063757, 14.5044426424, 0.0216952189786, 0.0175353499007, 1.23722760603
0, 3.0, 22, no_regularization, -0.0346083220479, 0.00219647133429, 15.7563276641, 0.0210311519178, 0.0151244951589, 1.39053579619
0, 3.0, 23, no_regularization, -0.0343162032262, 0.00309954745971, 11.0713591814, 0.02031882002, 0.0179039238927, 1.13488083069
0, 3.0, 24, no_regularization, -0.0337763903119, 0.00145156812241, 23.268897815, 0.0201806088377, 0.0135247566702, 1.49212361671
0, 3.0, 25, no_regularization, -0.035228041418, 0.00166945753448, 21.1014899693, 0.0212020408647, 0.0135934988795, 1.55971917552
0, 3.0, 21, regularization, -0.0349889994562, 0.0019960687823, 17.5289547968, 0.0183683830704, 0.00443816585607, 4.13873290591
0, 3.0, 22, regularization, -0.034598944682, 0.00185330005475, 18.6688305508, 0.0177668679317, 0.00426690986816, 4.16387232932
0, 3.0, 23, regularization, -0.0343194468083, 0.00241326685304, 14.2211570035, 0.0175546695859, 0.00455832029894, 3.85112682626
0, 3.0, 24, regularization, -0.0337623805598, 0.00143805105174, 23.4778734169, 0.0177421107651, 0.00365875389746, 4.8492222386
0, 3.0, 25, regularization, -0.0352137027477, 0.00148045491572, 23.7857312464, 0.0179513310801, 0.0035304001727, 5.08478648368
0, 11.0, 26, no_regularization, -0.0322347090795, 0.526580235652, 0.0612151898173, 0.0220334782112, 0.853164537197, 0.0258255907865
0, 11.0, 27, no_regularization, -0.0553479775439, 0.497837151015, 0.11117687266, -0.0966766150092, 0.715941208183, 0.135034293185
0, 11.0, 28, no_regularization, -0.0159587963325, 0.488012190624, 0.0327016345885, 0.0638442739848, 0.802859458924, 0.0795211083025
0, 11.0, 29, no_regularization, -0.0120131026266, 0.324960704274, 0.0369678624788, 0.0309906220436, 0.444717727953, 0.0696860504892
0, 11.0, 30, no_regularization, 0.00887800890446, 0.3222630481, 0.027548950948, 0.0713648110996, 0.442570667809, 0.161250657331
0, 11.0, 26, regularization, -0.0261772033437, 0.470183527866, 0.0556744373043, 0.025903357935, 0.805027741721, 0.0321769755159
0, 11.0, 27, regularization, -0.0515821563616, 0.429956459458, 0.119970651044, -0.0863468311918, 0.715216324851, 0.120728272261
0, 11.0, 28, regularization, -0.0115474424009, 0.408514920255, 0.0282668804207, 0.0632753384644, 0.75898237056, 0.0833686537642
0, 11.0, 29, regularization, -0.0148668298421, 0.219422896059, 0.0677542321661, 0.0145144730584, 0.414787352492, 0.0349925641926
0, 11.0, 30, regularization, 0.0160973672912, 0.248629635079, 0.0647443627793, 0.0669847488064, 0.41080034766, 0.163059133684
0, 9.0, 21, no_regularization, -0.0151569808946, 0.538673656396, 0.0281375944686, -0.0898113954396, 0.863618483019, 0.103994295173
0, 9.0, 22, no_regularization, 0.0264740426728, 0.440257683861, 0.0601330621664, 0.0235365947188, 0.423357614932, 0.0555950664134
0, 9.0, 23, no_regularization, -0.0396778964388, 0.529159361627, 0.0749828866615, 0.0426306526081, 0.70554866486, 0.060421987499
0, 9.0, 24, no_regularization, -0.0676601851438, 0.187021914091, 0.361776776121, 0.0586774333669, 0.455637352143, 0.128780998948
0, 9.0, 25, no_regularization, 0.0117278109936, 0.308314722936, 0.0380384396887, -0.113871592184, 0.375523975104, 0.30323388048
0, 9.0, 21, regularization, -0.018322484539, 0.451636974753, 0.040569053384, -0.0884544594039, 0.872972233598, 0.101325627551
0, 9.0, 22, regularization, 0.0262440592203, 0.336659791767, 0.0779542430137, 0.0191134589565, 0.363741923035, 0.0525467584188
0, 9.0, 23, regularization, -0.0312692608874, 0.421874876352, 0.0741197512348, 0.0373325781035, 0.654305213228, 0.0570568250853
0, 9.0, 24, regularization, -0.0990894925355, 0.349863243591, 0.28322350047, -0.0228399669069, 0.243088668478, 0.0939573491845
0, 9.0, 25, regularization, 0.0104978429775, 0.244887968003, 0.0428679410554, -0.109502459999, 0.319929768868, 0.342270306346
0, 5.0, 21, no_regularization, -0.0566592103716, 0.0237611293397, 2.38453356158, 0.0343574932811, 0.0256616061597, 1.33886760896
0, 5.0, 22, no_regularization, -0.0560995012746, 0.00343625613796, 16.325762406, 0.0340932012439, 0.0376664076717, 0.905135460249
0, 5.0, 23, no_regularization, -0.0563714899438, 0.0581023455, 0.970210229186, 0.0294831305394, 0.0714126803538, 0.412855677638
0, 5.0, 24, no_regularization, -0.0557052782929, 0.00223762632594, 24.8948082382, 0.03367825248, 0.0174364972343, 1.93148039009
0, 5.0, 25, no_regularization, -0.0570743995242, 0.00261259860249, 21.8458355867, 0.0338871509471, 0.0176907526962, 1.91552906363
0, 5.0, 21, regularization, -0.0566739294939, 0.0031198566017, 18.1655558986, 0.030502467979, 0.0073093765286, 4.17306015905
0, 5.0, 22, regularization, -0.0560461922894, 0.00295635263824, 18.9578846462, 0.0297967783363, 0.00795275499573, 3.7467240412
0, 5.0, 23, regularization, -0.0561581312166, 0.00397098407049, 14.1421194897, 0.0297795926865, 0.00840426935426, 3.54338865536
0, 5.0, 24, regularization, -0.055723994571, 0.0023502625828, 23.7096888572, 0.0302627757319, 0.00584583297647, 5.17681156026
0, 5.0, 25, regularization, -0.0570488386885, 0.00252403983531, 22.6021942643, 0.030194352355, 0.00563851592239, 5.35501766255
0, 7.0, 16, no_regularization, -0.0178031075155, 0.441285365734, 0.0403437523605, -0.152288910631, 0.568953502074, 0.267664949905
0, 7.0, 17, no_regularization, -0.0658011172312, 0.246541283648, 0.266896952338, 0.0327299117544, 0.287108340133, 0.113998470888
0, 7.0, 18, no_regularization, -0.0497632986509, 0.156664262859, 0.317642950235, 0.0396319364877, 0.180811448581, 0.219189309077
0, 7.0, 19, no_regularization, -0.052773937938, 0.269557592596, 0.195779823635, 0.0438867842219, 0.282667303355, 0.15525950013
0, 7.0, 20, no_regularization, -0.023749246513, 0.383724595001, 0.0618913846607, 0.0320226468602, 0.550031483939, 0.0582196615926
0, 7.0, 16, regularization, -0.0191587854241, 0.304027013783, 0.0630167207369, -0.14193525069, 0.477740539183, 0.297096936619
0, 7.0, 17, regularization, -0.0645457520274, 0.198100904571, 0.3258226012, 0.0359987820741, 0.262627669517, 0.137071551297
0, 7.0, 18, regularization, -0.0502852739343, 0.122021866087, 0.412100515644, 0.0448643321396, 0.155424857042, 0.28865609397
0, 7.0, 19, regularization, -0.0464517408319, 0.192538360174, 0.241259667891, 0.0375895516122, 0.20936309585, 0.179542394803
0, 7.0, 20, regularization, -0.0160495169281, 0.271538915693, 0.0591057708509, 0.0354421660445, 0.51288375326, 0.0691037019973
0, 11.0, 21, no_regularization, -0.00454302779747, 0.338336775783, 0.0134275317454, -0.0466088995841, 0.3965397383, 0.117539038543
0, 11.0, 22, no_regularization, -0.0796335556372, 0.425437503983, 0.187180384643, 0.0257389561068, 0.61301708807, 0.0419873387018
0, 11.0, 23, no_regularization, 0.0181316801149, 0.462487994374, 0.0392046503596, -0.0176410334235, 0.865708962219, 0.020377556654
0, 11.0, 24, no_regularization, 0.0238859815364, 0.393037690219, 0.0607727506314, 0.0172488905393, 0.749759790315, 0.0230058890356
0, 11.0, 25, no_regularization, -0.0565708729369, 0.367124803299, 0.154091666998, 0.0323323934348, 0.491512091609, 0.0657814812428
0, 11.0, 21, regularization, -0.00187155536745, 0.255073865033, 0.00733730743918, -0.0540317881351, 0.318000986761, 0.169910756207
0, 11.0, 22, regularization, -0.0680660709692, 0.321505136674, 0.211710679566, 0.015658317818, 0.565458058457, 0.0276913868038
0, 11.0, 23, regularization, 0.0175959921865, 0.36237506732, 0.0485574030151, -0.00795597148793, 0.819714139432, 0.00970578779261
0, 11.0, 24, regularization, 0.0213929420136, 0.291888742406, 0.0732914254837, 0.0292264244316, 0.707571396471, 0.0413052655568
0, 11.0, 25, regularization, -0.0575531364975, 0.272047110788, 0.211555771832, 0.0252428851902, 0.459500713081, 0.0549354646718
0, 0.5, 16, no_regularization, -0.00612524802082, 0.000610386765075, 10.0350275781, 0.00297715981388, 0.00340023864114, 0.875573784105
0, 0.5, 17, no_regularization, -0.00616560136778, 0.00060194828492, 10.2427426446, 0.00296157253873, 0.00394673751829, 0.750384976201
0, 0.5, 18, no_regularization, -0.00538053171577, 0.000526588180747, 10.2177221451, 0.00278212189817, 0.0029365677291, 0.947406004161
0, 0.5, 19, no_regularization, -0.00612075605246, 0.000645893679224, 9.47641422937, 0.0030464243076, 0.00346856304778, 0.878295785787
0, 0.5, 20, no_regularization, -0.00631990074799, 0.000645571944451, 9.78961493342, 0.00314404065732, 0.00377332462037, 0.833228246611
0, 0.5, 16, regularization, -0.00611915974538, 0.000832630118573, 7.34919336797, 0.00282212067886, 0.00211952133931, 1.33148962764
0, 0.5, 17, regularization, -0.00617787049077, 0.000826854249503, 7.47153503109, 0.00297757618621, 0.00199763388473, 1.49055150144
0, 0.5, 18, regularization, -0.00534348911041, 0.00108012233747, 4.94711471566, 0.00240016388171, 0.00216741692868, 1.10738448609
0, 0.5, 19, regularization, -0.00610237120731, 0.000931390335917, 6.55189448718, 0.00290606699931, 0.00190214443317, 1.52778461438
0, 0.5, 20, regularization, -0.00634846828854, 0.000818214761774, 7.75892661087, 0.00334843490405, 0.00216485607021, 1.54672402943
0, 9.0, 26, no_regularization, -0.0391692504013, 0.568315020463, 0.0689217229722, -0.0519874410571, 0.53886280542, 0.0964762097778
0, 9.0, 27, no_regularization, -0.0223768462113, 0.532818558448, 0.041997122391, -0.0284846927681, 0.815533705751, 0.03492767076
0, 9.0, 28, no_regularization, -0.00239878298424, 0.332008381723, 0.00722506754736, -0.0037210409119, 0.411548615592, 0.00904155856908
0, 9.0, 29, no_regularization, -0.00464603772568, 0.31707125079, 0.0146529769385, -0.0471694855935, 0.400169820309, 0.117873670626
0, 9.0, 30, no_regularization, 0.02701497693, 0.51905348834, 0.0520466147263, 0.00573853591281, 0.642861166007, 0.00892655555546
0, 9.0, 26, regularization, -0.0416526931267, 0.473205228972, 0.0880224701175, -0.0549049425189, 0.528537441743, 0.103880895056
0, 9.0, 27, regularization, -0.0200744758171, 0.4376165028, 0.0458723007214, -0.0176873540093, 0.785909968181, 0.0225055728078
0, 9.0, 28, regularization, 0.000280666033635, 0.336197723968, 0.000834824312082, -0.0130608915182, 0.449297046137, 0.0290696135897
0, 9.0, 29, regularization, -0.00194266096366, 0.24728598792, 0.00785592819066, -0.0625937849714, 0.308964881012, 0.202591908719
0, 9.0, 30, regularization, 0.0351688317648, 0.463761170571, 0.0758339291784, -0.0016147241432, 0.609955287822, 0.0026472828016
0, 9.0, 11, no_regularization, -0.0220511245793, 0.411684821366, 0.0535631226482, 0.075034329814, 0.904464422038, 0.0829599572804
0, 9.0, 12, no_regularization, 0.0311221361032, 0.51897889656, 0.0599680185639, 0.0163463230912, 0.626293939279, 0.0261000818721
0, 9.0, 13, no_regularization, 0.0338663535032, 0.319272033134, 0.106073661294, -0.0526950926846, 0.451754469796, 0.116645426239
0, 9.0, 14, no_regularization, 0.00311585012154, 0.375743665849, 0.00829248874895, -0.0432331531451, 0.392034818622, 0.110278860681
0, 9.0, 15, no_regularization, -0.0487355590075, 0.415970057919, 0.11716121889, -0.00942945450572, 0.730824198939, 0.01290249354
0, 9.0, 11, regularization, -0.0316298623815, 0.330992349688, 0.095560705289, 0.09054322689, 0.832118911817, 0.108810442359
0, 9.0, 12, regularization, 0.0365184245252, 0.413242928319, 0.0883703556012, 0.0190175466476, 0.547297440572, 0.0347481008275
0, 9.0, 13, regularization, 0.0308695988373, 0.255458514213, 0.120839968605, -0.0430896404278, 0.43732805462, 0.0985293304937
0, 9.0, 14, regularization, -0.00277944680065, 0.308968318505, 0.00899589580607, -0.0302423536899, 0.372053345417, 0.0812849933012
0, 9.0, 15, regularization, -0.0507489306879, 0.348033447145, 0.145816245836, -0.00178883940656, 0.662976073036, 0.00269819602746
0, 3.0, 26, no_regularization, -0.0346573350993, 0.00229178276709, 15.1224346378, 0.0214642959828, 0.0159446830474, 1.34617263442
0, 3.0, 27, no_regularization, -0.0344222950207, 0.00262803385485, 13.0981170418, 0.0204049033355, 0.0159961257512, 1.27561533667
0, 3.0, 28, no_regularization, -0.0340985858768, 0.033559052137, 1.01607714478, 0.0221615763066, 0.0671613667186, 0.329975064376
0, 3.0, 29, no_regularization, -0.0345805578893, 0.0018814661915, 18.3795797371, 0.0209255606296, 0.0151872445127, 1.37783786993
0, 3.0, 30, no_regularization, -0.0343706044151, 0.00242670578449, 14.1634822955, 0.0218704839334, 0.0184090442782, 1.18802929707
0, 3.0, 26, regularization, -0.0346519941261, 0.00190452691191, 18.1945415995, 0.0180401517713, 0.00380658534909, 4.73919539875
0, 3.0, 27, regularization, -0.0344211975214, 0.00214450362896, 16.0508926432, 0.0181796523535, 0.00406703807198, 4.4699980752
0, 3.0, 28, regularization, -0.0342132536786, 0.00348846466838, 9.80753911277, 0.0183171483989, 0.00603125745679, 3.03703639418
0, 3.0, 29, regularization, -0.0345788339975, 0.00166571884364, 20.7591059737, 0.0179729663941, 0.00328870269504, 5.46506268905
0, 3.0, 30, regularization, -0.0343663115234, 0.00190169357219, 18.0714243482, 0.0182544516194, 0.00378131730869, 4.82753763547
0, 7.0, 1, no_regularization, -0.042995343029, 0.276550754026, 0.155469990239, -0.00804365071915, 0.398736129829, 0.0201728665085
0, 7.0, 2, no_regularization, -0.0658651545545, 0.238279441073, 0.276419796261, 0.0319335691721, 0.300209149076, 0.106371072535
0, 7.0, 3, no_regularization, -0.0206287198419, 0.359897090142, 0.0573183846355, 0.0245813216862, 0.909975055904, 0.0270131818743
0, 7.0, 4, no_regularization, -0.0492245451619, 0.255305976625, 0.192806082383, 0.0366424939222, 0.287354690704, 0.127516602678
0, 7.0, 5, no_regularization, -0.0198842536501, 0.552285121022, 0.0360036019318, -0.0385540493202, 0.822078598562, 0.0468982520499
0, 7.0, 1, regularization, -0.033062845404, 0.229478220038, 0.144078359151, 0.00122002542086, 0.370648702994, 0.00329159500898
0, 7.0, 2, regularization, -0.0656695808043, 0.0979654041445, 0.670334404046, 0.0282635045344, 0.216276712774, 0.130682144055
0, 7.0, 3, regularization, -0.015406570081, 0.293493956822, 0.0524936535248, 0.00326306231761, 0.868846289867, 0.00375562669216
0, 7.0, 4, regularization, -0.0453807520096, 0.190525258734, 0.238187588939, 0.0340983971053, 0.249217592342, 0.136821790087
0, 7.0, 5, regularization, -0.0288094696692, 0.441192983026, 0.0652990205592, -0.050019082677, 0.756904433361, 0.0660837491133
0, 0.5, 6, no_regularization, -0.00636782652806, 0.00052072233557, 12.2288330903, 0.00309088761236, 0.00293047799499, 1.05473837976
0, 0.5, 7, no_regularization, -0.00613924005609, 0.000734512366286, 8.35825281898, 0.00358258208306, 0.00441477098753, 0.811498964088
0, 0.5, 8, no_regularization, -0.00632981095733, 0.000654246325274, 9.67496600716, 0.00320153717477, 0.00331197265158, 0.966655679734
0, 0.5, 9, no_regularization, -0.00605358180385, 0.000555327962592, 10.9009129949, 0.00305173975207, 0.00319999369359, 0.953670551972
0, 0.5, 10, no_regularization, -0.00616650743319, 0.000769901646467, 8.00947427699, 0.00342388748476, 0.00445650530131, 0.768289781627
0, 0.5, 6, regularization, -0.00639465975123, 0.000628323555818, 10.1773356928, 0.00311285069125, 0.00192430630178, 1.61764823426
0, 0.5, 7, regularization, -0.00611044410788, 0.000843341570269, 7.24551513088, 0.00284953725251, 0.0019281419166, 1.47786697025
0, 0.5, 8, regularization, -0.00634766407467, 0.000768137577758, 8.26370725567, 0.00331135398665, 0.00233280464087, 1.41947333636
0, 0.5, 9, regularization, -0.00602424618043, 0.000864567831666, 6.96792774353, 0.00298748552287, 0.00218134788676, 1.36955940912
0, 0.5, 10, regularization, -0.006183796158, 0.000819085978702, 7.54963009842, 0.00319576639751, 0.00211688552166, 1.5096548041
0, 1.0, 16, no_regularization, -0.0118912683511, 0.000846184232617, 14.0528124878, 0.0061982464354, 0.00553073091718, 1.12069209806
0, 1.0, 17, no_regularization, -0.0118211418621, 0.000854940761125, 13.8268549116, 0.00644075846016, 0.00541937555867, 1.18846874339
0, 1.0, 18, no_regularization, -0.0117388665581, 0.000676819023257, 17.3441734861, 0.00601192994584, 0.00465826441659, 1.29059439486
0, 1.0, 19, no_regularization, -0.0119819865583, 0.000913905796789, 13.1107457688, 0.00653531709958, 0.00588293387097, 1.11089419717
0, 1.0, 20, no_regularization, -0.0118705535861, 0.00106209195, 11.17657806, 0.00668126837404, 0.00665671509382, 1.00368849799
0, 1.0, 16, regularization, -0.0119124260442, 0.000751333651832, 15.8550412525, 0.00549445614078, 0.00234390252795, 2.34414873284
0, 1.0, 17, regularization, -0.0117970063989, 0.000776943294293, 15.1838705418, 0.00595492843183, 0.00252624000277, 2.35722988525
0, 1.0, 18, regularization, -0.0117380318394, 0.000712653714333, 16.4708772343, 0.00555380066711, 0.00222788197877, 2.49286125568
0, 1.0, 19, regularization, -0.0119993430256, 0.000834685608088, 14.3758834577, 0.00606294547649, 0.00238628236378, 2.54074939685
0, 1.0, 20, regularization, -0.0118567116229, 0.000963017352559, 12.3120435903, 0.00592598660541, 0.00230498764817, 2.5709407207
0, 7.0, 11, no_regularization, -0.000489372077355, 0.557547896155, 0.000877722040976, -0.0281813304966, 0.743542145599, 0.0379014567814
0, 7.0, 12, no_regularization, 0.0105267257471, 0.544861758466, 0.0193199937114, -0.0643185757957, 0.869425999746, 0.0739782060974
0, 7.0, 13, no_regularization, -0.00333485617859, 0.479898123297, 0.00694909193575, 0.00529111333515, 0.709481831843, 0.00745771505016
0, 7.0, 14, no_regularization, -0.0660555058377, 0.17000849924, 0.388542373664, 0.0329175511956, 0.171776806039, 0.191629777935
0, 7.0, 15, no_regularization, -0.0644259549868, 0.170096062368, 0.378762177618, 0.0463478659144, 0.17833260468, 0.259895637131
0, 7.0, 11, regularization, -0.00354801705531, 0.478574160219, 0.0074137246643, -0.0439105720677, 0.693735839707, 0.0632958102413
0, 7.0, 12, regularization, 0.0155551856638, 0.446670003074, 0.0348247824049, -0.0632579212089, 0.843742148215, 0.0749730487481
0, 7.0, 13, regularization, -0.0177726701093, 0.420899197869, 0.0422254786878, 0.0177589323606, 0.673281852117, 0.0263766687082
0, 7.0, 14, regularization, -0.0664877984011, 0.103361034902, 0.643257862734, 0.0315135854311, 0.123859529615, 0.25443004288
0, 7.0, 15, regularization, -0.0641737289285, 0.124036342318, 0.517378437072, 0.0429274351465, 0.148193257798, 0.289671984976
0, 3.0, 11, no_regularization, -0.0343535664376, 0.00256369948971, 13.399997377, 0.0213567536732, 0.0183236783782, 1.16552764311
0, 3.0, 12, no_regularization, -0.0338453191068, 0.00138606568306, 24.4182649643, 0.0199500522715, 0.013267984788, 1.50362339046
0, 3.0, 13, no_regularization, -0.0340224342826, 0.00158073133495, 21.5232237954, 0.0197640753028, 0.0136952864444, 1.44312975001
0, 3.0, 14, no_regularization, -0.0346633482595, 0.00176244551051, 19.6677559975, 0.0207564557189, 0.0141679164921, 1.46503233066
0, 3.0, 15, no_regularization, -0.0345080423822, 0.00152802964217, 22.5833592686, 0.0208786981905, 0.0141696018652, 1.4734851684
0, 3.0, 11, regularization, -0.034313127478, 0.00212907545729, 16.1164449858, 0.0180322860351, 0.00420109907418, 4.29227821497
0, 3.0, 12, regularization, -0.0338266938743, 0.0013510412221, 25.037499464, 0.0169895582981, 0.00306774192284, 5.53813153956
0, 3.0, 13, regularization, -0.0340021537602, 0.00144788373291, 23.4840360364, 0.0169702125603, 0.00317619768425, 5.34293335846
0, 3.0, 14, regularization, -0.034660008215, 0.00159565738703, 21.7214600683, 0.0176105303915, 0.00333857034481, 5.27487174828
0, 3.0, 15, regularization, -0.034497275453, 0.00139719175567, 24.6904373096, 0.0177155305215, 0.00347470182739, 5.09843186598
0, 5.0, 1, no_regularization, -0.055976477308, 0.0027569187219, 20.3039998471, 0.0328473593807, 0.0178312016167, 1.8421282024
0, 5.0, 2, no_regularization, -0.0555240088558, 0.00211988032483, 26.1920487706, 0.0316031473095, 0.0155941765212, 2.02659930562
0, 5.0, 3, no_regularization, -0.0557112932903, 0.0021229770878, 26.2420605528, 0.0325533247828, 0.0159484313915, 2.0411615402
0, 5.0, 4, no_regularization, -0.0556783760106, 0.00248144269544, 22.4379052205, 0.0327269182681, 0.0177077023882, 1.84817417588
0, 5.0, 5, no_regularization, -0.05539780482, 0.00219085085246, 25.2859772529, 0.0335904644447, 0.0188743242389, 1.77969097169
0, 5.0, 1, regularization, -0.0559566804628, 0.00266538222992, 20.9938671589, 0.029400062439, 0.00606793909294, 4.8451479141
0, 5.0, 2, regularization, -0.0555503722805, 0.00235660406605, 23.572212694, 0.0286341904727, 0.00559992309179, 5.11331852301
0, 5.0, 3, regularization, -0.05569765092, 0.00235902255105, 23.6104783717, 0.0290806408989, 0.00566662013243, 5.13191994862
0, 5.0, 4, regularization, -0.0556986791911, 0.00240406520629, 23.1685392914, 0.0296443562632, 0.00574955249318, 5.15594149255
0, 5.0, 5, regularization, -0.0553692783759, 0.0023165973067, 23.9011235211, 0.0294238305464, 0.00557797698127, 5.27500035321
0, 3.0, 16, no_regularization, -0.0348288875274, 0.00215409613768, 16.1686783232, 0.0203229447717, 0.0148335406793, 1.37006701307
0, 3.0, 17, no_regularization, -0.0347301779042, 0.00184072926995, 18.8676186505, 0.0206231870806, 0.0142496779339, 1.44727390867
0, 3.0, 18, no_regularization, -0.0344706788025, 0.00156951790859, 21.9625903049, 0.0206111807221, 0.0132615326605, 1.5542080429
0, 3.0, 19, no_regularization, -0.0343444333664, 0.00189392606405, 18.1339884478, 0.0208263127492, 0.0148625064963, 1.40126517384
0, 3.0, 20, no_regularization, -0.0346508410218, 0.00255824094518, 13.5447918176, 0.0212281611882, 0.0162753244401, 1.3043156999
0, 3.0, 16, regularization, -0.0348251848283, 0.00179381972243, 19.4139825719, 0.0174403302168, 0.0040710260142, 4.28401345411
0, 3.0, 17, regularization, -0.0347230829551, 0.00162059255802, 21.4261646354, 0.0175514543246, 0.00341706461749, 5.1364127663
0, 3.0, 18, regularization, -0.0344756123591, 0.00146884905509, 23.4711744135, 0.0179922524969, 0.00319296156968, 5.63497308197
0, 3.0, 19, regularization, -0.0343431013644, 0.0016838023769, 20.3961592141, 0.0180876279134, 0.00355242714188, 5.09162530038
0, 3.0, 20, regularization, -0.0346261115695, 0.00213549102054, 16.2145901043, 0.0181811551368, 0.00404233718391, 4.4976839659
0, 0.5, 26, no_regularization, -0.00622848391265, 0.00057295679496, 10.8707741446, 0.0030014547481, 0.00305452747324, 0.982624898418
0, 0.5, 27, no_regularization, -0.00597522452019, 0.000671334185914, 8.90052174545, 0.00293143985029, 0.00326841428566, 0.896899717749
0, 0.5, 28, no_regularization, -0.00609007527895, 0.00106242668137, 5.73223111367, 0.00336508798431, 0.00561696995943, 0.599093106891
0, 0.5, 29, no_regularization, -0.00624191250837, 0.000611718133531, 10.2039030171, 0.00299153935701, 0.00340443481451, 0.878718354149
0, 0.5, 30, no_regularization, -0.00637746675257, 0.000757929168519, 8.41433080749, 0.00311638516193, 0.00444679057703, 0.700816714425
0, 0.5, 26, regularization, -0.00622417537023, 0.000778296865371, 7.99717388977, 0.00291703438201, 0.00202612011375, 1.43971443855
0, 0.5, 27, regularization, -0.00597874454288, 0.000971614080709, 6.15341488105, 0.00285087608362, 0.00192759203383, 1.47898312173
0, 0.5, 28, regularization, -0.00609150522278, 0.00108661216335, 5.60596082781, 0.00320767876486, 0.00254359593424, 1.26108031613
0, 0.5, 29, regularization, -0.00625705438341, 0.000685286868009, 9.13056221491, 0.00297871276685, 0.00196138231322, 1.51868034435
0, 0.5, 30, regularization, -0.00637550581078, 0.000868075333801, 7.3444153549, 0.00313080193367, 0.0019121355109, 1.63733266592
0, 3.0, 6, no_regularization, -0.0347680214966, 0.00139113655126, 24.9925296442, 0.0206388955396, 0.0134440167779, 1.53517329535
0, 3.0, 7, no_regularization, -0.0344269288004, 0.00171657683083, 20.0555711705, 0.0214223795761, 0.0158181777617, 1.35428871131
0, 3.0, 8, no_regularization, -0.0345621297043, 0.00241997788898, 14.2820022702, 0.0204248629737, 0.014907045744, 1.37014827247
0, 3.0, 9, no_regularization, -0.0344505826062, 0.00140043856258, 24.5998528795, 0.0208683530891, 0.0135885721854, 1.53572816956
0, 3.0, 10, no_regularization, -0.034941371244, 0.00267391636785, 13.0674884466, 0.0201060920372, 0.016594005677, 1.21164789434
0, 3.0, 6, regularization, -0.0347656836367, 0.00134459776195, 25.8558244112, 0.017843481615, 0.00309703229662, 5.76147741
0, 3.0, 7, regularization, -0.0344198574745, 0.00153819278177, 22.3768164058, 0.0177852300161, 0.00359205651398, 4.95126675957
0, 3.0, 8, regularization, -0.0345733657106, 0.00197367935944, 17.5172150153, 0.018152544133, 0.00456791553279, 3.97392289823
0, 3.0, 9, regularization, -0.0344442263269, 0.00129778343544, 26.5408121158, 0.0179098118148, 0.00316024009405, 5.66723137539
0, 3.0, 10, regularization, -0.0349219967061, 0.00212630982849, 16.4237573651, 0.0183950857598, 0.00503077660248, 3.65651016003
0, 1.0, 11, no_regularization, -0.0115776911183, 0.00110999726239, 10.4303780834, 0.00626423164395, 0.00643700702193, 0.973159050877
0, 1.0, 12, no_regularization, -0.0112162648032, 0.000908193928097, 12.3500768461, 0.00572920696332, 0.00570365530158, 1.00447987481
0, 1.0, 13, no_regularization, -0.0113539258434, 0.00102785253704, 11.0462594917, 0.0057245682449, 0.00652826920373, 0.876889121182
0, 1.0, 14, no_regularization, -0.0118814037162, 0.000793884455341, 14.9661624387, 0.00624956207763, 0.00541823253406, 1.15343186885
0, 1.0, 15, no_regularization, -0.0119395096628, 0.000683285682421, 17.4736716573, 0.00623370978112, 0.00489031473949, 1.2747052313
0, 1.0, 11, regularization, -0.0115889827699, 0.00100312296488, 11.5529034581, 0.00581743281225, 0.00237652212022, 2.44787656835
0, 1.0, 12, regularization, -0.0112217010851, 0.000909192804068, 12.3424877923, 0.0055931400646, 0.00223426998454, 2.50334118226
0, 1.0, 13, regularization, -0.0113309699548, 0.000942143371099, 12.0268000629, 0.00523400196841, 0.00224536427054, 2.33102576587
0, 1.0, 14, regularization, -0.011872623919, 0.000749806779065, 15.8342445687, 0.0059727062935, 0.00217275085102, 2.74891448814
0, 1.0, 15, regularization, -0.0119059556048, 0.000697869565808, 17.0604310435, 0.00594754553022, 0.00260267175275, 2.28516927804
0, 7.0, 26, no_regularization, -0.0454789216925, 0.252213373087, 0.180319231831, 0.0451843452435, 0.273043037682, 0.165484333998
0, 7.0, 27, no_regularization, 0.00399020374735, 0.31802826057, 0.012546695505, -0.00491352300562, 0.374471702761, 0.0131212130834
0, 7.0, 28, no_regularization, -0.04446965497, 0.417900819876, 0.106411983071, -0.17156430126, 0.829447707678, 0.206841612403
0, 7.0, 29, no_regularization, -0.0396939171889, 0.332849956951, 0.119254686263, 0.0129500030133, 0.366609060184, 0.0353237396991
0, 7.0, 30, no_regularization, -0.0100952166314, 0.547373975393, 0.0184429970828, 0.0536345877924, 0.684545550333, 0.0783506484942
0, 7.0, 26, regularization, -0.0431469917461, 0.164816371837, 0.261788263297, 0.047533122449, 0.25428393676, 0.186929316317
0, 7.0, 27, regularization, 0.000381835876671, 0.216601879093, 0.00176284655641, -0.00148104145619, 0.36799648811, 0.00402460758197
0, 7.0, 28, regularization, -0.0412851394121, 0.307130584134, 0.134422104293, -0.179627873334, 0.798401121999, 0.224984495118
0, 7.0, 29, regularization, -0.0363790156568, 0.266659663991, 0.136424891235, 0.0162825907829, 0.352926170633, 0.0461359687601
0, 7.0, 30, regularization, -0.0104227539832, 0.460181083862, 0.0226492447185, 0.0582427354362, 0.613394957329, 0.0949514415472
0, 0.5, 11, no_regularization, -0.00582191543399, 0.000713507243872, 8.15957438974, 0.00304408537363, 0.00383847393188, 0.793045733187
0, 0.5, 12, no_regularization, -0.00575103219292, 0.000644972521426, 8.91670885483, 0.00267720505002, 0.00403642526976, 0.663261393706
0, 0.5, 13, no_regularization, -0.00606469158543, 0.000778773585709, 7.78749009561, 0.00292525049107, 0.00424030319, 0.68986823819
0, 0.5, 14, no_regularization, -0.00604037561769, 0.000602330825456, 10.0283355299, 0.00292433458552, 0.00336355770301, 0.869417100501
0, 0.5, 15, no_regularization, -0.00558154187081, 0.000516996629486, 10.7960894762, 0.00285179441777, 0.00343907977581, 0.829231830511
0, 0.5, 11, regularization, -0.00581305667638, 0.00099404092074, 5.84790480462, 0.00297012847477, 0.00219490548467, 1.35319196909
0, 0.5, 12, regularization, -0.0057453383362, 0.00097856951049, 5.87116017269, 0.00246961708886, 0.0022002624001, 1.12241934814
0, 0.5, 13, regularization, -0.00603378588585, 0.000966510626164, 6.24285519736, 0.00287166157483, 0.00194093688741, 1.47952341648
0, 0.5, 14, regularization, -0.00601998035547, 0.000804936639289, 7.47882511696, 0.00268875483505, 0.0019797186436, 1.35814997941
0, 0.5, 15, regularization, -0.00559285830614, 0.000984023973894, 5.68366061652, 0.00258412010725, 0.00203297913035, 1.27110016462
0, 7.0, 21, no_regularization, -0.0536429800945, 0.221902884722, 0.241740796483, 0.0447403886455, 0.242917532581, 0.184179331027
0, 7.0, 22, no_regularization, 0.0335841352374, 0.604854071935, 0.0555243599996, 0.039604947178, 0.680753540491, 0.0581780994476
0, 7.0, 23, no_regularization, 0.030640461571, 0.519827654461, 0.0589435004239, 0.00938181179323, 0.490478391022, 0.0191278799738
0, 7.0, 24, no_regularization, -0.0724257772867, 0.0354217372957, 2.04467038649, 0.0447716767733, 0.0500625296121, 0.894315111925
0, 7.0, 25, no_regularization, -0.0576878524582, 0.142037068232, 0.40614646005, 0.0334430774949, 0.152024656621, 0.219984561967
0, 7.0, 21, regularization, -0.0521196087202, 0.139885308689, 0.372588152455, 0.041682124823, 0.193170036731, 0.2157794528
0, 7.0, 22, regularization, 0.0314105085278, 0.527242412558, 0.0595750792797, 0.0353458275559, 0.614480493342, 0.0575214802404
0, 7.0, 23, regularization, 0.0324384780529, 0.431549665643, 0.075167427148, 0.0180878136371, 0.426438884544, 0.0424159575795
0, 7.0, 24, regularization, -0.0741638388113, 0.0131728396822, 5.63005704167, 0.0427271826745, 0.0131922379995, 3.23881229828
0, 7.0, 25, regularization, -0.0565637443758, 0.0980142072157, 0.577097402332, 0.0297356558163, 0.137015695191, 0.217023719617
0, 0.5, 21, no_regularization, -0.00614619818726, 0.000647079043982, 9.4983731036, 0.00305037905068, 0.00386639739209, 0.788946075982
0, 0.5, 22, no_regularization, -0.00579225580505, 0.000638624743487, 9.06988942117, 0.00301000063281, 0.00373849475021, 0.805137049514
0, 0.5, 23, no_regularization, -0.00531283438271, 0.000689382454876, 7.70665737883, 0.00280118562736, 0.00399424117394, 0.701306081774
0, 0.5, 24, no_regularization, -0.00610812046218, 0.00058443894978, 10.451254942, 0.00303405665993, 0.00277322784708, 1.09405242816
0, 0.5, 25, no_regularization, -0.00569386752573, 0.000521373356396, 10.9209023742, 0.00293471199479, 0.00307781527063, 0.953504917206
0, 0.5, 21, regularization, -0.00617345421647, 0.000767486110819, 8.04373412033, 0.00310265697778, 0.00198297482347, 1.56464769046
0, 0.5, 22, regularization, -0.00579511372544, 0.000999364818979, 5.79879701125, 0.00297614344331, 0.00218049065789, 1.36489621386
0, 0.5, 23, regularization, -0.00526344331877, 0.00110701973066, 4.75460660096, 0.00246305699434, 0.00230119188128, 1.07033968544
0, 0.5, 24, regularization, -0.00610174732216, 0.00084820856593, 7.1936874576, 0.00290672625843, 0.00196321335994, 1.48059620913
0, 0.5, 25, regularization, -0.00569669599086, 0.000957148029507, 5.95173976777, 0.00291732594217, 0.00219306408374, 1.33025111478
0, 3.0, 1, no_regularization, -0.0350591460829, 0.00173230971997, 20.2383821315, 0.0203142145717, 0.0129859652722, 1.5643207221
0, 3.0, 2, no_regularization, -0.0343699467191, 0.00139767651921, 24.5907735063, 0.0192944364635, 0.0123688915665, 1.55991637244
0, 3.0, 3, no_regularization, -0.0349401548831, 0.00152242058406, 22.9503957376, 0.0205376594207, 0.0127900522079, 1.605752587
0, 3.0, 4, no_regularization, -0.0345908489941, 0.00169401546261, 20.4194411195, 0.0205025459882, 0.0134025650484, 1.52974791871
0, 3.0, 5, no_regularization, -0.0345698760549, 0.00142554415554, 24.2503018378, 0.0214645123336, 0.0146290867593, 1.46724896002
0, 3.0, 1, regularization, -0.0350458725607, 0.00151231990534, 23.1735841319, 0.0178508998587, 0.0035028887848, 5.09605098974
0, 3.0, 2, regularization, -0.0343636938639, 0.001373678414, 25.0158213987, 0.0170442122818, 0.00318332688071, 5.35421366403
0, 3.0, 3, regularization, -0.0349360734304, 0.00143478415289, 24.349358306, 0.0175983071386, 0.00315810961273, 5.57241809077
0, 3.0, 4, regularization, -0.0345920965296, 0.00151191487947, 22.8796587687, 0.0179574103229, 0.00347765143643, 5.16366020321
0, 3.0, 5, regularization, -0.0345546927852, 0.00134630923113, 25.6662377307, 0.0180045379876, 0.00297880815726, 6.0442086355
0, 7.0, 6, no_regularization, -0.0254134326652, 0.444265122509, 0.0572033035627, -0.0510517661942, 0.648074905458, 0.0787744838819
0, 7.0, 7, no_regularization, -0.00884079222424, 0.4437847553, 0.0199213517784, -0.17879733273, 0.783486453509, 0.228207305856
0, 7.0, 8, no_regularization, -0.0333633414376, 0.303934679227, 0.109771420367, 0.0179799390635, 0.370151894016, 0.04857448889
0, 7.0, 9, no_regularization, -0.0544537243829, 0.177654622072, 0.306514537859, 0.042165114588, 0.205358502663, 0.205324415796
0, 7.0, 10, no_regularization, -0.00154067988485, 0.488759050869, 0.00315222783519, 0.0442906453514, 0.681036530103, 0.0650341698187
0, 7.0, 6, regularization, -0.0281953604929, 0.376318749833, 0.0749241447718, 0.0115314622331, 0.611367945685, 0.0188617383598
0, 7.0, 7, regularization, -0.00712557027947, 0.317633387216, 0.0224333164153, -0.153544055899, 0.709808723697, 0.216317510299
0, 7.0, 8, regularization, -0.0293452692298, 0.225060397575, 0.130388418158, 0.0143524731492, 0.329691771277, 0.0435330038525
0, 7.0, 9, regularization, -0.0516639663354, 0.139942174571, 0.36918081696, 0.0426847693358, 0.171931096083, 0.248266720264
0, 7.0, 10, regularization, -0.00296568134474, 0.423650796481, 0.00700029687036, 0.0474605034728, 0.662640507355, 0.0716233054665
0, 5.0, 11, no_regularization, -0.0555815494907, 0.0467728612483, 1.18832904396, 0.0330320404857, 0.0603910271609, 0.546969343603
0, 5.0, 12, no_regularization, -0.0554131484041, 0.00205512604877, 26.9633818505, 0.0323203410543, 0.0157758368864, 2.04872434261
0, 5.0, 13, no_regularization, -0.0557826842968, 0.00207984605467, 26.8205832694, 0.0325506298504, 0.0168865742352, 1.92760410708
0, 5.0, 14, no_regularization, -0.056170253586, 0.00267698447482, 20.9826594493, 0.0329848926054, 0.0176574866542, 1.86804006999
0, 5.0, 15, no_regularization, -0.0560486799749, 0.0023047845103, 24.3184036185, 0.0337433248659, 0.0176042647721, 1.91676990222
0, 5.0, 11, regularization, -0.0557568024725, 0.00351968329274, 15.8414260134, 0.0299446852626, 0.00725171508898, 4.12932456601
0, 5.0, 12, regularization, -0.0554362444761, 0.00234179382887, 23.6725555395, 0.0290244853066, 0.00557561278743, 5.20561351965
0, 5.0, 13, regularization, -0.0557747068055, 0.00218740652508, 25.4980983946, 0.0290156154166, 0.00548490087689, 5.29008929566
0, 5.0, 14, regularization, -0.0561583010887, 0.00264966007396, 21.1945304383, 0.0297367951523, 0.00588659577236, 5.05161154295
0, 5.0, 15, regularization, -0.0560509316775, 0.00243793433332, 22.9911572725, 0.0298525457179, 0.0061175102162, 4.87985220503
