noInterp_sim, strain percent, trial, regularization, mean axial strain, axial strain std, axial strain SNRe, mean lateral strain, lateral strain std, lateral strain SNRe
0, 1.0, 11, no_regularization, -0.00958333333333, 0.0102482310471, 0.935120733451, 0.00527839369303, 0.014036072762, 0.376059157183
0, 1.0, 12, no_regularization, -0.00969173441734, 0.00716454794515, 1.35273495153, 0.00554939640305, 0.0149832403484, 0.37037358235
0, 1.0, 13, no_regularization, -0.00964092140921, 0.007210866733, 1.336998972, 0.00543853165804, 0.013762397706, 0.395173266624
0, 1.0, 14, no_regularization, -0.00961043360434, 0.00733920632658, 1.30946497165, 0.00558635131806, 0.0145402812707, 0.384198298097
0, 1.0, 15, no_regularization, -0.00961382113821, 0.00725189259412, 1.32569822476, 0.00543237250554, 0.0145464863424, 0.373449118753
0, 1.0, 11, regularization, -0.00963075880759, 0.0072435111528, 1.32957050862, 0.00586967233309, 0.0121162732603, 0.484445357661
0, 1.0, 12, regularization, -0.00966463414634, 0.00730927154585, 1.32224313815, 0.00615299334812, 0.0123303876912, 0.499010534154
0, 1.0, 13, regularization, -0.00962059620596, 0.00721844697021, 1.33277923155, 0.00607292436561, 0.0122228029979, 0.496852020493
0, 1.0, 14, regularization, -0.00961043360434, 0.00738337892059, 1.30163082617, 0.0059928553831, 0.0122212827525, 0.490362223384
0, 1.0, 15, regularization, -0.00956300813008, 0.00731646235007, 1.30705355574, 0.00579576250308, 0.0121326134794, 0.477701075115
0, 1.0, 16, no_regularization, -0.00962059620596, 0.00731088635951, 1.31592747211, 0.00540773589554, 0.0144671099458, 0.37379517511
0, 1.0, 17, no_regularization, -0.00966124661247, 0.00724627167602, 1.33327137657, 0.00565410199557, 0.0142467146844, 0.396870585311
0, 1.0, 18, no_regularization, -0.00961043360434, 0.00725687563145, 1.32432111179, 0.00530918945553, 0.014717940116, 0.360729111119
0, 1.0, 19, no_regularization, -0.00958672086721, 0.00738122562132, 1.29879797191, 0.00533998521803, 0.0142688607988, 0.374240473247
0, 1.0, 20, no_regularization, -0.00959010840108, 0.00738400003773, 1.29876873674, 0.00553707809805, 0.0140677343945, 0.393601268176
0, 1.0, 16, regularization, -0.00961382113821, 0.0072917482413, 1.31845214893, 0.0059928553831, 0.012167626613, 0.492524596104
0, 1.0, 17, regularization, -0.00964430894309, 0.00722543069073, 1.33477288149, 0.00613451589061, 0.0122893190193, 0.499174598771
0, 1.0, 18, regularization, -0.00958333333333, 0.00724698384725, 1.32238922224, 0.00569105691057, 0.0119819782204, 0.474968056684
0, 1.0, 19, regularization, -0.00959349593496, 0.00742304732124, 1.29239320724, 0.00580192165558, 0.0122131809141, 0.47505409904
0, 1.0, 20, regularization, -0.00956639566396, 0.00735972357171, 1.29983083885, 0.0059928553831, 0.0122212827525, 0.490362223384
0, 1.0, 1, no_regularization, -0.00963753387534, 0.00724521994551, 1.33019203666, 0.00554939640305, 0.0135810358062, 0.408613634647
0, 1.0, 2, no_regularization, -0.00962059620596, 0.00724776572749, 1.32738785547, 0.00572185267307, 0.0146206742263, 0.391353543928
0, 1.0, 3, no_regularization, -0.0095460704607, 0.00733424788287, 1.30157455995, 0.00558635131806, 0.014538674052, 0.38424077038
0, 1.0, 4, no_regularization, -0.00961043360434, 0.0072675827322, 1.3223700312, 0.00554323725055, 0.015343796781, 0.361268943383
0, 1.0, 5, no_regularization, -0.00959010840108, 0.00722725031467, 1.32693735287, 0.00554939640305, 0.0140412531805, 0.395220877491
0, 1.0, 1, regularization, -0.00961382113821, 0.00725189259412, 1.32569822476, 0.0060482877556, 0.0122541171638, 0.493571888923
0, 1.0, 2, regularization, -0.00963414634146, 0.00721993085965, 1.33438207772, 0.00607908351811, 0.012325413035, 0.493215399829
0, 1.0, 3, regularization, -0.00949864498645, 0.00736885416691, 1.2890260509, 0.00610372012811, 0.0123094151847, 0.495857848366
0, 1.0, 4, regularization, -0.00959010840108, 0.00724385865583, 1.32389502014, 0.00606060606061, 0.0122308363296, 0.495518531789
0, 1.0, 5, regularization, -0.00961720867209, 0.00717534476194, 1.34031311263, 0.00607908351811, 0.0122187796869, 0.497519692955
0, 1.0, 6, no_regularization, -0.00968834688347, 0.00720503514039, 1.34466337703, 0.00545084996305, 0.0148094779048, 0.368064964753
0, 1.0, 7, no_regularization, -0.00956300813008, 0.00716020860723, 1.33557674848, 0.00569721606307, 0.0143415519796, 0.397252408329
0, 1.0, 8, no_regularization, -0.00962059620596, 0.00723312120396, 1.33007534848, 0.00533998521803, 0.0143113776674, 0.373128663232
0, 1.0, 9, no_regularization, -0.00963753387534, 0.00727637401891, 1.32449676862, 0.00548164572555, 0.0143156967274, 0.382911557148
0, 1.0, 10, no_regularization, -0.00960704607046, 0.00720223008557, 1.33389880028, 0.00545084996305, 0.0142792743716, 0.381731579715
0, 1.0, 6, regularization, -0.00969512195122, 0.00717721231652, 1.35082000137, 0.00605444690811, 0.012234846359, 0.494852712526
0, 1.0, 7, regularization, -0.00961720867209, 0.00715067336948, 1.34493748703, 0.00582039911308, 0.0120628178175, 0.482507420831
0, 1.0, 8, regularization, -0.00960027100271, 0.00724940216929, 1.32428451044, 0.00550012318305, 0.0120078777512, 0.458042902917
0, 1.0, 9, regularization, -0.00967140921409, 0.00724488678637, 1.33492896429, 0.00575264843558, 0.0120517785872, 0.477327756559
0, 1.0, 10, regularization, -0.00961043360434, 0.00722759382862, 1.32968645337, 0.0060236511456, 0.0123081063036, 0.489405193376
0, 1.0, 26, no_regularization, -0.00958672086721, 0.0071723694451, 1.3366183854, 0.00548164572555, 0.0142026184989, 0.385960217547
0, 1.0, 27, no_regularization, -0.00957317073171, 0.00724531830386, 1.32129056726, 0.00518600640552, 0.0146872765956, 0.353095168581
0, 1.0, 28, no_regularization, -0.00966124661247, 0.00721400781022, 1.33923428788, 0.00542621335304, 0.0136050615957, 0.398837838026
0, 1.0, 29, no_regularization, -0.00959349593496, 0.00732912925903, 1.30895439225, 0.00542005420054, 0.0146279699775, 0.370526751755
0, 1.0, 30, no_regularization, -0.00949525745257, 0.00733043864999, 1.29531913518, 0.00551244148805, 0.0145009828372, 0.380142611706
0, 1.0, 26, regularization, -0.00956978319783, 0.00729209029314, 1.31235116587, 0.00573417097807, 0.012094455102, 0.474115694318
0, 1.0, 27, regularization, -0.00957317073171, 0.00724531830386, 1.32129056726, 0.00550628233555, 0.0118236257274, 0.465701677515
0, 1.0, 28, regularization, -0.00966124661247, 0.00723064656864, 1.33615251703, 0.00590662724809, 0.0121310631384, 0.486901039152
0, 1.0, 29, regularization, -0.00959349593496, 0.00728171599121, 1.31747735651, 0.00610987928061, 0.0123054047528, 0.496519976657
0, 1.0, 30, regularization, -0.0094918699187, 0.00731311537987, 1.29792426697, 0.00581423996058, 0.0121516711858, 0.478472456312
0, 9.0, 1, no_regularization, 0.0172222222222, 0.334019785789, 0.0515604852016, -0.255333826066, 0.568938777829, 0.448789634343
0, 9.0, 2, no_regularization, -0.0501829268293, 0.383961190615, 0.130697914414, 0.0266999260902, 0.280013284753, 0.095352354849
0, 9.0, 3, no_regularization, -0.0858028455285, 0.238355722686, 0.359978122453, 0.0384331116038, 0.2560830637, 0.150080645899
0, 9.0, 4, no_regularization, 0.0136178861789, 0.66824457698, 0.0203785958734, 0.0330130574033, 0.528370962281, 0.0624808321426
0, 9.0, 5, no_regularization, -0.0259146341463, 0.272035816382, 0.0952618463665, 0.0257206208426, 0.30831463201, 0.0834232896275
0, 9.0, 1, regularization, 0.0169512195122, 0.257733414726, 0.0657703601616, -0.25322739591, 0.547383877207, 0.462613910374
0, 9.0, 2, regularization, -0.0453963414634, 0.249145100305, 0.182208445632, 0.0242670608524, 0.196629645964, 0.123415066601
0, 9.0, 3, regularization, -0.0802506775068, 0.123086762126, 0.651984633608, 0.0417836905642, 0.139031284004, 0.300534450671
0, 9.0, 4, regularization, 0.0172052845528, 0.601166887153, 0.0286198140991, 0.0373121458487, 0.474292476677, 0.0786690653626
0, 9.0, 5, regularization, -0.0295630081301, 0.181885468048, 0.162536394179, 0.0241315594974, 0.231542890567, 0.104220688609
0, 11.0, 16, no_regularization, -0.0474424119241, 0.482204484711, 0.0983865008069, -0.138993594481, 0.698578375112, 0.198966357152
0, 11.0, 17, no_regularization, 0.0104844173442, 0.52854257404, 0.0198364670305, -0.0191241685144, 0.701317089704, 0.0272689326913
0, 11.0, 18, no_regularization, -0.0106165311653, 0.519869026824, 0.0204215496933, 0.00335673811284, 0.554130872702, 0.00605766305073
0, 11.0, 19, no_regularization, -0.000216802168022, 0.537599634284, 0.000403278116643, -0.126792313378, 0.916676625349, 0.138317384639
0, 11.0, 20, no_regularization, 0.0115921409214, 0.595047782202, 0.0194810253363, -0.0976410445923, 0.758381032401, 0.128749323125
0, 11.0, 16, regularization, -0.0453997289973, 0.391214980261, 0.116048033148, -0.137490761271, 0.645149567769, 0.213114552253
0, 11.0, 17, regularization, 0.0127811653117, 0.435067755304, 0.0293774134163, -0.0157674304016, 0.661150957893, 0.0238484573203
0, 11.0, 18, regularization, -0.0054945799458, 0.420117228194, 0.013078682751, 0.00306725794531, 0.532247665271, 0.00576283964298
0, 11.0, 19, regularization, 1.0162601626e-05, 0.452291676399, 2.2469132545e-05, -0.121513919685, 0.880505051285, 0.138004795665
0, 11.0, 20, regularization, 0.0139972899729, 0.574010740555, 0.0243850663132, -0.0869795516137, 0.735333943236, 0.118285783505
0, 11.0, 11, no_regularization, 0.0151524390244, 0.511253994959, 0.0296377909489, -0.0793422025129, 0.788607026419, 0.1006105701
0, 11.0, 12, no_regularization, -0.0381775067751, 0.549872212103, 0.0694297801103, -0.128504557773, 0.861229986384, 0.149210501033
0, 11.0, 13, no_regularization, 0.0128556910569, 0.524630748426, 0.0245042653247, -0.139591032274, 0.709633434412, 0.19670864633
0, 11.0, 14, no_regularization, 0.00688008130081, 0.567623496026, 0.0121208536098, -0.228677014043, 0.75964970462, 0.301029556982
0, 11.0, 15, no_regularization, -0.0347391598916, 0.530259443013, 0.0655135148451, -0.118557526484, 0.82274222959, 0.144100451175
0, 11.0, 11, regularization, 0.0166260162602, 0.438036853332, 0.0379557476356, -0.0870904163587, 0.767495223111, 0.113473561445
0, 11.0, 12, regularization, -0.037581300813, 0.489325877909, 0.0768021936088, -0.133918452821, 0.79440877959, 0.168576249736
0, 11.0, 13, regularization, 0.00506097560976, 0.462433514906, 0.0109442232161, -0.131627248091, 0.653422787022, 0.201442696375
0, 11.0, 14, regularization, 0.0105860433604, 0.521183879962, 0.0203115325846, -0.222012811037, 0.732355405475, 0.303149003035
0, 11.0, 15, regularization, -0.0346002710027, 0.445395625439, 0.0776843530257, -0.114843557526, 0.779928410057, 0.147248844952
0, 3.0, 6, no_regularization, -0.0286077235772, 0.0158512018855, 1.80476684253, 0.0150160137965, 0.0248158224792, 0.605098372584
0, 3.0, 7, no_regularization, -0.028695799458, 0.0116170418909, 2.47014685215, 0.0156873614191, 0.0174218635607, 0.900441067307
0, 3.0, 8, no_regularization, -0.0287364498645, 0.0129414379035, 2.22049899547, 0.0149297856615, 0.0218411147823, 0.683563353349
0, 3.0, 9, no_regularization, -0.0287567750678, 0.0211497405797, 1.35967507305, 0.0150283321015, 0.0249838752807, 0.601521258519
0, 3.0, 10, no_regularization, -0.028722899729, 0.022681508641, 1.26635755071, 0.0156996797241, 0.0220276747871, 0.712725236587
0, 3.0, 6, regularization, -0.0286314363144, 0.00919222087165, 3.11474633977, 0.0150899236265, 0.0152129570201, 0.991912591782
0, 3.0, 7, regularization, -0.028668699187, 0.00920238736191, 3.11535453351, 0.015071446169, 0.0153710325079, 0.980509680224
0, 3.0, 8, regularization, -0.0287127371274, 0.00914882160991, 3.13840824006, 0.014738851934, 0.0154400313901, 0.954586915114
0, 3.0, 9, regularization, -0.0288109756098, 0.009155877035, 3.14671936939, 0.0147326927815, 0.0154451615913, 0.953871067931
0, 3.0, 10, regularization, -0.0287940379404, 0.00933829268787, 3.08343708029, 0.015280857354, 0.0150775224533, 1.01348596239
0, 7.0, 11, no_regularization, -0.0627337398374, 0.177581476224, 0.353267363079, 0.0293914757329, 0.171372814711, 0.171506057029
0, 7.0, 12, no_regularization, -0.0578929539295, 0.158245771091, 0.365842028703, 0.0217110125647, 0.160148838663, 0.135567717793
0, 7.0, 13, no_regularization, -0.0675, 0.0895346969202, 0.753897676788, 0.0279317565903, 0.0987741360391, 0.282784114449
0, 7.0, 14, no_regularization, -0.0499695121951, 0.177585170402, 0.281383361472, 0.025209411185, 0.151256049459, 0.16666712687
0, 7.0, 15, no_regularization, -0.0668258807588, 0.124691230121, 0.535930880574, 0.0278701650653, 0.140667218884, 0.198128357739
0, 7.0, 11, regularization, -0.0608265582656, 0.098718518116, 0.616161581701, 0.0326311899483, 0.0812725357203, 0.401503283478
0, 7.0, 12, regularization, -0.0597154471545, 0.0679098326988, 0.879334328791, 0.0263981276176, 0.0604911302081, 0.436396667194
0, 7.0, 13, regularization, -0.0671104336043, 0.0216468957233, 3.1002336068, 0.0311714708056, 0.0158234562902, 1.96995335494
0, 7.0, 14, regularization, -0.0549153116531, 0.0881639562788, 0.622877125426, 0.0300997782705, 0.0726076897396, 0.414553587622
0, 7.0, 15, regularization, -0.0674525745257, 0.0415249763519, 1.62438562166, 0.0282951465878, 0.0455888336208, 0.620659585705
0, 3.0, 26, no_regularization, -0.028695799458, 0.0136062634262, 2.10901395623, 0.0157920670116, 0.0170680003453, 0.925244123044
0, 3.0, 27, no_regularization, -0.028668699187, 0.00935173378761, 3.06560257575, 0.0149913771865, 0.0171788727895, 0.872663612462
0, 3.0, 28, no_regularization, -0.0287974254743, 0.0100370856015, 2.86910230895, 0.0157735895541, 0.0214026059272, 0.736993878584
0, 3.0, 29, no_regularization, -0.0287432249322, 0.0135901510034, 2.11500408826, 0.0152254249815, 0.0235383231107, 0.646835584248
0, 3.0, 30, no_regularization, -0.0287635501355, 0.0187201879477, 1.53649900396, 0.015305493964, 0.0194494922151, 0.786935401437
0, 3.0, 26, regularization, -0.028695799458, 0.00920304807606, 3.11807557896, 0.0152131066765, 0.0152114208757, 1.00011082468
0, 3.0, 27, regularization, -0.0286924119241, 0.00906238887935, 3.16609806819, 0.014886671594, 0.0152407008148, 0.97677080437
0, 3.0, 28, regularization, -0.0287466124661, 0.00933779048591, 3.0785240373, 0.0154225178615, 0.0151413727285, 1.0185680082
0, 3.0, 29, regularization, -0.0287669376694, 0.00901986737856, 3.18928610167, 0.0149790588815, 0.0154180888505, 0.971525007202
0, 3.0, 30, regularization, -0.0287872628726, 0.00912204867302, 3.15578922066, 0.0151391968465, 0.015190018611, 0.996654265821
0, 7.0, 26, no_regularization, -0.0427134146341, 0.258924631105, 0.164964663469, 0.0186375954669, 0.228380434426, 0.0816076714876
0, 7.0, 27, no_regularization, -0.0670968834688, 0.118846239539, 0.56456883894, 0.0267491993102, 0.11375163313, 0.235154419977
0, 7.0, 28, no_regularization, -0.0469037940379, 0.2672365361, 0.175514152078, -0.099864498645, 0.348979922942, 0.286161157361
0, 7.0, 29, no_regularization, -0.0446815718157, 0.234310636785, 0.190693740706, 0.0232323232323, 0.206941914148, 0.112264948007
0, 7.0, 30, no_regularization, -0.0671070460705, 0.103273468329, 0.649799480505, 0.0280795762503, 0.110400314573, 0.254343263052
0, 7.0, 26, regularization, -0.0525101626016, 0.179563494016, 0.292432283574, 0.0174180832717, 0.120104881385, 0.145023941333
0, 7.0, 27, regularization, -0.0670731707317, 0.0338052934166, 1.98410260503, 0.0298410938655, 0.0399405140642, 0.747138452387
0, 7.0, 28, regularization, -0.053641598916, 0.173768227437, 0.308696242732, -0.0983062330623, 0.306424153333, 0.320817507345
0, 7.0, 29, regularization, -0.050216802168, 0.118239508737, 0.424704083299, 0.030179847253, 0.0863909049366, 0.349340561662
0, 7.0, 30, regularization, -0.0671510840108, 0.0234484117128, 2.86377963818, 0.0314239960581, 0.0147705123993, 2.1274817832
0, 3.0, 1, no_regularization, -0.0287262872629, 0.0292108059842, 0.98341303141, 0.0156257698941, 0.0309505693421, 0.504862114857
0, 3.0, 2, no_regularization, -0.0287262872629, 0.00956941183231, 3.00188640287, 0.0148681941365, 0.0213895798303, 0.695113894449
0, 3.0, 3, no_regularization, -0.0286890243902, 0.011787114175, 2.43393115264, 0.0154225178615, 0.0220121446376, 0.700636767359
0, 3.0, 4, no_regularization, -0.0287262872629, 0.00955684580296, 3.00583349937, 0.0155087459966, 0.021930077466, 0.707190661802
0, 3.0, 5, no_regularization, -0.028695799458, 0.00933195410002, 3.07500435069, 0.014935944814, 0.0221835396218, 0.673289523162
0, 3.0, 1, regularization, -0.0287025745257, 0.0091293602299, 3.14398531802, 0.0154225178615, 0.015186063317, 1.01557049642
0, 3.0, 2, regularization, -0.0287262872629, 0.00916569509414, 3.13410897568, 0.0151022419315, 0.0151437214179, 0.997260944968
0, 3.0, 3, regularization, -0.0287025745257, 0.00896843628539, 3.20039900071, 0.015206947524, 0.0153620170111, 0.989905655817
0, 3.0, 4, regularization, -0.0287025745257, 0.00911075809711, 3.15040463371, 0.015096082779, 0.01520299305, 0.992967814258
0, 3.0, 5, regularization, -0.0287398373984, 0.0091802078037, 3.13063037492, 0.0151145602365, 0.0153018690044, 0.987759092187
0, 5.0, 16, no_regularization, -0.0478658536585, 0.0548296462666, 0.872992202535, 0.0247228381375, 0.0628734857467, 0.39321564319
0, 5.0, 17, no_regularization, -0.0478590785908, 0.051228498586, 0.934227625478, 0.0241931510224, 0.0541060271668, 0.447143364414
0, 5.0, 18, no_regularization, -0.0478895663957, 0.0563125416339, 0.85042452367, 0.0240822862774, 0.0681076277962, 0.353591617512
0, 5.0, 19, no_regularization, -0.0479302168022, 0.0412463509364, 1.16204744696, 0.0233247105198, 0.0614408056114, 0.379628982526
0, 5.0, 20, no_regularization, -0.0479234417344, 0.0451684069722, 1.06099472943, 0.0235464400099, 0.066915353269, 0.351883967723
0, 5.0, 16, regularization, -0.0478116531165, 0.0115118608945, 4.15325146426, 0.0229551613698, 0.0111086344983, 2.06642511942
0, 5.0, 17, regularization, -0.0478489159892, 0.0111734302081, 4.28238375305, 0.0232323232323, 0.0110456558277, 2.1032995772
0, 5.0, 18, regularization, -0.0479200542005, 0.0119569062675, 4.00773018778, 0.0230352303523, 0.0130196322136, 1.76926889903
0, 5.0, 19, regularization, -0.0478556910569, 0.0117290390712, 4.08010330313, 0.0229120473023, 0.0126690484057, 1.80850578265
0, 5.0, 20, regularization, -0.0479200542005, 0.0114883682381, 4.17118020656, 0.0227827050998, 0.0118280115403, 1.92616527489
0, 9.0, 6, no_regularization, -0.0618834688347, 0.289952917349, 0.213425922389, 0.0219450603597, 0.290000747117, 0.0756724269776
0, 9.0, 7, no_regularization, 0.00045054200542, 0.646692638712, 0.000696686460383, -0.0737743286524, 0.637906914343, 0.115650617659
0, 9.0, 8, no_regularization, -0.0322154471545, 0.503766989994, 0.0639491030463, 0.0371766444937, 0.634440882881, 0.0585974918969
0, 9.0, 9, no_regularization, -0.0345596205962, 0.269199412874, 0.12837925695, 0.025431140675, 0.269419537467, 0.0943923403406
0, 9.0, 10, no_regularization, 0.0157283197832, 0.522565470942, 0.0300982760205, -0.0348361665435, 0.829649833855, 0.0419889996019
0, 9.0, 6, regularization, -0.0617682926829, 0.173381465085, 0.356256608241, 0.0293360433604, 0.207807668155, 0.14116920526
0, 9.0, 7, regularization, -0.00184620596206, 0.554441716378, 0.00332984677654, -0.0769832471052, 0.62130515246, 0.123905695616
0, 9.0, 8, regularization, -0.0310636856369, 0.427250239503, 0.0727060695694, 0.0408536585366, 0.576546643249, 0.0708592427255
0, 9.0, 9, regularization, -0.0369308943089, 0.187810171941, 0.196639478721, 0.0256898250801, 0.191132749681, 0.134408284937
0, 9.0, 10, regularization, 0.0147154471545, 0.448897876484, 0.0327812803877, -0.0449248583395, 0.767190218282, 0.0585576526772
0, 5.0, 26, no_regularization, -0.0478658536585, 0.0466298431504, 1.02650685537, 0.0233801428923, 0.0630883933237, 0.370593411253
0, 5.0, 27, no_regularization, -0.0478590785908, 0.0500609338827, 0.956016495874, 0.0234170978073, 0.0469465476849, 0.498803404342
0, 5.0, 28, no_regularization, -0.0479302168022, 0.0565432981321, 0.84767281686, 0.0240022172949, 0.0485401388319, 0.494481842708
0, 5.0, 29, no_regularization, -0.0478692411924, 0.0454812382536, 1.0525052314, 0.0234478935698, 0.0677076685619, 0.346310751321
0, 5.0, 30, no_regularization, -0.0478827913279, 0.0355226743291, 1.34795006942, 0.0228997289973, 0.0525972927731, 0.43537847273
0, 5.0, 26, regularization, -0.0478929539295, 0.0115943036593, 4.13073137783, 0.0231645725548, 0.0129267485803, 1.79198755286
0, 5.0, 27, regularization, -0.0478895663957, 0.0109725122532, 4.36450334168, 0.0229551613698, 0.0109262273346, 2.1009229139
0, 5.0, 28, regularization, -0.0478861788618, 0.0108718634756, 4.40459714832, 0.0233247105198, 0.0119994735018, 1.94381116108
0, 5.0, 29, regularization, -0.0478387533875, 0.0126087099669, 3.79410371983, 0.0228689332348, 0.0115857563117, 1.9738835014
0, 5.0, 30, regularization, -0.0478319783198, 0.0108220467794, 4.41986430984, 0.0232200049273, 0.0114655808477, 2.02519220228
0, 3.0, 11, no_regularization, -0.0287364498645, 0.0156483434891, 1.83638925644, 0.0155641783691, 0.0165235021483, 0.941941861318
0, 3.0, 12, no_regularization, -0.0286483739837, 0.0128916807503, 2.22223731247, 0.0152131066765, 0.0216314455416, 0.703286641074
0, 3.0, 13, no_regularization, -0.0286991869919, 0.00956369035692, 3.00084861814, 0.0151391968465, 0.0169288650631, 0.894283036109
0, 3.0, 14, no_regularization, -0.0287195121951, 0.0132231949631, 2.1719041635, 0.0146834195615, 0.0190455813851, 0.770962002396
0, 3.0, 15, no_regularization, -0.0287906504065, 0.0139933608337, 2.057450726, 0.015330130574, 0.0190130541968, 0.806295002128
0, 3.0, 11, regularization, -0.0287195121951, 0.00931454763401, 3.08329650817, 0.0147080561715, 0.0152142882199, 0.966726537509
0, 3.0, 12, regularization, -0.0286754742547, 0.00921426673089, 3.11207338492, 0.015108401084, 0.0152613299127, 0.989979324898
0, 3.0, 13, regularization, -0.0287466124661, 0.00911483717809, 3.15382621812, 0.014640305494, 0.0153322723723, 0.954868602545
0, 3.0, 14, regularization, -0.028695799458, 0.00909876379983, 3.15381298925, 0.014689578714, 0.0154461997268, 0.951015717377
0, 3.0, 15, regularization, -0.0287872628726, 0.0092045916392, 3.12748940975, 0.0153116531165, 0.0151275140671, 1.01217245931
0, 7.0, 6, no_regularization, -0.0669444444444, 0.105557726788, 0.634197481144, 0.0306233062331, 0.107454452042, 0.284988715229
0, 7.0, 7, no_regularization, -0.0509383468835, 0.206052735768, 0.247210243017, 0.0289110618379, 0.198020811369, 0.146000118058
0, 7.0, 8, no_regularization, -0.0665345528455, 0.099940622599, 0.665740828057, 0.0267368810052, 0.10786255216, 0.247879180213
0, 7.0, 9, no_regularization, -0.0671849593496, 0.0896208438099, 0.749657741363, 0.029958117763, 0.0991225874093, 0.302233008096
0, 7.0, 10, no_regularization, -0.0520968834688, 0.20699956425, 0.251676295346, 0.02539418576, 0.177793100021, 0.142829984724
0, 7.0, 6, regularization, -0.067012195122, 0.0471418828293, 1.42150018413, 0.0314732692781, 0.0314263247481, 1.00149379638
0, 7.0, 7, regularization, -0.0518089430894, 0.0780020672192, 0.664199615939, 0.0315902931757, 0.107166611487, 0.294777382035
0, 7.0, 8, regularization, -0.0670799457995, 0.0229351356788, 2.92476777722, 0.030266075388, 0.0228574508689, 1.32412295499
0, 7.0, 9, regularization, -0.0671138211382, 0.0239255854609, 2.80510674432, 0.0314855875831, 0.0152361501857, 2.06650546229
0, 7.0, 10, regularization, -0.0553319783198, 0.106859916187, 0.517799192572, 0.030216802168, 0.0641706781314, 0.470881764817
0, 9.0, 26, no_regularization, -0.086493902439, 0.163781253897, 0.528106241594, 0.0317134762257, 0.159884295001, 0.198352666379
0, 9.0, 27, no_regularization, 0.0184281842818, 0.58242498693, 0.0316404424525, -0.0737804878049, 0.732387142779, 0.100739736535
0, 9.0, 28, no_regularization, 0.000528455284553, 0.334150083768, 0.00158149080375, -0.24995072678, 0.55496606488, 0.450389208634
0, 9.0, 29, no_regularization, 0.00365853658537, 0.48068961037, 0.0076110165613, -0.273928307465, 0.734612001236, 0.372888418653
0, 9.0, 30, no_regularization, -0.0632960704607, 0.429508974678, 0.147368446744, -0.0988851933974, 0.514092323485, 0.192349095445
0, 9.0, 26, regularization, -0.0865074525745, 0.0594076064898, 1.4561679503, 0.0357600394186, 0.066690663231, 0.536207584181
0, 9.0, 27, regularization, 0.0176287262873, 0.485938936332, 0.0362776574776, -0.0669130327667, 0.687265930528, 0.0973611957096
0, 9.0, 28, regularization, -0.00244579945799, 0.2326713307, 0.0105118213346, -0.24953190441, 0.516510902238, 0.483110624246
0, 9.0, 29, regularization, 0.00567750677507, 0.387758319902, 0.0146418696483, -0.268120226657, 0.725851949075, 0.369386934896
0, 9.0, 30, regularization, -0.0600846883469, 0.360601201242, 0.166623650004, -0.0880081300813, 0.454628789569, 0.193582395353
0, 7.0, 16, no_regularization, -0.067174796748, 0.0925564715072, 0.725770933724, 0.0276053215078, 0.106461293226, 0.259299137474
0, 7.0, 17, no_regularization, -0.0670697831978, 0.160183830763, 0.418705077026, 0.0266876077852, 0.139260883479, 0.191637501633
0, 7.0, 18, no_regularization, -0.0522696476965, 0.210436017612, 0.248387363958, 0.0320460704607, 0.191982773805, 0.166921593149
0, 7.0, 19, no_regularization, -0.0672357723577, 0.0863095081468, 0.779007710754, 0.025332594235, 0.120748551629, 0.20979625754
0, 7.0, 20, no_regularization, -0.0666937669377, 0.103590490374, 0.643821326617, 0.0278208918453, 0.108763403657, 0.255792765856
0, 7.0, 16, regularization, -0.0670359078591, 0.024504753691, 2.73562871532, 0.0313932002956, 0.0160953517135, 1.95045133865
0, 7.0, 17, regularization, -0.0669783197832, 0.0789458209093, 0.848408680937, 0.0274944567627, 0.0479244878907, 0.573703715425
0, 7.0, 18, regularization, -0.0532249322493, 0.114037303734, 0.466732643673, 0.0337090416359, 0.103024631488, 0.3271940035
0, 7.0, 19, regularization, -0.0671951219512, 0.0346056660184, 1.94173757314, 0.0289664942104, 0.0417771260093, 0.693357752851
0, 7.0, 20, regularization, -0.0673780487805, 0.0221774424508, 3.03813430831, 0.0322616407982, 0.0155905469302, 2.06930782753
0, 0.5, 6, no_regularization, -0.00485772357724, 0.00777438526764, 0.624837001255, 0.00116407982262, 0.00985118595551, 0.118166465223
0, 0.5, 7, no_regularization, -0.00483062330623, 0.00777038501892, 0.62167103618, 0.00136117270264, 0.00947473429816, 0.14366341681
0, 0.5, 8, no_regularization, -0.00485433604336, 0.00777786772661, 0.624121701987, 0.00140428677014, 0.00923225817114, 0.152106531697
0, 0.5, 9, no_regularization, -0.00485772357724, 0.00777529446403, 0.624763936557, 0.00144740083764, 0.0094594545982, 0.153011024327
0, 0.5, 10, no_regularization, -0.00483401084011, 0.007781457934, 0.621221740336, 0.00127494456763, 0.0100559182996, 0.12678549384
0, 0.5, 6, regularization, -0.00485772357724, 0.00777438526764, 0.624837001255, 0.000153978812515, 0.0028269271459, 0.0544686171835
0, 0.5, 7, regularization, -0.00483062330623, 0.00777038501892, 0.62167103618, 0.00030179847253, 0.00309944174987, 0.0973718807727
0, 0.5, 8, regularization, -0.00485433604336, 0.00777786772661, 0.624121701987, 0.000468095590047, 0.00375257499962, 0.124739836004
0, 0.5, 9, regularization, -0.00486111111111, 0.00777271887077, 0.625406783898, 0.000776053215078, 0.0047956815764, 0.161823341002
0, 0.5, 10, regularization, -0.00483062330623, 0.00776947524803, 0.621743831086, 0.000394185760039, 0.00349037704381, 0.112935008193
0, 3.0, 21, no_regularization, -0.0287195121951, 0.0112630080639, 2.54989715288, 0.0152254249815, 0.0171862609631, 0.885906772521
0, 3.0, 22, no_regularization, -0.0287432249322, 0.0136901710301, 2.09955192445, 0.0152007883715, 0.0193711858177, 0.784711298243
0, 3.0, 23, no_regularization, -0.0287432249322, 0.0226116674261, 1.27116786173, 0.0156812022666, 0.0184885978961, 0.848155298455
0, 3.0, 24, no_regularization, -0.0287466124661, 0.0225354794222, 1.27561574917, 0.0155395417591, 0.0254441184733, 0.610732172757
0, 3.0, 25, no_regularization, -0.0288414634146, 0.013047039219, 2.2105753597, 0.0153732446415, 0.0192550275237, 0.798401592653
0, 3.0, 21, regularization, -0.0287669376694, 0.00909245922738, 3.1638236642, 0.0147942843065, 0.0154451984931, 0.957856534711
0, 3.0, 22, regularization, -0.0287398373984, 0.0091671082793, 3.13510395238, 0.0152007883715, 0.0152160737928, 0.998995442488
0, 3.0, 23, regularization, -0.02875, 0.00912080745683, 3.1521332005, 0.015268539049, 0.0151008531774, 1.01110439719
0, 3.0, 24, regularization, -0.0286991869919, 0.00904634682849, 3.17246149589, 0.0151268785415, 0.0153095276271, 0.988069580586
0, 3.0, 25, regularization, -0.0288380758808, 0.00916923454318, 3.14509087372, 0.0149297856615, 0.0153779994513, 0.970853569659
0, 5.0, 1, no_regularization, -0.0479640921409, 0.0538098527969, 0.891362634312, 0.0246982015275, 0.0622947706106, 0.396473111392
0, 5.0, 2, no_regularization, -0.0478963414634, 0.0617060697226, 0.776201460873, 0.0233431879773, 0.0775783894105, 0.300898074254
0, 5.0, 3, no_regularization, -0.0478861788618, 0.0537498624558, 0.890907933041, 0.0236449864499, 0.0548236139938, 0.431292005896
0, 5.0, 4, no_regularization, -0.0479031165312, 0.0470943920286, 1.01717241624, 0.0233431879773, 0.0544984585015, 0.428327490707
0, 5.0, 5, no_regularization, -0.0478319783198, 0.0511464310002, 0.935196794466, 0.0230413895048, 0.0690899695577, 0.333498330544
0, 5.0, 1, regularization, -0.0479403794038, 0.0122696727643, 3.90722558984, 0.0232200049273, 0.0113940236866, 2.03791088785
0, 5.0, 2, regularization, -0.0478048780488, 0.0123369836668, 3.87492432022, 0.0230598669623, 0.0103309363462, 2.23211780516
0, 5.0, 3, regularization, -0.0478319783198, 0.0113437800326, 4.2165819667, 0.0229859571323, 0.0119246839902, 1.92759465586
0, 5.0, 4, regularization, -0.0478895663957, 0.0121843910278, 3.93040294638, 0.0232261640798, 0.0126411611923, 1.83734419066
0, 5.0, 5, regularization, -0.047852303523, 0.0123097897414, 3.88733719491, 0.0228689332348, 0.011648114558, 1.96331630505
0, 5.0, 21, no_regularization, -0.0477676151762, 0.0507872707101, 0.940543063415, 0.0248337028825, 0.0621829437489, 0.399365185778
0, 5.0, 22, no_regularization, -0.0479166666667, 0.0443927056453, 1.07938153285, 0.0215016013797, 0.0631773898491, 0.340336969144
0, 5.0, 23, no_regularization, -0.0478658536585, 0.0602607732965, 0.794311971787, 0.02490145356, 0.055157936775, 0.451457306345
0, 5.0, 24, no_regularization, -0.0479844173442, 0.0447120446011, 1.07318772318, 0.0237065779749, 0.0609536023172, 0.38892825155
0, 5.0, 25, no_regularization, -0.0478827913279, 0.0394627711908, 1.21336616469, 0.0240268539049, 0.062461684753, 0.384665479324
0, 5.0, 21, regularization, -0.04777100271, 0.0132302295562, 3.61074632205, 0.0231276176398, 0.013686558738, 1.68980516451
0, 5.0, 22, regularization, -0.0478387533875, 0.0112077903807, 4.26834833294, 0.0233062330623, 0.0115731359979, 2.01382175639
0, 5.0, 23, regularization, -0.0478421409214, 0.0118792712046, 4.02736330348, 0.0230475486573, 0.0119329817037, 1.93141573746
0, 5.0, 24, regularization, -0.0478895663957, 0.0112787589138, 4.2459961031, 0.0233493471298, 0.0115638243743, 2.01917171812
0, 5.0, 25, regularization, -0.0479031165312, 0.0127973074986, 3.74321837123, 0.0233062330623, 0.0122785391339, 1.89812752218
0, 11.0, 1, no_regularization, 0.0204573170732, 0.503306951711, 0.0406458067063, -0.0945553091895, 0.768881044921, 0.122977812776
0, 11.0, 2, no_regularization, 0.0600948509485, 0.720424719305, 0.0834158647505, -0.0530364621828, 0.560058507377, 0.0946980743693
0, 11.0, 3, no_regularization, -0.0155962059621, 0.548950273217, 0.0284109631109, -0.138014289234, 0.751444398049, 0.183665337838
0, 11.0, 4, no_regularization, 0.0111009485095, 0.504964521578, 0.0219836207003, -0.0279810298103, 0.769002266837, 0.0363861473717
0, 11.0, 5, no_regularization, -0.0155013550136, 0.543148978097, 0.0285397849184, -0.132415619611, 0.789330040477, 0.167756974675
0, 11.0, 1, regularization, 0.0154403794038, 0.439775191177, 0.0351097099463, -0.0911431387041, 0.701884823592, 0.129854836065
0, 11.0, 2, regularization, 0.0636280487805, 0.670398390191, 0.0949108018626, -0.0574217787632, 0.514506440276, 0.111605558781
0, 11.0, 3, regularization, -0.0123441734417, 0.451466069011, 0.0273424168261, -0.147154471545, 0.712996156223, 0.206388870768
0, 11.0, 4, regularization, 0.00865176151762, 0.415283616936, 0.0208333802847, -0.0241869918699, 0.72480584501, 0.0333703046636
0, 11.0, 5, regularization, -0.0138787262873, 0.446407923904, 0.0310897848001, -0.12970559251, 0.736045331953, 0.176219570833
0, 11.0, 6, no_regularization, 0.00638550135501, 0.594065668644, 0.0107488139646, -0.0451219512195, 0.646237510169, 0.0698225505476
0, 11.0, 7, no_regularization, 0.00408197831978, 0.370613997156, 0.0110140964753, 0.00069598423257, 0.41722830743, 0.00166811364468
0, 11.0, 8, no_regularization, -0.0307960704607, 0.491729540506, 0.062628066699, -0.0492301059374, 0.769621560992, 0.0639666407916
0, 11.0, 9, no_regularization, 0.0195494579946, 0.613251488942, 0.0318783702072, -0.113802660754, 0.777781717519, 0.146316965532
0, 11.0, 10, no_regularization, 0.0225575880759, 0.567005706494, 0.0397837055563, -0.0621828036462, 0.716213950754, 0.0868215476406
0, 11.0, 6, regularization, 0.00236788617886, 0.540163786526, 0.00438364480909, -0.0401145602365, 0.583806821138, 0.0687120444367
0, 11.0, 7, regularization, 0.00140243902439, 0.270192401578, 0.00519051985253, -0.00390490268539, 0.354463089441, 0.0110163873241
0, 11.0, 8, regularization, -0.0287161246612, 0.391305069764, 0.0733855165193, -0.0528578467603, 0.735555132346, 0.0718611623193
0, 11.0, 9, regularization, 0.0203963414634, 0.534384910802, 0.0381678843305, -0.0994641537324, 0.736947872117, 0.134967692419
0, 11.0, 10, regularization, 0.0285264227642, 0.495141687279, 0.0576126460307, -0.0628356738113, 0.666860773512, 0.0942260758275
0, 0.5, 16, no_regularization, -0.00483401084011, 0.00776690956407, 0.622385364504, 0.0010347376201, 0.00906448111585, 0.114152989772
0, 0.5, 17, no_regularization, -0.00485433604336, 0.00777695883106, 0.624194643281, 0.00116407982262, 0.00982981376065, 0.118423385321
0, 0.5, 18, no_regularization, -0.00464769647696, 0.00923434456033, 0.503305507673, 0.00128726287263, 0.00930348906163, 0.13836345312
0, 0.5, 19, no_regularization, -0.00486111111111, 0.00777271887077, 0.625406783898, 0.00150899236265, 0.00988490865849, 0.152656176682
0, 0.5, 20, no_regularization, -0.00484078590786, 0.00776268188311, 0.623597099656, 0.00107785168761, 0.00952101293445, 0.113207669712
0, 0.5, 16, regularization, -0.00483062330623, 0.00776947524803, 0.621743831086, 0.000141660507514, 0.0022473944176, 0.0630332203395
0, 0.5, 17, regularization, -0.00485772357724, 0.00777438526764, 0.624837001255, 0.000117023897512, 0.00186229240217, 0.0628386269391
0, 0.5, 18, regularization, -0.00481368563686, 0.00775679393304, 0.620576707131, 0.000338753387534, 0.003221388699, 0.105157563767
0, 0.5, 19, regularization, -0.00486111111111, 0.00777180937307, 0.625479972264, 0.000683665927568, 0.00570125048177, 0.119915083499
0, 0.5, 20, regularization, -0.00483739837398, 0.0077652519243, 0.622954467047, 6.77506775068e-05, 0.00231229363656, 0.029300204972
0, 0.5, 21, no_regularization, -0.00483739837398, 0.00776434155194, 0.623027508724, 0.00151515151515, 0.0100143209462, 0.151298477779
0, 0.5, 22, no_regularization, -0.00481029810298, 0.00777391658342, 0.618774082711, 0.00127494456763, 0.00915582241039, 0.139249595556
0, 0.5, 23, no_regularization, -0.00486111111111, 0.00777180937307, 0.625479972264, 0.00169992609017, 0.00972371356385, 0.174822723747
0, 0.5, 24, no_regularization, -0.00482723577236, 0.0077720386061, 0.621102907102, 0.00154594727765, 0.0103977879526, 0.148680400553
0, 0.5, 25, no_regularization, -0.00488482384824, 0.00777919762624, 0.627934149887, 0.00135501355014, 0.00929510458602, 0.145777117148
0, 0.5, 21, regularization, -0.00483739837398, 0.00776434155194, 0.623027508724, 0.000160137965016, 0.0022304913713, 0.071794926928
0, 0.5, 22, regularization, -0.00481368563686, 0.00775679393304, 0.620576707131, 4.31140675043e-05, 0.00123169231269, 0.0350039267601
0, 0.5, 23, regularization, -0.00485772357724, 0.00777438526764, 0.624837001255, 0.000652870165065, 0.00439801044907, 0.148446706215
0, 0.5, 24, regularization, -0.00482723577236, 0.0077720386061, 0.621102907102, 0.000227888642523, 0.00263344832496, 0.0865362119937
0, 0.5, 25, regularization, -0.00488482384824, 0.00777919762624, 0.627934149887, 0.000277161862528, 0.0028992557267, 0.0955975907801
0, 0.5, 26, no_regularization, -0.00485772357724, 0.00777438526764, 0.624837001255, 0.0010470559251, 0.00975355354292, 0.107351225427
0, 0.5, 27, no_regularization, -0.00487804878049, 0.00778436286865, 0.626647146696, 0.00106553338261, 0.0104110118706, 0.102346764738
0, 0.5, 28, no_regularization, -0.00483401084011, 0.00776781963547, 0.622312446344, 0.00161985710766, 0.0102118038893, 0.158625951421
0, 0.5, 29, no_regularization, -0.00488143631436, 0.00778450609361, 0.627070780813, 0.00127494456763, 0.00979696414393, 0.130136698359
0, 0.5, 30, no_regularization, -0.00488482384824, 0.00777919762624, 0.627934149887, 0.00187238236019, 0.010399103428, 0.180052287503
0, 0.5, 26, regularization, -0.00485772357724, 0.00777438526764, 0.624837001255, 0.000227888642523, 0.00263344832496, 0.0865362119937
0, 0.5, 27, regularization, -0.00487804878049, 0.00778436286865, 0.626647146696, 0.000227888642523, 0.00394730978, 0.0577326470999
0, 0.5, 28, regularization, -0.00483401084011, 0.00776781963547, 0.622312446344, 0.000813008130081, 0.00491000494061, 0.165581937272
0, 0.5, 29, regularization, -0.00488143631436, 0.00778450609361, 0.627070780813, 0.000388026607539, 0.00344049934152, 0.112782061271
0, 0.5, 30, regularization, -0.00488482384824, 0.00777919762624, 0.627934149887, 0.000659029317566, 0.00443676958631, 0.14853809844
0, 9.0, 11, no_regularization, 0.00852303523035, 0.490307631959, 0.0173830360264, -0.100252525253, 0.834528639669, 0.120130718692
0, 9.0, 12, no_regularization, -0.0849119241192, 0.263276088982, 0.322520455418, 0.0368070953437, 0.263381785415, 0.139748066806
0, 9.0, 13, no_regularization, 0.0113990514905, 0.770270703438, 0.0147987602795, 0.00869672333087, 0.385404411922, 0.0225651888299
0, 9.0, 14, no_regularization, -0.0097798102981, 0.572862748734, 0.0170718209898, -0.0667467356492, 0.688397756185, 0.0969595485306
0, 9.0, 15, no_regularization, -0.0238177506775, 0.579867487131, 0.0410744716786, -0.0687361419069, 0.657786978913, 0.104496051321
0, 9.0, 11, regularization, 0.0130928184282, 0.411490610748, 0.0318180247282, -0.0996119733925, 0.809180714054, 0.123102258448
0, 9.0, 12, regularization, -0.0834552845528, 0.157887946952, 0.52857286553, 0.0421901946292, 0.141143514943, 0.298916989891
0, 9.0, 13, regularization, 0.00923441734417, 0.738929308113, 0.0124970240628, 0.000942350332594, 0.333773751219, 0.00282332067502
0, 9.0, 14, regularization, -0.0158401084011, 0.465460037327, 0.0340310813621, -0.0644924858339, 0.654385204373, 0.0985543154139
0, 9.0, 15, regularization, -0.0258943089431, 0.551969857233, 0.0469125416973, -0.0693274205469, 0.657996348361, 0.105361406214
0, 11.0, 26, no_regularization, -0.00168699186992, 0.326885425534, 0.00516080479013, 0.00665188470067, 0.336251462686, 0.0197824706769
0, 11.0, 27, no_regularization, -0.0149017615176, 0.543682977473, 0.0274089168414, -0.122671840355, 0.706161877802, 0.173716316628
0, 11.0, 28, no_regularization, 0.00555216802168, 0.329355002265, 0.0168577006072, -0.245109632915, 0.548741362228, 0.446676065969
0, 11.0, 29, no_regularization, -9.14634146341e-05, 0.507298970485, 0.000180294895033, -0.00260532150776, 0.682797043714, 0.00381566020496
0, 11.0, 30, no_regularization, -0.0192920054201, 0.586741321896, 0.0328799160723, -0.0731276176398, 0.828664660345, 0.0882475398545
0, 11.0, 26, regularization, -0.0034756097561, 0.261867110723, 0.0132724180081, 0.0135501355014, 0.285022740574, 0.0475405417619
0, 11.0, 27, regularization, -0.0103658536585, 0.449648341206, 0.0230532456335, -0.117528948017, 0.647965094934, 0.181381603632
0, 11.0, 28, regularization, 0.00285569105691, 0.246413514213, 0.0115890196446, -0.242251786154, 0.531569433594, 0.455729338153
0, 11.0, 29, regularization, 0.000616531165312, 0.465065582047, 0.00132568650339, -0.00474254742547, 0.669465700088, 0.00708407828042
0, 11.0, 30, regularization, -0.0257520325203, 0.534450874369, 0.0481840965285, -0.0731337767923, 0.803054207055, 0.0910695394531
0, 3.0, 16, no_regularization, -0.0286246612466, 0.0116761554692, 2.45154848462, 0.0148681941365, 0.0172587116879, 0.86148922384
0, 3.0, 17, no_regularization, -0.028777100271, 0.011440427456, 2.5153868054, 0.0152254249815, 0.0213410212559, 0.71343469457
0, 3.0, 18, no_regularization, -0.028668699187, 0.012547937682, 2.28473394701, 0.015440995319, 0.0230374241556, 0.670257022433
0, 3.0, 19, no_regularization, -0.0287127371274, 0.0115838986812, 2.47867647306, 0.0152746982015, 0.0170453514468, 0.896121047972
0, 3.0, 20, no_regularization, -0.0286924119241, 0.00954782124738, 3.00512663368, 0.0152007883715, 0.0174414378715, 0.871532982743
0, 3.0, 16, regularization, -0.0286754742547, 0.00912484173686, 3.14257223102, 0.0145355999015, 0.0152742014876, 0.951643849484
0, 3.0, 17, regularization, -0.0287737127371, 0.00921323380791, 3.12308504669, 0.015046809559, 0.0152518410035, 0.986556937981
0, 3.0, 18, regularization, -0.0286653116531, 0.00891384639699, 3.2158184443, 0.0152007883715, 0.0151606859021, 1.00264516194
0, 3.0, 19, regularization, -0.0287567750678, 0.00898053169359, 3.20212388853, 0.015083764474, 0.0151767902311, 0.993870524949
0, 3.0, 20, regularization, -0.0287161246612, 0.00920176282477, 3.12071993249, 0.0151022419315, 0.0152743208946, 0.98873410057
0, 0.5, 11, no_regularization, -0.00486111111111, 0.0099504328613, 0.488532627562, 0.00141044592264, 0.00916653981679, 0.153868957189
0, 0.5, 12, no_regularization, -0.00487804878049, 0.00779887868049, 0.625480787731, 0.00133037694013, 0.00995878974786, 0.133588214413
0, 0.5, 13, no_regularization, -0.00486111111111, 0.00778725638759, 0.624239253103, 0.00124414880512, 0.0100632649253, 0.123632719038
0, 0.5, 14, no_regularization, -0.00483739837398, 0.00777344047777, 0.622298245907, 0.00119487558512, 0.00971008582753, 0.123055100268
0, 0.5, 15, no_regularization, -0.00485772357724, 0.00778982717424, 0.623598376265, 0.00144740083764, 0.00863011866791, 0.167715056228
0, 0.5, 11, regularization, -0.00485772357724, 0.00777529446403, 0.624763936557, 0.000234047795023, 0.00262846574819, 0.0890435019685
0, 0.5, 12, regularization, -0.00487466124661, 0.00778694199092, 0.626004566657, 8.0068982508e-05, 0.00163734917551, 0.048901592712
0, 0.5, 13, regularization, -0.00485772357724, 0.00777438526764, 0.624837001255, 0.000178615422518, 0.00396166497391, 0.0450859483814
0, 0.5, 14, regularization, -0.00486111111111, 0.00777362826205, 0.625333621218, 8.0068982508e-05, 0.00231189922108, 0.0346334225031
0, 0.5, 15, regularization, -0.00485772357724, 0.00777529446403, 0.624763936557, 0.000517368810052, 0.0038929234263, 0.132899816769
0, 1.0, 21, no_regularization, -0.00959349593496, 0.00730110553473, 1.31397853234, 0.00570953436807, 0.0139231933291, 0.410073625577
0, 1.0, 22, no_regularization, -0.00957317073171, 0.0072852099175, 1.31405557837, 0.00548164572555, 0.0143238561146, 0.382693436858
0, 1.0, 23, no_regularization, -0.00961382113821, 0.00730917719322, 1.3153082603, 0.00539541759054, 0.0140655599219, 0.383590672572
0, 1.0, 24, no_regularization, -0.00956639566396, 0.0073096080603, 1.3087426282, 0.00546316826805, 0.0149837881064, 0.36460528067
0, 1.0, 25, no_regularization, -0.00966124661247, 0.00712924016987, 1.35515796667, 0.00559251047056, 0.0134273818532, 0.416500441539
0, 1.0, 21, regularization, -0.00959688346883, 0.00728743575084, 1.31690814121, 0.0060359694506, 0.0123001605075, 0.490722819992
0, 1.0, 22, regularization, -0.00956639566396, 0.00730380337355, 1.30978274944, 0.00594358216309, 0.0121994748641, 0.487199836821
0, 1.0, 23, regularization, -0.00960704607046, 0.0073055263838, 1.31503817326, 0.0059743779256, 0.0122332064749, 0.488373832148
0, 1.0, 24, regularization, -0.00957317073171, 0.00734415985751, 1.3035079461, 0.00585735402809, 0.0120932926234, 0.484347332896
0, 1.0, 25, regularization, -0.00966463414634, 0.00709929433309, 1.36135138126, 0.00619610741562, 0.0124230719246, 0.498758073142
0, 9.0, 16, no_regularization, -0.0733367208672, 0.276649588954, 0.265088848114, 0.014751170239, 0.284078575806, 0.0519263735293
0, 9.0, 17, no_regularization, -0.0182520325203, 0.617158267462, 0.0295743142118, -0.0476903178123, 0.744852264139, 0.0640265460794
0, 9.0, 18, no_regularization, -0.0587398373984, 0.20670780375, 0.284168455824, 0.0266691303277, 0.219340355862, 0.121587886656
0, 9.0, 19, no_regularization, -0.0409180216802, 0.565481711888, 0.0723595844393, -0.034817689086, 0.730655203208, 0.0476526943668
0, 9.0, 20, no_regularization, -0.0676321138211, 0.270398215562, 0.250120414739, 0.0331731953683, 0.215083922691, 0.154233728645
0, 9.0, 16, regularization, -0.0775508130081, 0.15182261264, 0.510798830687, 0.0279440748953, 0.174050972529, 0.160551098849
0, 9.0, 17, regularization, -0.0151964769648, 0.590464686384, 0.0257364704701, -0.0424365607292, 0.677196322962, 0.0626650784866
0, 9.0, 18, regularization, -0.0595731707317, 0.123570081642, 0.482100278158, 0.0363944321261, 0.116566434399, 0.312220514539
0, 9.0, 19, regularization, -0.0410196476965, 0.482961692911, 0.0849335429674, -0.0442165558019, 0.668089341652, 0.0661835970808
0, 9.0, 20, regularization, -0.0722899728997, 0.158629041734, 0.45571713798, 0.0361049519586, 0.127352175856, 0.28350479068
0, 11.0, 21, no_regularization, 0.00654810298103, 0.376305009699, 0.0174010518389, 0.0276792313378, 0.350197514282, 0.0790389143525
0, 11.0, 22, no_regularization, -0.00869241192412, 0.496383456094, 0.0175114859639, -0.0888149790589, 0.705512325293, 0.125887211144
0, 11.0, 23, no_regularization, -0.0162703252033, 0.466417640719, 0.0348835974089, -0.0255173688101, 0.648459212116, 0.0393507692285
0, 11.0, 24, no_regularization, 0.00297764227642, 0.707773960973, 0.0042070525911, -0.0211874846021, 0.690450642429, 0.0306864579452
0, 11.0, 25, no_regularization, -0.0241192411924, 0.588952668347, 0.0409527666461, -0.0431387041143, 0.682854333525, 0.0631740943806
0, 11.0, 21, regularization, 0.00208333333333, 0.273382981161, 0.00762056703196, 0.0383099285538, 0.318122178344, 0.120425205037
0, 11.0, 22, regularization, -0.0113109756098, 0.389913976245, 0.0290089001648, -0.0823601872382, 0.682870576233, 0.120608780206
0, 11.0, 23, regularization, -0.016385501355, 0.343779690982, 0.0476627962175, -0.0233247105198, 0.600681725423, 0.0388303980838
0, 11.0, 24, regularization, 0.00215785907859, 0.628970913419, 0.0034307772149, -0.00262379896526, 0.630693701012, 0.00416017943584
0, 11.0, 25, regularization, -0.0255657181572, 0.521917327794, 0.0489842294856, -0.030487804878, 0.642183801084, 0.047475200755
0, 7.0, 21, no_regularization, -0.0668631436314, 0.0806078518744, 0.829486732082, 0.0298657304755, 0.110007152627, 0.271488987418
0, 7.0, 22, no_regularization, -0.0690650406504, 0.11733045062, 0.588636967518, 0.0291389504804, 0.147866165692, 0.19706300183
0, 7.0, 23, no_regularization, -0.067120596206, 0.0878158240907, 0.764333728015, 0.0302599162355, 0.0854251998664, 0.354227046385
0, 7.0, 24, no_regularization, -0.023424796748, 0.314361756643, 0.0745154149732, -0.000566642030057, 0.251804156547, 0.00225032834178
0, 7.0, 25, no_regularization, -0.0455691056911, 0.221537933592, 0.205694370044, 0.0257637349101, 0.188402411352, 0.13674843504
0, 7.0, 21, regularization, -0.0669444444444, 0.0218458272375, 3.06440418651, 0.0315102241932, 0.0158948182397, 1.98242117136
0, 7.0, 22, regularization, -0.0672086720867, 0.046818933926, 1.43550197433, 0.0288987435329, 0.0822465659407, 0.351367175059
0, 7.0, 23, regularization, -0.0670901084011, 0.0221447954274, 3.02961066501, 0.0321138211382, 0.0151726712142, 2.1165568465
0, 7.0, 24, regularization, -0.0213109756098, 0.26338931317, 0.0809105553799, 0.00351687607785, 0.173492922925, 0.0202710059785
0, 7.0, 25, regularization, -0.0472696476965, 0.140230253384, 0.337085946547, 0.030229120473, 0.123021966397, 0.245721324073
0, 7.0, 1, no_regularization, -0.0401998644986, 0.27135976436, 0.14814231798, 0.0430093619118, 0.286455085834, 0.150143474627
0, 7.0, 2, no_regularization, -0.0493224932249, 0.214974675553, 0.229433969829, 0.0232815964523, 0.215513621154, 0.108028422183
0, 7.0, 3, no_regularization, -0.0671612466125, 0.0993868529147, 0.675755843382, 0.0331978319783, 0.09827211562, 0.337815378949
0, 7.0, 4, no_regularization, -0.0664972899729, 0.124091544079, 0.535872854726, 0.0287324464154, 0.175699319721, 0.163531916122
0, 7.0, 5, no_regularization, -0.0532960704607, 0.219328567696, 0.242996482495, 0.0222222222222, 0.199798190802, 0.111223340577
0, 7.0, 1, regularization, -0.0394478319783, 0.151157171062, 0.260972282698, 0.0384823848238, 0.167234692595, 0.230110058067
0, 7.0, 2, regularization, -0.0477676151762, 0.122629556773, 0.389527748717, 0.0283074648928, 0.11526480471, 0.245586369265
0, 7.0, 3, regularization, -0.0671646341463, 0.0227820705954, 2.94813563434, 0.0319783197832, 0.0163885990992, 1.95125401443
0, 7.0, 4, regularization, -0.0643089430894, 0.0451200490466, 1.42528530993, 0.0315410199557, 0.136483480699, 0.23109771083
0, 7.0, 5, regularization, -0.0541937669377, 0.124421045919, 0.435567524267, 0.0313008130081, 0.0901179629125, 0.347331564058
0, 9.0, 21, no_regularization, 0.0196849593496, 0.622024893617, 0.0316465780576, 0.0202820891845, 0.437864263512, 0.0463204944424
0, 9.0, 22, no_regularization, -0.0176829268293, 0.577505850282, 0.0306194765311, 0.00885070214339, 0.425881618842, 0.0207820712419
0, 9.0, 23, no_regularization, 0.00134146341463, 0.592269277565, 0.00226495525844, -0.101003941858, 0.771824517376, 0.130863868125
0, 9.0, 24, no_regularization, 0.0265819783198, 0.585914607821, 0.0453683488429, -0.00368933234787, 0.672319221145, 0.00548747117714
0, 9.0, 25, no_regularization, -0.00100609756098, 0.366514907762, 0.00274503857734, 0.0288371520079, 0.312878311968, 0.0921673088382
0, 9.0, 21, regularization, 0.0197899728997, 0.567321906067, 0.0348831460377, 0.0316272480907, 0.377325917167, 0.0838194426932
0, 9.0, 22, regularization, -0.0134993224932, 0.556668925326, 0.0242501815335, 0.0221606306972, 0.381794534917, 0.0580433418253
0, 9.0, 23, regularization, -0.00266937669377, 0.53729906446, 0.00496813947824, -0.100104705593, 0.766097297605, 0.130668396698
0, 9.0, 24, regularization, 0.026195799458, 0.552652191818, 0.0474001548276, -0.00465016013797, 0.562905786545, 0.00826099189086
0, 9.0, 25, regularization, 0.00186991869919, 0.26594321126, 0.00703127066236, 0.0323909830007, 0.22018040689, 0.147111105199
0, 0.5, 1, no_regularization, -0.00485094850949, 0.00779405487818, 0.622390858841, 0.00173688100517, 0.0102257105283, 0.169854309915
0, 0.5, 2, no_regularization, -0.00483062330623, 0.00778401882268, 0.62058217179, 0.00149667405765, 0.0104453535387, 0.14328610823
0, 0.5, 3, no_regularization, -0.00486111111111, 0.00778816408139, 0.624166499358, 0.00117023897512, 0.00898836027609, 0.130194934245
0, 0.5, 4, no_regularization, -0.00483739837398, 0.00776434155194, 0.623027508724, 0.00123183050012, 0.00973910926963, 0.126482870868
0, 0.5, 5, no_regularization, -0.00488143631436, 0.00779720867351, 0.626049207961, 0.00117639812762, 0.00893932453687, 0.131598100367
0, 0.5, 1, regularization, -0.00484756097561, 0.00778209897367, 0.622911760954, 0.000160137965016, 0.00231278656133, 0.0692402695923
0, 0.5, 2, regularization, -0.00482723577236, 0.0077720386061, 0.621102907102, 0.000542005420054, 0.00408873367555, 0.132560705358
0, 0.5, 3, regularization, -0.00485433604336, 0.00777877651596, 0.624048786259, 0.000271002710027, 0.00283875742112, 0.0954652581481
0, 0.5, 4, regularization, -0.00483739837398, 0.00776434155194, 0.623027508724, 0.000338753387534, 0.003221388699, 0.105157563767
0, 0.5, 5, regularization, -0.00487804878049, 0.00778527089981, 0.626574058021, 7.39098300074e-05, 0.00152687276659, 0.0484060175968
0, 5.0, 6, no_regularization, -0.0478590785908, 0.0444139209861, 1.07756931899, 0.0239714215324, 0.0517171166396, 0.463510402164
0, 5.0, 7, no_regularization, -0.0479166666667, 0.04630592402, 1.03478480736, 0.0243902439024, 0.0614529300058, 0.396893100136
0, 5.0, 8, no_regularization, -0.0478285907859, 0.0386463789443, 1.23759565818, 0.0233370288248, 0.0644699321766, 0.361983145273
0, 5.0, 9, no_regularization, -0.0479031165312, 0.0420978952322, 1.1378981364, 0.0229982754373, 0.0612986145211, 0.375184261781
0, 5.0, 10, no_regularization, -0.0478353658537, 0.0654193477388, 0.731211293097, 0.0243779255974, 0.0576817239571, 0.422628242103
0, 5.0, 6, regularization, -0.0478590785908, 0.0113321044338, 4.22331781979, 0.0230352303523, 0.0123035426531, 1.87224371076
0, 5.0, 7, regularization, -0.0478861788618, 0.0121055164805, 3.95573199533, 0.0231460950973, 0.0111482245012, 2.07621357955
0, 5.0, 8, regularization, -0.0478760162602, 0.0111937880945, 4.27701648952, 0.0231091401823, 0.0129997074076, 1.77766617799
0, 5.0, 9, regularization, -0.0478489159892, 0.0124675399638, 3.83787949571, 0.0228381374723, 0.0122783874985, 1.86002742421
0, 5.0, 10, regularization, -0.0477777777778, 0.0117063544096, 4.08135411813, 0.0231214584873, 0.0132026796078, 1.75127013411
0, 5.0, 11, no_regularization, -0.0478861788618, 0.0540751641612, 0.885548469516, 0.0220990391722, 0.0583839553443, 0.378512196405
0, 5.0, 12, no_regularization, -0.0478997289973, 0.0511147006897, 0.937102797257, 0.0228011825573, 0.0598318503108, 0.381087705609
0, 5.0, 13, no_regularization, -0.0480487804878, 0.0509671747817, 0.942739727945, 0.0226225671348, 0.0581673082842, 0.388922365536
0, 5.0, 14, no_regularization, -0.0478963414634, 0.0646450322962, 0.740912948174, 0.0236388272974, 0.045204102215, 0.522935444773
0, 5.0, 15, no_regularization, -0.0479132791328, 0.0568414907952, 0.84292791168, 0.0234294161123, 0.0681874504641, 0.343603052364
0, 5.0, 11, regularization, -0.0479302168022, 0.0126265910458, 3.79597443431, 0.0231214584873, 0.0114836511098, 2.01342397694
0, 5.0, 12, regularization, -0.0478658536585, 0.0113937245916, 4.20107167536, 0.0229797979798, 0.0126558810966, 1.81574066668
0, 5.0, 13, regularization, -0.0478387533875, 0.0117111459186, 4.08489089968, 0.0229551613698, 0.0120413414263, 1.90636246886
0, 5.0, 14, regularization, -0.0479369918699, 0.0207728392653, 2.30767644508, 0.0227519093373, 0.0116539652389, 1.95228910255
0, 5.0, 15, regularization, -0.0478827913279, 0.0121576575109, 3.93848825607, 0.0230475486573, 0.0133927001856, 1.72090380117
