cosine_sim, strain percent, trial, regularization, mean axial strain, axial strain std, axial strain SNRe, mean lateral strain, lateral strain std, lateral strain SNRe
0, 3.0, 21, no_regularization, -0.0287171939341, 0.0100692673554, 2.85196458892, 0.0151515445981, 0.0145510060426, 1.04127127387
0, 3.0, 22, no_regularization, -0.0287406104873, 0.0126456034116, 2.27277493622, 0.0150490421662, 0.0168351884995, 0.893903989646
0, 3.0, 23, no_regularization, -0.0287475626259, 0.0219139125418, 1.31184071174, 0.0155714263344, 0.0156406700997, 0.995572838959
0, 3.0, 24, no_regularization, -0.0287398553449, 0.021857509026, 1.31487331473, 0.015487276458, 0.0235537520782, 0.65752905977
0, 3.0, 25, no_regularization, -0.0288162620347, 0.0120047488248, 2.40040524422, 0.0153114965894, 0.0167606619195, 0.913537702921
0, 3.0, 21, regularization, -0.0287503934849, 0.00761904437172, 3.7734907532, 0.0146757014297, 0.0119447466223, 1.22863229282
0, 3.0, 22, regularization, -0.028740390451, 0.00763312387352, 3.76521997117, 0.0149973175519, 0.0117987296183, 1.27109596008
0, 3.0, 23, regularization, -0.0287501444215, 0.00759205189806, 3.78687406349, 0.0151001123103, 0.0118043375545, 1.27920031434
0, 3.0, 24, regularization, -0.0287089715299, 0.00750339673394, 3.82613002456, 0.0149925249637, 0.0119095070147, 1.25887032479
0, 3.0, 25, regularization, -0.0288127511865, 0.00760122302431, 3.79054148186, 0.0148228939757, 0.0119850261673, 1.23678444826
0, 5.0, 6, no_regularization, -0.0478664240574, 0.0442408135027, 1.08195171534, 0.0239633552992, 0.0509924521372, 0.469939261494
0, 5.0, 7, no_regularization, -0.0479150798939, 0.0461793961579, 1.03758567414, 0.0243898628806, 0.0609640207395, 0.400069788456
0, 5.0, 8, no_regularization, -0.0478323427591, 0.0384488163707, 1.24405241238, 0.0233640326669, 0.0636399963617, 0.367128127005
0, 5.0, 9, no_regularization, -0.0479067590135, 0.0418764112876, 1.14400345064, 0.0229750157796, 0.0609225114398, 0.377118658385
0, 5.0, 10, no_regularization, -0.047846797665, 0.0651992012016, 0.733855580793, 0.0244100311373, 0.0571025669972, 0.427476949302
0, 5.0, 6, regularization, -0.047866847979, 0.0105971725534, 4.51694522646, 0.0231327002271, 0.00949549528139, 2.43617626481
0, 5.0, 7, regularization, -0.047892348195, 0.0114076309853, 4.19827291546, 0.0233003129508, 0.00871179171328, 2.6745718582
0, 5.0, 8, regularization, -0.0478690385586, 0.0105073140975, 4.5557825829, 0.0231510736044, 0.0100759951197, 2.29764636934
0, 5.0, 9, regularization, -0.0478686368687, 0.0118992151734, 4.02283984038, 0.0230251230652, 0.00948265171506, 2.42813126086
0, 5.0, 10, regularization, -0.047806598128, 0.0109616600805, 4.36125530047, 0.0232211408785, 0.0104636359468, 2.21922293518
0, 1.0, 26, no_regularization, -0.00958476646236, 0.00534274864931, 1.79397667596, 0.00525244441092, 0.0114886424672, 0.457185818595
0, 1.0, 27, no_regularization, -0.00958162889612, 0.00531793506304, 1.80175740819, 0.00499451931486, 0.0117073395042, 0.42661437409
0, 1.0, 28, no_regularization, -0.0096441181826, 0.00530150151166, 1.81912957327, 0.00522313215344, 0.0107792997967, 0.484552081485
0, 1.0, 29, no_regularization, -0.00958607009033, 0.00541716059334, 1.76957465542, 0.005181528958, 0.0118400039242, 0.43762898992
0, 1.0, 30, no_regularization, -0.00951611452237, 0.00537823933209, 1.76937356908, 0.00529505436595, 0.0114989885192, 0.460480011532
0, 1.0, 26, regularization, -0.00957535907838, 0.00526843930748, 1.81749442663, 0.00547905618125, 0.00925635660294, 0.591923627868
0, 1.0, 27, regularization, -0.00958283819137, 0.00515567452874, 1.85869727384, 0.00527825704412, 0.00905029480421, 0.583213824335
0, 1.0, 28, regularization, -0.00964542146402, 0.00513846854605, 1.87710041963, 0.00560138533126, 0.00917241663146, 0.610677159174
0, 1.0, 29, regularization, -0.0095864631354, 0.00515691976187, 1.85895138534, 0.0057488196219, 0.00944636443795, 0.608574828936
0, 1.0, 30, regularization, -0.00951550098693, 0.00517605065748, 1.83837091571, 0.00554430458741, 0.0091849747081, 0.603627637921
0, 1.0, 21, no_regularization, -0.00958713601008, 0.00538438089177, 1.78054565656, 0.00538788657637, 0.0109656847795, 0.491340639888
0, 1.0, 22, no_regularization, -0.009573383723, 0.0053917807702, 1.7755513681, 0.00522769813718, 0.0113533312999, 0.460454997664
0, 1.0, 23, no_regularization, -0.00959801158156, 0.00539106018517, 1.78035697097, 0.00516549719065, 0.0111705753589, 0.462419976113
0, 1.0, 24, no_regularization, -0.00957126156514, 0.00537530246606, 1.78059962683, 0.00517877696614, 0.0120464027509, 0.429902359505
0, 1.0, 25, no_regularization, -0.00963874012372, 0.00519999275812, 1.85360645141, 0.00532291117337, 0.0106252279062, 0.500969129354
0, 1.0, 21, regularization, -0.00959068949854, 0.00518146182631, 1.85096210684, 0.00570579306427, 0.00940344155326, 0.606777107292
0, 1.0, 22, regularization, -0.00956939317728, 0.00518249872942, 1.84648249366, 0.00562253886132, 0.00917918760969, 0.612531206507
0, 1.0, 23, regularization, -0.0095950401021, 0.00521025800332, 1.84156717306, 0.00566355656922, 0.00942054032419, 0.601192328074
0, 1.0, 24, regularization, -0.00957482198139, 0.00522952602803, 1.83091582871, 0.0055348298047, 0.00909510767897, 0.60855022283
0, 1.0, 25, regularization, -0.00964297587396, 0.00504709202801, 1.91060036561, 0.00580225722554, 0.00949413454667, 0.611141246947
0, 1.0, 1, no_regularization, -0.00961645070268, 0.00529790271949, 1.81514293709, 0.00530070213895, 0.0110204574675, 0.480987486645
0, 1.0, 2, no_regularization, -0.00960679776745, 0.00530772089096, 1.80996664384, 0.005458239541, 0.0116490310656, 0.468557385611
0, 1.0, 3, no_regularization, -0.00956087210276, 0.00537288344801, 1.77946761646, 0.00533884052089, 0.0115508336787, 0.462203912671
0, 1.0, 4, no_regularization, -0.00960345884767, 0.00536789483054, 1.78905495559, 0.00524920163447, 0.0121635544173, 0.431551621704
0, 1.0, 5, no_regularization, -0.00959448479684, 0.00531591564934, 1.8048602404, 0.00526416785287, 0.0111167193467, 0.473536093581
0, 1.0, 1, regularization, -0.00960056063701, 0.00515009165885, 1.86415335357, 0.00570563696133, 0.00933411922478, 0.611266775571
0, 1.0, 2, regularization, -0.00962026367794, 0.00508826627749, 1.89067614651, 0.00575769623151, 0.0093288890484, 0.617189914215
0, 1.0, 3, regularization, -0.00952163426075, 0.00522458255672, 1.82246794981, 0.00576653746717, 0.00939856781953, 0.613554913674
0, 1.0, 4, regularization, -0.00958847759377, 0.00515540116391, 1.85988971351, 0.0056920088681, 0.00921240483291, 0.617863518955
0, 1.0, 5, regularization, -0.00961365166089, 0.00509643281981, 1.88634913886, 0.0057154427183, 0.00920350748752, 0.621007015646
0, 1.0, 11, no_regularization, -0.00957867398428, 0.0089777714847, 1.06693225603, 0.00508729921195, 0.0111517637856, 0.456187856
0, 1.0, 12, no_regularization, -0.00965824215834, 0.00525147932819, 1.83914694408, 0.0053413757728, 0.011945694082, 0.44713816846
0, 1.0, 13, no_regularization, -0.00963001732538, 0.00532155375713, 1.80962511418, 0.00520384806757, 0.0111779632623, 0.465545282755
0, 1.0, 14, no_regularization, -0.00959275687405, 0.00543718079016, 1.76428874526, 0.00528678482714, 0.0116957565945, 0.4520258937
0, 1.0, 15, no_regularization, -0.0096034343165, 0.00532921758626, 1.80203456906, 0.00521918519155, 0.0116862308122, 0.446609798781
0, 1.0, 11, regularization, -0.00961620532946, 0.00518823257542, 1.85346458349, 0.00555290163863, 0.00920804974297, 0.603048614379
0, 1.0, 12, regularization, -0.00963865202765, 0.00519826127412, 1.85420692023, 0.00579622051405, 0.00933761115962, 0.62073911785
0, 1.0, 13, regularization, -0.00961462031154, 0.00514749533866, 1.86782496709, 0.00570952801978, 0.00933482325666, 0.611637506442
0, 1.0, 14, regularization, -0.00959760230891, 0.0052657768765, 1.82263748237, 0.0056319089859, 0.00922867412899, 0.610261984244
0, 1.0, 15, regularization, -0.00956887479596, 0.00517618469703, 1.84863472926, 0.00554263241295, 0.00922922032012, 0.600552616657
0, 1.0, 16, no_regularization, -0.00961481123918, 0.0054142487062, 1.77583479462, 0.00514939786334, 0.0115875036427, 0.444392340414
0, 1.0, 17, no_regularization, -0.00964268606859, 0.00535981542953, 1.7990705455, 0.00537101209058, 0.0113454908678, 0.473404998795
0, 1.0, 18, no_regularization, -0.0096019405868, 0.00539876802734, 1.77854290797, 0.00513977344478, 0.011778020651, 0.436386859651
0, 1.0, 19, no_regularization, -0.00958268944155, 0.00544060823481, 1.7613268642, 0.005085715553, 0.0113834117168, 0.446765493466
0, 1.0, 20, no_regularization, -0.00958792008441, 0.00549433184329, 1.74505660704, 0.00527675388222, 0.0111627900311, 0.472709230178
0, 1.0, 16, regularization, -0.00960589747222, 0.00520649433679, 1.84498375507, 0.00561206427469, 0.0092139723903, 0.60908195043
0, 1.0, 17, regularization, -0.00963251600966, 0.00518232316329, 1.85872546079, 0.00578537516719, 0.00931134834362, 0.621325178018
0, 1.0, 18, regularization, -0.00958543262205, 0.00517013047943, 1.85400207213, 0.00545276336204, 0.00900600502534, 0.605458618633
0, 1.0, 19, regularization, -0.00959079675199, 0.00529982566116, 1.80964381947, 0.00547677889428, 0.00922537353926, 0.593664730319
0, 1.0, 20, regularization, -0.00957585224985, 0.00526453494095, 1.81893602327, 0.00567783190557, 0.00928466648237, 0.61152782562
0, 1.0, 6, no_regularization, -0.00965628743213, 0.00532158118761, 1.81455230912, 0.00520036703521, 0.011705641758, 0.444261591353
0, 1.0, 7, no_regularization, -0.00956918125772, 0.00523863038031, 1.82665707695, 0.00537660058173, 0.0113597308396, 0.473303519039
0, 1.0, 8, no_regularization, -0.00960690440368, 0.00533288736165, 1.80144521198, 0.00507245086179, 0.011412745043, 0.444454935485
0, 1.0, 9, no_regularization, -0.00962271133074, 0.00535446047191, 1.79713929746, 0.0052316144021, 0.0114279605553, 0.457790729744
0, 1.0, 10, no_regularization, -0.00959466863222, 0.00529020483296, 1.81366675491, 0.00521424316573, 0.0115828160741, 0.45017059171
0, 1.0, 6, regularization, -0.00966143367267, 0.00512924558553, 1.88359740464, 0.00570254750639, 0.00923520920598, 0.617478974131
0, 1.0, 7, regularization, -0.00960792333044, 0.00507245989037, 1.89413490458, 0.00551519058122, 0.0092002660343, 0.599459902644
0, 1.0, 8, regularization, -0.00958948213184, 0.0051730198359, 1.85374934488, 0.00524400766829, 0.00916926966782, 0.571911161769
0, 1.0, 9, regularization, -0.00964775583709, 0.0051497121649, 1.87345535598, 0.00546755936031, 0.00918651937315, 0.595172027426
0, 1.0, 10, regularization, -0.00959838139244, 0.00511776768868, 1.87550158122, 0.00568951636735, 0.00939769217852, 0.605416336188
0, 11.0, 6, no_regularization, 0.00637604356657, 0.594032029526, 0.0107335013091, -0.0451692540091, 0.646100856057, 0.0699105311278
0, 11.0, 7, no_regularization, 0.00407656426269, 0.370568682724, 0.0110008331862, 0.0006498338846, 0.417031731811, 0.00155823606462
0, 11.0, 8, no_regularization, -0.0307957396973, 0.491694734153, 0.0626318273479, -0.0492583010335, 0.769260869433, 0.0640332857043
0, 11.0, 9, no_regularization, 0.019554621692, 0.613237124452, 0.03188753732, -0.113863249043, 0.777686337516, 0.146412819089
0, 11.0, 10, no_regularization, 0.0225572620628, 0.566944408984, 0.0397874318986, -0.0621522187384, 0.716123952991, 0.0867897498455
0, 11.0, 6, regularization, 0.00236920033506, 0.540129895228, 0.00438635290509, -0.040116597297, 0.583802106745, 0.0687160886087
0, 11.0, 7, regularization, 0.00140472185704, 0.270193704779, 0.00519894369187, -0.00387088901518, 0.354402220903, 0.0109223046213
0, 11.0, 8, regularization, -0.0287183493958, 0.391309169344, 0.0733904330531, -0.0528174068435, 0.735556863773, 0.0718060145243
0, 11.0, 9, regularization, 0.0204040026762, 0.534512873262, 0.0381730800077, -0.0994595482085, 0.736534696551, 0.135037152593
0, 11.0, 10, regularization, 0.0285268652993, 0.495124543145, 0.0576155347058, -0.0629056680597, 0.667227802741, 0.0942791469439
0, 9.0, 21, no_regularization, 0.0196908078761, 0.621948720519, 0.0316598575195, 0.0202207463931, 0.438044711469, 0.046161375457
0, 9.0, 22, no_regularization, -0.0176758771584, 0.577455370596, 0.0306099450425, 0.00884997484369, 0.425912685366, 0.0207788477492
0, 9.0, 23, no_regularization, 0.00135536514231, 0.592185839823, 0.00228874966466, -0.100970658961, 0.771855148316, 0.130815554164
0, 9.0, 24, no_regularization, 0.0265715492554, 0.585945699921, 0.0453481427699, -0.00367344936379, 0.672046955124, 0.00546606057179
0, 9.0, 25, no_regularization, -0.00099977322313, 0.366567282943, 0.00272739349541, 0.0289002082172, 0.312765701593, 0.0924021018608
0, 9.0, 21, regularization, 0.0197992337154, 0.567386279684, 0.0348955102094, 0.0316341166635, 0.377274210407, 0.0838491362276
0, 9.0, 22, regularization, -0.0134861145323, 0.556698801257, 0.0242251546112, 0.0222030348587, 0.381876136011, 0.0581419805142
0, 9.0, 23, regularization, -0.0026559926001, 0.537274301616, 0.00494345735896, -0.100143525554, 0.766259009165, 0.130691482066
0, 9.0, 24, regularization, 0.0261778642435, 0.552567445331, 0.0473749665577, -0.00462985432341, 0.562903903567, 0.00822494620142
0, 9.0, 25, regularization, 0.00189594782995, 0.26600574222, 0.00712746955812, 0.032417552514, 0.220190056622, 0.147225324392
0, 0.5, 6, no_regularization, -0.00483631135903, 0.00555071569782, 0.871295094601, 0.00143639670173, 0.00803920452527, 0.178673984126
0, 0.5, 7, no_regularization, -0.00481387943662, 0.00552446130812, 0.871375355557, 0.00161833216889, 0.00779651691785, 0.207571173889
0, 0.5, 8, no_regularization, -0.0048314644438, 0.0055056588767, 0.877545186144, 0.0016399369142, 0.00758079766506, 0.216327751598
0, 0.5, 9, no_regularization, -0.00483644090846, 0.00549178359336, 0.880668516201, 0.00167422754035, 0.00774934777046, 0.216047542314
0, 0.5, 10, no_regularization, -0.00481614856912, 0.00549695824435, 0.876147926731, 0.00156207148919, 0.00807578315073, 0.193426626252
0, 0.5, 6, regularization, -0.00483761022726, 0.00559776420061, 0.864204002507, 0.000588962939284, 0.00213276945438, 0.276149369109
0, 0.5, 7, regularization, -0.00481483916238, 0.00556895619605, 0.864585569159, 0.000735865189251, 0.00240688784574, 0.305733061286
0, 0.5, 8, regularization, -0.0048339178029, 0.00556060964425, 0.869314357987, 0.000847876173862, 0.00287341703031, 0.295075920035
0, 0.5, 9, regularization, -0.00483893828341, 0.00555590645697, 0.870953879603, 0.00107706125927, 0.00358722206851, 0.300249395967
0, 0.5, 10, regularization, -0.00481413520907, 0.00555471373967, 0.866675662274, 0.000806475208116, 0.0026730988873, 0.301700476533
0, 9.0, 26, no_regularization, -0.0865055460712, 0.163577922001, 0.528833873258, 0.0317747634624, 0.159675315854, 0.198996089612
0, 9.0, 27, no_regularization, 0.0184455112735, 0.582385840531, 0.0316723209766, -0.0738054563889, 0.732333687082, 0.100781184439
0, 9.0, 28, no_regularization, 0.000520163994162, 0.334161370052, 0.00155662515413, -0.250043754095, 0.554902799496, 0.450608204397
0, 9.0, 29, no_regularization, 0.00364988694483, 0.480666888263, 0.00759338126663, -0.273942108604, 0.734638900684, 0.372893551307
0, 9.0, 30, no_regularization, -0.0633266632379, 0.429462509498, 0.147455626131, -0.0988575149097, 0.514070043778, 0.192303589961
0, 9.0, 26, regularization, -0.0865003021117, 0.0592649410787, 1.4595526552, 0.0358722176625, 0.0661412712998, 0.542357547074
0, 9.0, 27, regularization, 0.0176326114149, 0.485928071897, 0.0362864638507, -0.0668985482774, 0.687480068739, 0.0973098004137
0, 9.0, 28, regularization, -0.00245276171057, 0.23260540562, 0.0105447322002, -0.249510505837, 0.516527760102, 0.483053429283
0, 9.0, 29, regularization, 0.00565887955727, 0.387793850233, 0.0145924943211, -0.268153107645, 0.725709666394, 0.369504665657
0, 9.0, 30, regularization, -0.0600851521587, 0.360602656307, 0.166624263876, -0.0880817138448, 0.454837896125, 0.193655178241
0, 5.0, 21, no_regularization, -0.0477862313801, 0.050624665538, 0.943931794357, 0.0249442438627, 0.0617752781088, 0.403790069852
0, 5.0, 22, no_regularization, -0.047902056271, 0.0440902221422, 1.08645531693, 0.0215916941302, 0.0626665229338, 0.344549100849
0, 5.0, 23, no_regularization, -0.0478808106799, 0.0600590253812, 0.79722923201, 0.0249538242534, 0.0545556995108, 0.457400866951
0, 5.0, 24, no_regularization, -0.0479549963463, 0.0445123212855, 1.07734206982, 0.0237595017614, 0.0604753521553, 0.392879097262
0, 5.0, 25, no_regularization, -0.0478876878049, 0.0392834860759, 1.21902846688, 0.0240393580273, 0.0617535224851, 0.389279138419
0, 5.0, 21, regularization, -0.0477955182531, 0.0125648513226, 3.8039063914, 0.0232561962431, 0.0107914190966, 2.15506376269
0, 5.0, 22, regularization, -0.0478448716673, 0.0105035993222, 4.55509299238, 0.0234450280292, 0.0092118803495, 2.54508603452
0, 5.0, 23, regularization, -0.0478593155711, 0.0111265995781, 4.30134249327, 0.0232440263346, 0.00928909599555, 2.50229154115
0, 5.0, 24, regularization, -0.0478891682288, 0.010507423637, 4.55765084604, 0.0234191999998, 0.00913273281828, 2.56431458861
0, 5.0, 25, regularization, -0.047901007153, 0.0120196176265, 3.98523552427, 0.0233784901747, 0.00970977112058, 2.40772824451
0, 0.5, 1, no_regularization, -0.00483392639906, 0.0055441291417, 0.871900036148, 0.00192667093581, 0.00845745774171, 0.227807338168
0, 0.5, 2, no_regularization, -0.00481523603694, 0.00554063105211, 0.869077184828, 0.00174473405294, 0.00835498727847, 0.208825458949
0, 0.5, 3, no_regularization, -0.00483873543094, 0.0055248522727, 0.875812635724, 0.00148392783909, 0.00726654829187, 0.204213579748
0, 0.5, 4, no_regularization, -0.00481741292841, 0.00551724856143, 0.873154956636, 0.00150154246088, 0.0080425098702, 0.186700729637
0, 0.5, 5, no_regularization, -0.00485434979665, 0.00551415475495, 0.880343409349, 0.00144516715857, 0.00733957930116, 0.196900544196
0, 0.5, 1, regularization, -0.00483343470637, 0.00557069335373, 0.867654060178, 0.000674882525049, 0.00180760559829, 0.373357177964
0, 0.5, 2, regularization, -0.00481562358471, 0.00557603311611, 0.863628942732, 0.00094433917509, 0.00308872491003, 0.305737546268
0, 0.5, 3, regularization, -0.00483317235523, 0.00558029354854, 0.866114356385, 0.000706332038216, 0.00213610091164, 0.330664171513
0, 0.5, 4, regularization, -0.00481845110916, 0.00557504831636, 0.864288672625, 0.000741004279304, 0.00244421803618, 0.303166193987
0, 0.5, 5, regularization, -0.00485582100789, 0.00556648517116, 0.872331616556, 0.000517737162869, 0.00121296154007, 0.42683724567
0, 0.5, 16, no_regularization, -0.00481576893847, 0.00549062703586, 0.877089065969, 0.00133033360193, 0.00731394213464, 0.181890091203
0, 0.5, 17, no_regularization, -0.00483569304566, 0.00551674783844, 0.876547775478, 0.00146187564457, 0.0080224292299, 0.182223563795
0, 0.5, 18, no_regularization, -0.0046405890602, 0.00738947929423, 0.627999467272, 0.00158751096274, 0.00763384470564, 0.207956937028
0, 0.5, 19, no_regularization, -0.00483720862391, 0.0055028696077, 0.879033843931, 0.00174283628585, 0.00818532491237, 0.212922065344
0, 0.5, 20, no_regularization, -0.00482614445037, 0.00551735769212, 0.874720241042, 0.00139029086951, 0.00769717719101, 0.180623472088
0, 0.5, 16, regularization, -0.00481525543367, 0.00556248705139, 0.86566591332, 0.000570098316196, 0.00175483931889, 0.324872089461
0, 0.5, 17, regularization, -0.00483698884518, 0.0055569930617, 0.870432766692, 0.000590791273212, 0.00141832960567, 0.416540182797
0, 0.5, 18, regularization, -0.00480791512567, 0.00552658988314, 0.869960541189, 0.00078439276873, 0.00245308782031, 0.319757312493
0, 0.5, 19, regularization, -0.00483397704985, 0.00557990664639, 0.866318624341, 0.00104418168911, 0.00433109108284, 0.241089755247
0, 0.5, 20, regularization, -0.00482167807081, 0.00558693466788, 0.863027466301, 0.00054379545667, 0.00181414683676, 0.299752724339
0, 11.0, 16, no_regularization, -0.0474516996816, 0.482171161177, 0.0984125628039, -0.138981115387, 0.698571736567, 0.198950384209
0, 11.0, 17, no_regularization, 0.0105023253014, 0.528542832168, 0.019870339095, -0.0191399196464, 0.701317947338, 0.0272913586756
0, 11.0, 18, no_regularization, -0.0106261309417, 0.51988341667, 0.0204394496939, 0.00336858693183, 0.554106272348, 0.00607931564744
0, 11.0, 19, no_regularization, -0.0002191700505, 0.537572329894, 0.000407703369969, -0.126768979185, 0.916694873753, 0.138289176491
0, 11.0, 20, no_regularization, 0.0115973965932, 0.59506670854, 0.019489237806, -0.0976208002222, 0.758279116993, 0.12873992971
0, 11.0, 16, regularization, -0.0453908211604, 0.391189543185, 0.116032808011, -0.137461088517, 0.645194640953, 0.213053673717
0, 11.0, 17, regularization, 0.0127889355453, 0.435006576203, 0.0293994073766, -0.0157319040178, 0.66109082946, 0.0237968873818
0, 11.0, 18, regularization, -0.00551122736373, 0.420133709224, 0.0131177937945, 0.00305779823, 0.532260024028, 0.00574493310029
0, 11.0, 19, regularization, 3.34059758516e-05, 0.452185254887, 7.38767473962e-05, -0.121578626462, 0.880595966544, 0.138064028318
0, 11.0, 20, regularization, 0.0139937587138, 0.574064068079, 0.0243766497363, -0.0869459219314, 0.735434517829, 0.118223879657
0, 9.0, 1, no_regularization, 0.0172126322628, 0.333981695242, 0.0515376516378, -0.255336140204, 0.568879254118, 0.448840660572
0, 9.0, 2, no_regularization, -0.0501946320196, 0.383898997506, 0.130749578263, 0.0267214692314, 0.279984924607, 0.095438957183
0, 9.0, 3, no_regularization, -0.0857853269615, 0.238276656119, 0.36002405086, 0.0384255350042, 0.256127750541, 0.150024879862
0, 9.0, 4, no_regularization, 0.013624743092, 0.668114935969, 0.0203928132099, 0.0330544913749, 0.528316945605, 0.0625656467201
0, 9.0, 5, no_regularization, -0.0258809025382, 0.271888651759, 0.095189344501, 0.0257508810499, 0.308086713102, 0.0835832249647
0, 9.0, 1, regularization, 0.0169535600383, 0.257768080337, 0.0657705950873, -0.253262825836, 0.547362856925, 0.462696404464
0, 9.0, 2, regularization, -0.0454133950338, 0.249085549804, 0.182320472101, 0.0242888897054, 0.196334566559, 0.123711734164
0, 9.0, 3, regularization, -0.0802464367234, 0.122990365714, 0.65246116033, 0.0418456931291, 0.139033705907, 0.300975168978
0, 9.0, 4, regularization, 0.017224431814, 0.601078884417, 0.0286558590902, 0.0373404746709, 0.474384615303, 0.0787135026439
0, 9.0, 5, regularization, -0.0295547943324, 0.181863521212, 0.162510844041, 0.0240962510281, 0.231535496301, 0.104071519974
0, 9.0, 16, no_regularization, -0.0733380577145, 0.276740559429, 0.265006538491, 0.0147321806413, 0.284179558994, 0.0518410989637
0, 9.0, 17, no_regularization, -0.0182479169432, 0.617150918435, 0.0295679977103, -0.0477152722471, 0.744799674575, 0.0640645718251
0, 9.0, 18, no_regularization, -0.0587189027773, 0.206610127555, 0.284201473918, 0.0267402242666, 0.219207612615, 0.121985837753
0, 9.0, 19, no_regularization, -0.0409263357114, 0.565472442939, 0.0723754733276, -0.034859938125, 0.730465704642, 0.0477228950018
0, 9.0, 20, no_regularization, -0.0676369476372, 0.270440927072, 0.25009878634, 0.0331308779726, 0.214862053697, 0.154196040681
0, 9.0, 16, regularization, -0.0775354839963, 0.151565940502, 0.511562714811, 0.0279710635085, 0.174096441146, 0.160664188908
0, 9.0, 17, regularization, -0.0151748458741, 0.590596816374, 0.0256940868176, -0.042476842779, 0.677005976302, 0.0627421976554
0, 9.0, 18, regularization, -0.0595907929956, 0.123588296353, 0.482171813628, 0.0364832585102, 0.116320463553, 0.313644370009
0, 9.0, 19, regularization, -0.0410156576751, 0.482921029605, 0.0849324323453, -0.0442009642668, 0.668240395941, 0.0661453041978
0, 9.0, 20, regularization, -0.0722987919668, 0.158454402041, 0.456275061061, 0.0361606199209, 0.127042180563, 0.284634754855
0, 0.5, 21, no_regularization, -0.00481729934017, 0.00548663580918, 0.878006032787, 0.00174689218364, 0.00826089448822, 0.211465257925
0, 0.5, 22, no_regularization, -0.00480057406242, 0.00552766537619, 0.868463218322, 0.00151979534164, 0.00762009333943, 0.199445764499
0, 0.5, 23, no_regularization, -0.00483340353701, 0.00549844147188, 0.879049738318, 0.00192774911799, 0.00785959739822, 0.245273265323
0, 0.5, 24, no_regularization, -0.00480924945975, 0.00551439670908, 0.872126129741, 0.00175704212127, 0.00855105687639, 0.205476603263
0, 0.5, 25, no_regularization, -0.00485911037844, 0.00550662467286, 0.882411761673, 0.00165584133062, 0.00757674692497, 0.21854251528
0, 0.5, 21, regularization, -0.00481818488701, 0.00554671714, 0.868655236134, 0.000633109629528, 0.00173384270573, 0.365148249858
0, 0.5, 22, regularization, -0.00480358212033, 0.00556834611347, 0.862658682209, 0.000523345836028, 0.000972865209628, 0.53794280117
0, 0.5, 23, regularization, -0.00483312336268, 0.00556545932486, 0.868414102155, 0.00106423242901, 0.00328931021267, 0.323542736989
0, 0.5, 24, regularization, -0.00481459564299, 0.0055535656658, 0.866937735632, 0.000701238410206, 0.00199763418436, 0.351034446495
0, 0.5, 25, regularization, -0.00485845968854, 0.00556091697917, 0.873679593984, 0.000740250421013, 0.0021949809487, 0.337246854671
0, 7.0, 26, no_regularization, -0.0427075475332, 0.259009443, 0.164887994193, 0.0185494061066, 0.228060795825, 0.081335356388
0, 7.0, 27, no_regularization, -0.0670893293082, 0.118716989167, 0.565119868511, 0.0267857417322, 0.113426196492, 0.23615128216
0, 7.0, 28, no_regularization, -0.0469431326879, 0.267150090079, 0.175718198987, -0.0998624476459, 0.349233204946, 0.285947745608
0, 7.0, 29, no_regularization, -0.0446865049022, 0.234249303321, 0.190764729153, 0.0231218640665, 0.206818511872, 0.111797845644
0, 7.0, 30, no_regularization, -0.0670910054979, 0.103132209259, 0.650533969748, 0.0280156765802, 0.110139603455, 0.254365148423
0, 7.0, 26, regularization, -0.0525091675782, 0.179509146422, 0.292515276379, 0.0174499799994, 0.1194972048, 0.146028352953
0, 7.0, 27, regularization, -0.0670668465434, 0.0333354608597, 2.01187698666, 0.0298580941126, 0.0390002813621, 0.765586633476
0, 7.0, 28, regularization, -0.0536721008697, 0.173686287964, 0.309017490665, -0.0983015895772, 0.306361739346, 0.320867709483
0, 7.0, 29, regularization, -0.0502076306397, 0.118063776187, 0.42525855314, 0.0301321614727, 0.0859721680497, 0.350487397913
0, 7.0, 30, regularization, -0.0671241234302, 0.0227628747509, 2.94884210209, 0.0314747293646, 0.0115415349017, 2.72708349735
0, 7.0, 6, no_regularization, -0.0669277755084, 0.105423511475, 0.634846767784, 0.0306532031898, 0.10709004915, 0.286237642369
0, 7.0, 7, no_regularization, -0.0509403006309, 0.205946742804, 0.2473469594, 0.028922453326, 0.197959844455, 0.146102627054
0, 7.0, 8, no_regularization, -0.0665055944907, 0.0998167522175, 0.66627688252, 0.0267900150764, 0.107252123935, 0.249785403716
0, 7.0, 9, no_regularization, -0.0671598745175, 0.0895656320473, 0.749839787677, 0.0298942299884, 0.0989744601028, 0.302039838938
0, 7.0, 10, no_regularization, -0.0521111637547, 0.206901985561, 0.251864009973, 0.0253155260649, 0.177261342415, 0.142814703533
0, 7.0, 6, regularization, -0.067014291133, 0.0469572592771, 1.42713378431, 0.0315640859055, 0.0297589752878, 1.06065768731
0, 7.0, 7, regularization, -0.0518234405594, 0.077735590353, 0.66666298312, 0.031559596067, 0.107179796354, 0.294454711994
0, 7.0, 8, regularization, -0.0670455088062, 0.0223239215782, 3.00330336547, 0.0303534191401, 0.0206280883181, 1.47146059645
0, 7.0, 9, regularization, -0.0671077436429, 0.0235705660264, 2.84709936824, 0.0315498371233, 0.0120501737339, 2.61820599604
0, 7.0, 10, regularization, -0.0553559038939, 0.106616807334, 0.519204291311, 0.0301959362765, 0.0637928042259, 0.473343924019
0, 11.0, 11, no_regularization, 0.015108690722, 0.511292365466, 0.0295500025865, -0.0793974080162, 0.788465461877, 0.10069865055
0, 11.0, 12, no_regularization, -0.0381834661547, 0.549862114868, 0.0694418930169, -0.128488532557, 0.861171736506, 0.149201985052
0, 11.0, 13, no_regularization, 0.0128773948894, 0.524602690229, 0.0245469478697, -0.139637922042, 0.709842084051, 0.196716882783
0, 11.0, 14, no_regularization, 0.00688461139156, 0.567652520538, 0.0121282142551, -0.228661119354, 0.759626751214, 0.301017728757
0, 11.0, 15, no_regularization, -0.0347291024498, 0.530268133357, 0.0654934744616, -0.118581457602, 0.822793650148, 0.144120530805
0, 11.0, 11, regularization, 0.0166102036526, 0.438093953939, 0.0379147064305, -0.0871619173387, 0.767545985622, 0.113559212049
0, 11.0, 12, regularization, -0.0375825564757, 0.489294727387, 0.0768096494242, -0.133927842099, 0.794266252664, 0.168618321187
0, 11.0, 13, regularization, 0.00506620388267, 0.462320252396, 0.0109582131789, -0.131707537993, 0.653317973875, 0.201597909838
0, 11.0, 14, regularization, 0.0105789399968, 0.521271303015, 0.0202944991133, -0.222035236387, 0.732467941874, 0.303133043364
0, 11.0, 15, regularization, -0.0346121178513, 0.445364570387, 0.0777163702565, -0.114869087725, 0.780152453889, 0.147239282722
0, 11.0, 26, no_regularization, -0.00168113395556, 0.326836444747, 0.00514365512958, 0.00665027683714, 0.336172678711, 0.0197823239611
0, 11.0, 27, no_regularization, -0.01491616412, 0.543764362127, 0.027431301422, -0.122706147073, 0.706328769677, 0.173723841277
0, 11.0, 28, no_regularization, 0.00555202723335, 0.329392079365, 0.0168553756485, -0.245105065953, 0.548700225444, 0.446701230631
0, 11.0, 29, no_regularization, -0.000108054758325, 0.50727339019, 0.000213010893957, -0.00260504546257, 0.682825725064, 0.00381509566343
0, 11.0, 30, no_regularization, -0.019291860661, 0.586731636053, 0.0328802121372, -0.0730784427437, 0.82878485952, 0.088175407531
0, 11.0, 26, regularization, -0.00347249973062, 0.261949692085, 0.0132563611851, 0.0135137570885, 0.284966167165, 0.0474223211231
0, 11.0, 27, regularization, -0.0103894611369, 0.449579143414, 0.0231093040883, -0.117509202636, 0.648094335547, 0.181314966342
0, 11.0, 28, regularization, 0.00287139519798, 0.246510632664, 0.0116481596228, -0.242290732484, 0.5315280231, 0.455838115686
0, 11.0, 29, regularization, 0.000622977037835, 0.465199083655, 0.00133916222049, -0.0047380525139, 0.669584158355, 0.00707611202383
0, 11.0, 30, regularization, -0.0257656490311, 0.534456107787, 0.0482091020305, -0.0731733802306, 0.80324534376, 0.0910971732349
0, 7.0, 11, no_regularization, -0.0627256994291, 0.17758310945, 0.353218837216, 0.0293333018196, 0.171125975779, 0.171413496321
0, 7.0, 12, no_regularization, -0.0578883306971, 0.158153564396, 0.366026089377, 0.0216817481351, 0.160089515526, 0.135435153663
0, 7.0, 13, no_regularization, -0.067487677595, 0.0895032540849, 0.754024848426, 0.0278758878543, 0.0987728432074, 0.282222187284
0, 7.0, 14, no_regularization, -0.0499777416089, 0.1774454044, 0.281651372026, 0.0251890652047, 0.151057027517, 0.166752024839
0, 7.0, 15, no_regularization, -0.0668435781956, 0.124768207695, 0.535742072684, 0.0279570213269, 0.140561206861, 0.198895712062
0, 7.0, 11, regularization, -0.0608450637656, 0.0985314533468, 0.617519195129, 0.0326116309314, 0.0806867382631, 0.404175848887
0, 7.0, 12, regularization, -0.0597093213877, 0.0676683559572, 0.882381735792, 0.0264284949913, 0.0598992842681, 0.441215538954
0, 7.0, 13, regularization, -0.0670969591195, 0.0209743310817, 3.19900352761, 0.0311748330117, 0.0127891647921, 2.43759725661
0, 7.0, 14, regularization, -0.0549185666891, 0.0880160669033, 0.623960699692, 0.0301508362138, 0.0717103904872, 0.420452824325
0, 7.0, 15, regularization, -0.0674428021068, 0.0414324417493, 1.62777763654, 0.0282983709133, 0.0446291393645, 0.634078346934
0, 5.0, 11, no_regularization, -0.0478882377238, 0.0539515970424, 0.887614831609, 0.0221771966622, 0.0576602660773, 0.384618354561
0, 5.0, 12, no_regularization, -0.0478871086347, 0.0508683690571, 0.941392647775, 0.0228275155675, 0.059429758117, 0.384109178478
0, 5.0, 13, no_regularization, -0.0480536385975, 0.0509378915611, 0.9433770642, 0.0225904762961, 0.0573717673309, 0.393755976974
0, 5.0, 14, no_regularization, -0.0478823861356, 0.0644616709342, 0.742803986333, 0.0236532696437, 0.0447975444009, 0.528003710025
0, 5.0, 15, no_regularization, -0.0479062401881, 0.0567251308348, 0.844532916594, 0.0234733005853, 0.0677937680786, 0.346245698544
0, 5.0, 11, regularization, -0.0479204551965, 0.0120144857549, 3.9885564954, 0.0232393154328, 0.00909871679115, 2.55413108972
0, 5.0, 12, regularization, -0.0478665276288, 0.0106425126653, 4.49767166214, 0.0231053733459, 0.00997974963407, 2.31522575145
0, 5.0, 13, regularization, -0.0478580968346, 0.0111196581996, 4.303917978, 0.0230542899705, 0.00938946857419, 2.45533490935
0, 5.0, 14, regularization, -0.0479124752506, 0.0202499080816, 2.36605890049, 0.0229328041345, 0.00886571219227, 2.58668493147
0, 5.0, 15, regularization, -0.0478838341333, 0.0115125061241, 4.15928848307, 0.0231576400363, 0.0105607756621, 2.19279726956
0, 7.0, 21, no_regularization, -0.0668454422998, 0.080469523424, 0.830692657984, 0.0298142952052, 0.109557812133, 0.272132991933
0, 7.0, 22, no_regularization, -0.0690415030968, 0.117295060979, 0.588613898323, 0.0290953068857, 0.147408891461, 0.197378235447
0, 7.0, 23, no_regularization, -0.0671149705688, 0.0876956599345, 0.765316899593, 0.0303140507139, 0.0852387632888, 0.35563691382
0, 7.0, 24, no_regularization, -0.0234181044359, 0.314408049531, 0.07448315802, -0.000591627239556, 0.251863710993, 0.00234899754801
0, 7.0, 25, no_regularization, -0.0455400285526, 0.221451658093, 0.205643204231, 0.0257022883019, 0.188297178106, 0.136498531526
0, 7.0, 21, regularization, -0.0669177658023, 0.0211127765332, 3.16953886653, 0.0314994302833, 0.0127547422343, 2.46962499944
0, 7.0, 22, regularization, -0.0672049231482, 0.0466736906499, 1.43988877272, 0.0289021510715, 0.0816604545475, 0.353930813043
0, 7.0, 23, regularization, -0.0670828777736, 0.0216161431678, 3.10336942408, 0.0320897844508, 0.01186924885, 2.70360701477
0, 7.0, 24, regularization, -0.0213021673213, 0.263437489607, 0.0808623227964, 0.00359690527551, 0.173404476665, 0.0207428628412
0, 7.0, 25, regularization, -0.0472695068679, 0.139996403368, 0.337648009026, 0.0302342803332, 0.122797099435, 0.246213310186
0, 11.0, 21, no_regularization, 0.00653574399936, 0.376436920242, 0.0173621227035, 0.0277093446494, 0.350246710111, 0.0791137899356
0, 11.0, 22, no_regularization, -0.00869687112501, 0.496295644392, 0.0175235693145, -0.0888529855984, 0.705189200171, 0.125998789512
0, 11.0, 23, no_regularization, -0.0162728231349, 0.466410576121, 0.0348894814312, -0.0255072965941, 0.648389640482, 0.0393394573287
0, 11.0, 24, no_regularization, 0.00298620822404, 0.707625656028, 0.0042200395062, -0.0211534367653, 0.69048867873, 0.0306354577807
0, 11.0, 25, no_regularization, -0.0240987665136, 0.588973821101, 0.0409165325354, -0.0431150974012, 0.682914500919, 0.0631339609032
0, 11.0, 21, regularization, 0.00211882266182, 0.273422511222, 0.00774926194755, 0.038323690065, 0.317880921911, 0.120559893417
0, 11.0, 22, regularization, -0.0113034067495, 0.389720752741, 0.0290038615342, -0.0822720362921, 0.683010372161, 0.120455032084
0, 11.0, 23, regularization, -0.0163974643601, 0.343738639516, 0.047703291033, -0.0234065716674, 0.600897305461, 0.0389526986635
0, 11.0, 24, regularization, 0.00212940202401, 0.628968949055, 0.00338554395603, -0.00261828891844, 0.630888849393, 0.00415015881317
0, 11.0, 25, regularization, -0.025559600626, 0.521967632514, 0.048967788487, -0.0304961359474, 0.642145842385, 0.0474909809183
0, 0.5, 26, no_regularization, -0.00483717800345, 0.0054850311138, 0.881887067381, 0.00139681060563, 0.00799560006681, 0.174697407819
0, 0.5, 27, no_regularization, -0.00485022057314, 0.00549853714753, 0.882092899075, 0.00134118063991, 0.00847689297747, 0.158216063772
0, 0.5, 28, no_regularization, -0.00482234076078, 0.00551265611749, 0.874776270821, 0.0018139425501, 0.00833256653407, 0.217693137245
0, 0.5, 29, no_regularization, -0.00485080771322, 0.00550018763495, 0.881934951164, 0.00159117322854, 0.00808537941008, 0.196796358938
0, 0.5, 30, no_regularization, -0.00485682021567, 0.00550907583462, 0.881603441571, 0.00205638137375, 0.00838257131827, 0.24531629922
0, 0.5, 26, regularization, -0.00483797625096, 0.00553970153782, 0.873327961432, 0.00067380622651, 0.00206663116499, 0.326040871697
0, 0.5, 27, regularization, -0.00485196447616, 0.00556621884993, 0.871680508253, 0.000631316593861, 0.00303259316685, 0.208177147123
0, 0.5, 28, regularization, -0.00482248825927, 0.00557538675425, 0.864960310706, 0.00115066583977, 0.00367685684398, 0.312948229587
0, 0.5, 29, regularization, -0.0048501616083, 0.00556852277678, 0.870996097658, 0.000829725948501, 0.00263522054876, 0.314860154264
0, 0.5, 30, regularization, -0.00485740598568, 0.00556648741609, 0.872616000467, 0.00104886633874, 0.00334551328903, 0.313514324447
0, 3.0, 11, no_regularization, -0.0287400911197, 0.0148915828753, 1.92995542249, 0.015419260797, 0.0137704049938, 1.11973909293
0, 3.0, 12, no_regularization, -0.0286692276694, 0.0117730380215, 2.4351596943, 0.0151029596811, 0.0199529329379, 0.756929305991
0, 3.0, 13, no_regularization, -0.028708784447, 0.00801362618716, 3.58249608561, 0.0150712243416, 0.0140891327763, 1.06970560792
0, 3.0, 14, no_regularization, -0.028711866015, 0.0121932895648, 2.35472682433, 0.0145887790077, 0.0168115810305, 0.86778150022
0, 3.0, 15, no_regularization, -0.0287761487999, 0.0128441233907, 2.24041360586, 0.0152145374811, 0.0166213109259, 0.915363267613
0, 3.0, 11, regularization, -0.0287289266692, 0.00778404158701, 3.69074681168, 0.0146306883806, 0.0117893070027, 1.24101343508
0, 3.0, 12, regularization, -0.028687624522, 0.00764484938644, 3.75254279998, 0.0149737761349, 0.0118204640124, 1.26676720298
0, 3.0, 13, regularization, -0.0287430079702, 0.00762905876003, 3.76756935217, 0.014535686848, 0.0119312680715, 1.21828516138
0, 3.0, 14, regularization, -0.0286976242845, 0.00758130852936, 3.7853128089, 0.0145700347932, 0.0120056579729, 1.21359735768
0, 3.0, 15, regularization, -0.0287722400075, 0.00763509460898, 3.76841957841, 0.0151079615844, 0.0117295648073, 1.28802405141
0, 3.0, 1, no_regularization, -0.0287309417849, 0.0287510247569, 0.999301486742, 0.0154383944087, 0.0296049528118, 0.521480122157
0, 3.0, 2, no_regularization, -0.0287270354979, 0.00799111254952, 3.59487309432, 0.0147570300771, 0.019367916815, 0.761931715119
0, 3.0, 3, no_regularization, -0.0286996200727, 0.010506632798, 2.73157162952, 0.0152037663697, 0.0199230657364, 0.763123837006
0, 3.0, 4, no_regularization, -0.0287248344804, 0.00797150682599, 3.60343848502, 0.0153328748814, 0.0198551550452, 0.772236471912
0, 3.0, 5, no_regularization, -0.028709019852, 0.00780219040468, 3.67961025852, 0.0148601327136, 0.0201474897429, 0.737567453972
0, 3.0, 1, regularization, -0.0287082457423, 0.00760874796801, 3.77305778335, 0.0152142776122, 0.0118871680772, 1.27989084645
0, 3.0, 2, regularization, -0.0287281555961, 0.00765960561161, 3.75060506413, 0.01491105561, 0.0117140519952, 1.27292038793
0, 3.0, 3, regularization, -0.0287097607163, 0.00749733404295, 3.82932927249, 0.0150432029815, 0.0119590598246, 1.25789177428
0, 3.0, 4, regularization, -0.0287131273231, 0.00757053293381, 3.79274848603, 0.0149342386234, 0.0118550379873, 1.25973772833
0, 3.0, 5, regularization, -0.0287362533776, 0.0076343269474, 3.76408471574, 0.0149446617741, 0.0119236657034, 1.2533613526
0, 0.5, 11, no_regularization, -0.0048443565661, 0.00836073177909, 0.57941777037, 0.00166142142426, 0.00754924262323, 0.220077894854
0, 0.5, 12, no_regularization, -0.00485543137264, 0.00553831179845, 0.87669881172, 0.00160997134836, 0.00816452959452, 0.197190950161
0, 0.5, 13, no_regularization, -0.00483587223868, 0.00555662224093, 0.870289904371, 0.00153685758219, 0.00825160576572, 0.186249516254
0, 0.5, 14, no_regularization, -0.00481600305297, 0.00552007652605, 0.872452226024, 0.00145622486296, 0.00779801548899, 0.186743007245
0, 0.5, 15, no_regularization, -0.00483707559606, 0.0055203263391, 0.876230008686, 0.00168458843345, 0.0070287086002, 0.239672538622
0, 0.5, 11, regularization, -0.00484072553011, 0.00554917468775, 0.872332518346, 0.000692089563237, 0.00194794393731, 0.355292341828
0, 0.5, 12, regularization, -0.00485209827352, 0.00559420840448, 0.867343138242, 0.000599988587007, 0.00128747406936, 0.466019938797
0, 0.5, 13, regularization, -0.00483759478264, 0.00559152736695, 0.86516518031, 0.000639497515516, 0.00298837656345, 0.213994957442
0, 0.5, 14, regularization, -0.00483165715009, 0.00556810918368, 0.867737501314, 0.000540907447876, 0.00182047030724, 0.297125114167
0, 0.5, 15, regularization, -0.00483720378931, 0.00558503012897, 0.866101646296, 0.000884349619331, 0.00293847745615, 0.300955046458
0, 7.0, 16, no_regularization, -0.0671635553394, 0.0924123176384, 0.726781418925, 0.0276298939911, 0.106084097994, 0.260452739984
0, 7.0, 17, no_regularization, -0.0670752427614, 0.16001821692, 0.419172542056, 0.0266936186064, 0.139228077763, 0.191725828836
0, 7.0, 18, no_regularization, -0.0522500014865, 0.210335871705, 0.248412223093, 0.0320840435391, 0.191578825164, 0.167471762663
0, 7.0, 19, no_regularization, -0.0672242070058, 0.0862150826973, 0.779726758969, 0.0252473733586, 0.120450264746, 0.20960828448
0, 7.0, 20, no_regularization, -0.0666761038966, 0.103399128242, 0.644842031361, 0.0278125945649, 0.10871710025, 0.255825389943
0, 7.0, 16, regularization, -0.0670335346281, 0.0238224099381, 2.81388553056, 0.0314589727048, 0.0128688026931, 2.44459204598
0, 7.0, 17, regularization, -0.0669839683813, 0.078731344598, 0.850791622109, 0.0275164163164, 0.047024817099, 0.58514669517
0, 7.0, 18, regularization, -0.0532175564795, 0.113859549749, 0.467396512604, 0.0337155769462, 0.102758663149, 0.328104472295
0, 7.0, 19, regularization, -0.0671524843951, 0.034250113211, 1.9606499979, 0.0290127417121, 0.040846176472, 0.710292718145
0, 7.0, 20, regularization, -0.0673486117795, 0.0215517391862, 3.12497340458, 0.0322289571869, 0.0125040019508, 2.57749137546
0, 9.0, 6, no_regularization, -0.0618990796159, 0.290001249444, 0.213444182515, 0.0220271125038, 0.290452761071, 0.0758371599655
0, 9.0, 7, no_regularization, 0.000467634754527, 0.646695686348, 0.0007231140773, -0.0737844066445, 0.637787550726, 0.115688063463
0, 9.0, 8, no_regularization, -0.0322137265197, 0.503842173046, 0.063936145569, 0.0371533315211, 0.634433935163, 0.0585613875014
0, 9.0, 9, no_regularization, -0.0345690721428, 0.269157253229, 0.128434481063, 0.025425380329, 0.269385742861, 0.0943827986549
0, 9.0, 10, no_regularization, 0.0157285735454, 0.522568248612, 0.0300986016413, -0.0348534774798, 0.829570754998, 0.0420138695461
0, 9.0, 6, regularization, -0.0617965948373, 0.173335209317, 0.356514957813, 0.0294744939481, 0.207818094522, 0.141828333167
0, 9.0, 7, regularization, -0.00185707592786, 0.554389706136, 0.00334976625162, -0.0769908295069, 0.621269372004, 0.123925036347
0, 9.0, 8, regularization, -0.0310777743497, 0.427294000842, 0.0727315953148, 0.0408733657314, 0.576403553506, 0.0709110231587
0, 9.0, 9, regularization, -0.036893027007, 0.187826608065, 0.196420663649, 0.0256483117744, 0.191341252732, 0.134044861775
0, 9.0, 10, regularization, 0.0146792194218, 0.448993093444, 0.0326936419203, -0.0448841243856, 0.767268037077, 0.0584986239706
0, 3.0, 26, no_regularization, -0.0287020193942, 0.0125542243329, 2.28624394731, 0.0156136423575, 0.0142842963833, 1.09306345504
0, 3.0, 27, no_regularization, -0.0286898341556, 0.00776217233902, 3.69610888583, 0.0149221159254, 0.0144902230323, 1.02980581404
0, 3.0, 28, no_regularization, -0.0287869764325, 0.0084892229052, 3.3910025398, 0.0155850249794, 0.0192499038154, 0.809615732569
0, 3.0, 29, no_regularization, -0.0287432582104, 0.0124973987968, 2.29993926558, 0.0150591203828, 0.0216724455021, 0.694850997838
0, 3.0, 30, no_regularization, -0.0287553092823, 0.0180177424619, 1.59594407252, 0.0151578576629, 0.0167983191607, 0.902343711768
0, 3.0, 26, regularization, -0.0287045625533, 0.00767460400651, 3.74020112686, 0.0150129263898, 0.0118703583507, 1.2647407893
0, 3.0, 27, regularization, -0.0287073741511, 0.0075035918343, 3.82581765974, 0.014721767149, 0.0117774968322, 1.24999117883
0, 3.0, 28, regularization, -0.0287501117743, 0.00771657027279, 3.72576296955, 0.0152200672507, 0.0118298185784, 1.28658500972
0, 3.0, 29, regularization, -0.0287629050131, 0.0074998653253, 3.83512286761, 0.0148496759358, 0.0118815258343, 1.24981219945
0, 3.0, 30, regularization, -0.0287721350125, 0.00760746730429, 3.78209118247, 0.0149299912117, 0.0117172779703, 1.27418597131
0, 3.0, 6, no_regularization, -0.0286416710843, 0.0149102596284, 1.92093711298, 0.0148901752673, 0.0231312235904, 0.643726226118
0, 3.0, 7, no_regularization, -0.0287053523343, 0.0103303436345, 2.77874128392, 0.015574585929, 0.014935966487, 1.04275715552
0, 3.0, 8, no_regularization, -0.0287273587266, 0.0118811041072, 2.41790312309, 0.0148605380449, 0.0197309184979, 0.753159973089
0, 3.0, 9, no_regularization, -0.0287503819685, 0.0205244213038, 1.40078892081, 0.014952456555, 0.0231072649704, 0.647088981504
0, 3.0, 10, no_regularization, -0.02872546176, 0.0221537548872, 1.2966407684, 0.0156139947029, 0.0201243831122, 0.7758744512
0, 3.0, 6, regularization, -0.0286567056858, 0.00760469511005, 3.76829120314, 0.0148802009165, 0.0117431690016, 1.26713674261
0, 3.0, 7, regularization, -0.0286843044198, 0.00764493598501, 3.75206600501, 0.0149363989559, 0.0121071617807, 1.23368294126
0, 3.0, 8, regularization, -0.0287161765157, 0.00759652841626, 3.78017101262, 0.0146337431842, 0.0119949941838, 1.21998751813
0, 3.0, 9, regularization, -0.0287910578008, 0.00761966564181, 3.77851983988, 0.014573963456, 0.011907100308, 1.22397251044
0, 3.0, 10, regularization, -0.0287728057575, 0.00777591039371, 3.70024914135, 0.0151144657849, 0.0118567628532, 1.27475483588
0, 5.0, 16, no_regularization, -0.0478770726676, 0.0547095892023, 0.875112998758, 0.0247533800315, 0.0625037027832, 0.396030617856
0, 5.0, 17, no_regularization, -0.04786332919, 0.0510198325516, 0.938131836116, 0.0242412851591, 0.053200801907, 0.455656386561
0, 5.0, 18, no_regularization, -0.0478897129912, 0.0560904968524, 0.853793702653, 0.0241118037112, 0.067564890803, 0.356868832682
0, 5.0, 19, no_regularization, -0.0479221465566, 0.0409879183883, 1.16917736838, 0.0233392403285, 0.0607297177847, 0.384313334227
0, 5.0, 20, no_regularization, -0.0479272412428, 0.0449539274588, 1.06614135743, 0.0235473420585, 0.0664566016034, 0.35432660549
0, 5.0, 16, regularization, -0.0478365813084, 0.0108107181704, 4.42492168923, 0.0230479087044, 0.00868244185299, 2.65454224683
0, 5.0, 17, regularization, -0.0478566777154, 0.0104808467656, 4.56610794775, 0.0233211753208, 0.00852909230391, 2.73430917263
0, 5.0, 18, regularization, -0.0479113526207, 0.0111939748305, 4.28010187142, 0.0231407930455, 0.0101040141287, 2.29025739183
0, 5.0, 19, regularization, -0.0478712633874, 0.0110352440404, 4.33803395847, 0.0230393477994, 0.0100185829305, 2.29966133527
0, 5.0, 20, regularization, -0.0479209547016, 0.0108727230561, 4.40744737582, 0.0229663449114, 0.00932616095752, 2.46257222195
0, 7.0, 1, no_regularization, -0.0401928552394, 0.27143342726, 0.148076291285, 0.0429765490962, 0.286171246923, 0.150177732942
0, 7.0, 2, no_regularization, -0.0493162836877, 0.214801429296, 0.229590109569, 0.0232283327678, 0.215192296305, 0.107942213391
0, 7.0, 3, no_regularization, -0.0671419275929, 0.0992486814396, 0.676501960721, 0.0331715681815, 0.0977966080738, 0.339189352625
0, 7.0, 4, no_regularization, -0.0664836477614, 0.123884429304, 0.536658627197, 0.0287661508685, 0.175444139054, 0.163961879967
0, 7.0, 5, no_regularization, -0.053286647238, 0.219351380072, 0.242928251559, 0.0222094939152, 0.199938318089, 0.111081728242
0, 7.0, 1, regularization, -0.0394260925694, 0.151050218997, 0.261013144048, 0.0384205351699, 0.167283183513, 0.229673625066
0, 7.0, 2, regularization, -0.0477670554695, 0.122564106456, 0.389731193336, 0.028242316602, 0.115313185157, 0.24491836353
0, 7.0, 3, regularization, -0.0671456906261, 0.0221380465322, 3.03304496756, 0.0319858100293, 0.0133138505198, 2.40244623309
0, 7.0, 4, regularization, -0.0643018144656, 0.0449202595473, 1.43146578211, 0.0315674125022, 0.136165605039, 0.231831030261
0, 7.0, 5, regularization, -0.0541925858881, 0.124327278743, 0.435886528169, 0.0313371581451, 0.0895705781323, 0.349859951767
0, 5.0, 26, no_regularization, -0.0478701490895, 0.0463816661994, 1.03209205301, 0.0234722762695, 0.0626600752656, 0.374597000882
0, 5.0, 27, no_regularization, -0.0478713592439, 0.0498494733079, 0.960318255485, 0.023506700071, 0.0458678066823, 0.512487990408
0, 5.0, 28, no_regularization, -0.0479200706192, 0.0563870979625, 0.849841051423, 0.0240165471844, 0.0474148137275, 0.506519910053
0, 5.0, 29, no_regularization, -0.0478857714913, 0.0451922696399, 1.05960094222, 0.0234971357514, 0.0669577502437, 0.350924809539
0, 5.0, 30, no_regularization, -0.0478846168649, 0.0354839873458, 1.34947114027, 0.0229168174135, 0.0517983845017, 0.442423400537
0, 5.0, 26, regularization, -0.0478925975308, 0.0108928040801, 4.39671889613, 0.023219947731, 0.0101915876425, 2.27834450778
0, 5.0, 27, regularization, -0.0478944795315, 0.0100847798761, 4.74918442642, 0.0231091724308, 0.00845602236838, 2.73286557487
0, 5.0, 28, regularization, -0.04789170458, 0.0101056808859, 4.7390873629, 0.0234946616424, 0.00961663026376, 2.44312830981
0, 5.0, 29, regularization, -0.047860511819, 0.0119811991276, 3.99463453611, 0.0230299488484, 0.00892378246982, 2.58073848464
0, 5.0, 30, regularization, -0.047848018333, 0.0101283801955, 4.7241530639, 0.0233013584228, 0.00881660918967, 2.64289342098
0, 3.0, 16, no_regularization, -0.0286523311898, 0.0103687875446, 2.76332513, 0.0147828217502, 0.0143098034298, 1.03305554284
0, 3.0, 17, no_regularization, -0.0287688539171, 0.0101174859747, 2.84347850731, 0.0150561312481, 0.0190406374849, 0.790736720873
0, 3.0, 18, no_regularization, -0.0286916231621, 0.0114056629575, 2.51555944351, 0.0153908659697, 0.020857954881, 0.737889503426
0, 3.0, 19, no_regularization, -0.0287223317297, 0.0103546678469, 2.77385350783, 0.0152482532477, 0.0143435458434, 1.06307418083
0, 3.0, 20, no_regularization, -0.0287066284507, 0.00795437327295, 3.60891140831, 0.0151420422465, 0.0146847720105, 1.03113907629
0, 3.0, 16, regularization, -0.0286907909134, 0.00758059941015, 3.78476547316, 0.0143818908399, 0.0118129314238, 1.21747010322
0, 3.0, 17, regularization, -0.0287644125284, 0.0076616591212, 3.75433206743, 0.0148872648432, 0.0118181805469, 1.25969177608
0, 3.0, 18, regularization, -0.028689262141, 0.00743428851074, 3.85904610771, 0.0150426344409, 0.0118155412963, 1.2731227511
0, 3.0, 19, regularization, -0.0287564060747, 0.0074847798582, 3.8419842159, 0.014932551839, 0.0118373374741, 1.26147893238
0, 3.0, 20, regularization, -0.0287273139925, 0.00767395465022, 3.74348237667, 0.014910881109, 0.0118448009104, 1.25885451532
0, 9.0, 11, no_regularization, 0.00853247044361, 0.49033256417, 0.0174013946189, -0.100268784673, 0.834710105744, 0.120124081382
0, 9.0, 12, no_regularization, -0.0849027385807, 0.263400151588, 0.322333673952, 0.0368063795894, 0.26331820859, 0.139779090047
0, 9.0, 13, no_regularization, 0.0114093491667, 0.770333048249, 0.0148109304056, 0.00868506347015, 0.385517642744, 0.022528316495
0, 9.0, 14, no_regularization, -0.00978838569507, 0.572833562539, 0.0170876609458, -0.0667457230166, 0.688282495339, 0.0969743142803
0, 9.0, 15, no_regularization, -0.0238054367145, 0.57967656321, 0.0410667572666, -0.0686621093574, 0.657857939657, 0.104372243942
0, 9.0, 11, regularization, 0.0130848015622, 0.411463101475, 0.0318006681895, -0.0995426508868, 0.809369259451, 0.122987931311
0, 9.0, 12, regularization, -0.0834448214733, 0.157694092649, 0.529156292868, 0.042199356154, 0.140715885504, 0.299890492127
0, 9.0, 13, regularization, 0.00922564027673, 0.739016978706, 0.0124836648447, 0.000922518745627, 0.333773863872, 0.00276390348521
0, 9.0, 14, regularization, -0.0158200160948, 0.46536229854, 0.0339950531972, -0.0644488439834, 0.654488795374, 0.0984720356391
0, 9.0, 15, regularization, -0.0258938762328, 0.551844717503, 0.0469223957602, -0.0693059430451, 0.658121401809, 0.105308751325
0, 5.0, 1, no_regularization, -0.0479494736434, 0.0537485208952, 0.892107779802, 0.0246464954663, 0.0617909436367, 0.398869057758
0, 5.0, 2, no_regularization, -0.0479014542651, 0.0616199459675, 0.777369300038, 0.0234283333274, 0.0770576810834, 0.304036314071
0, 5.0, 3, no_regularization, -0.0478933250509, 0.0535808199363, 0.893852037126, 0.0237853406856, 0.0541070134408, 0.43959810703
0, 5.0, 4, no_regularization, -0.047895086705, 0.0467845394179, 1.02373748467, 0.0234113116164, 0.0539627118506, 0.433842385113
0, 5.0, 5, no_regularization, -0.047855622563, 0.0510752386218, 0.936963269371, 0.0230822294732, 0.0684612101636, 0.337157777638
0, 5.0, 1, regularization, -0.0479300706287, 0.0115810107554, 4.13867767167, 0.0233750637371, 0.00891809827899, 2.62108164834
0, 5.0, 2, regularization, -0.0478321530152, 0.011576703828, 4.13175924043, 0.0232120815078, 0.00806033275196, 2.87979196668
0, 5.0, 3, regularization, -0.0478500068261, 0.0106042149676, 4.51235730059, 0.0230679204699, 0.00923634425798, 2.49751631442
0, 5.0, 4, regularization, -0.0478955553824, 0.0114436908221, 4.18532413424, 0.0233224707564, 0.0100374138899, 2.3235537572
0, 5.0, 5, regularization, -0.0478742319889, 0.0116363104832, 4.11421060463, 0.0229936042174, 0.00894845573861, 2.56956114989
0, 11.0, 1, no_regularization, 0.0204664489677, 0.503397181227, 0.0406566618387, -0.0945430608451, 0.768744239111, 0.122983764996
0, 11.0, 2, no_regularization, 0.0600933252944, 0.720450859417, 0.0834107205355, -0.0530317991209, 0.560047335203, 0.0946916372733
0, 11.0, 3, no_regularization, -0.0155891846145, 0.548970016037, 0.0283971513181, -0.13798096842, 0.751710702061, 0.183555945182
0, 11.0, 4, no_regularization, 0.0111029238661, 0.504969771606, 0.0219873039743, -0.0279927906559, 0.769152350128, 0.0363943380674
0, 11.0, 5, no_regularization, -0.015512016213, 0.543279181233, 0.0285525688245, -0.132374145697, 0.789130572168, 0.167746822093
0, 11.0, 1, regularization, 0.0154261569759, 0.43985062496, 0.0350713540019, -0.0910955104422, 0.701704047879, 0.129820414629
0, 11.0, 2, regularization, 0.0636367606016, 0.670362819946, 0.0949288336229, -0.0573533110139, 0.514490591889, 0.111475917963
0, 11.0, 3, regularization, -0.0123208815893, 0.451413853517, 0.0272939819931, -0.147165694631, 0.713008666672, 0.206400989932
0, 11.0, 4, regularization, 0.00866014352009, 0.415265883096, 0.020854454634, -0.0241728770344, 0.724724854248, 0.0333545577922
0, 11.0, 5, regularization, -0.0139118195927, 0.446443202916, 0.0311614545855, -0.129663991482, 0.735774454379, 0.176227906134
