gradientDescent_sim, strain percent, trial, regularization, mean axial strain, axial strain std, axial strain SNRe, mean lateral strain, lateral strain std, lateral strain SNRe
0, 7.0, 26, no_regularization, -0.0427144624222, 0.259407279586, 0.16466177237, 0.0182084925263, 0.228027627643, 0.0798521333338
0, 7.0, 27, no_regularization, -0.0670776903795, 0.118578786532, 0.565680357689, 0.0268029164752, 0.114419648551, 0.234250994602
0, 7.0, 28, no_regularization, -0.0470434970273, 0.267146049424, 0.17609654767, -0.0998838611349, 0.350806662977, 0.284726237202
0, 7.0, 29, no_regularization, -0.0447223030473, 0.234484120751, 0.190726360932, 0.0226614332892, 0.20810574286, 0.10889383915
0, 7.0, 30, no_regularization, -0.067054604714, 0.102861229748, 0.651893865922, 0.0278628587339, 0.110699145735, 0.251698949877
0, 7.0, 26, regularization, -0.052531082088, 0.179451685034, 0.292731060608, 0.0174522354016, 0.119017769685, 0.146635543984
0, 7.0, 27, regularization, -0.0670506454281, 0.032939687741, 2.03555801607, 0.029899483593, 0.0386617907726, 0.773360027963
0, 7.0, 28, regularization, -0.0537416651538, 0.173721111434, 0.30935598276, -0.0983327629171, 0.306773250073, 0.320538909092
0, 7.0, 29, regularization, -0.050185780556, 0.118064574978, 0.425070607041, 0.0299435116835, 0.0854158727845, 0.350561443762
0, 7.0, 30, regularization, -0.0670545484249, 0.0221279354245, 3.03031200781, 0.0315517162842, 0.00757577907289, 4.16481473135
0, 5.0, 11, no_regularization, -0.0478929447595, 0.0538682073356, 0.88907626833, 0.0223394755102, 0.0575245377107, 0.38834689333
0, 5.0, 12, no_regularization, -0.0478636416796, 0.0505922427204, 0.946066809968, 0.0229848719524, 0.0589705897041, 0.389768392477
0, 5.0, 13, no_regularization, -0.0480741487255, 0.0512084880622, 0.938792581945, 0.0225116931831, 0.0561548386325, 0.400886080902
0, 5.0, 14, no_regularization, -0.0478527969225, 0.0641977248919, 0.745397083824, 0.0237295955262, 0.0438886250669, 0.54067757853
0, 5.0, 15, no_regularization, -0.0478900736024, 0.0568784923206, 0.841971572179, 0.0235242296285, 0.068005632628, 0.34591590019
0, 5.0, 11, regularization, -0.0478970102505, 0.0114072267255, 4.19883039088, 0.0234980869292, 0.00553980586612, 4.24168057456
0, 5.0, 12, regularization, -0.0478681670329, 0.0098616638374, 4.85396458672, 0.0234013643583, 0.00589440256885, 3.9700994435
0, 5.0, 13, regularization, -0.0479021659771, 0.0106273191842, 4.50745528075, 0.023274058674, 0.00557777622604, 4.17264116214
0, 5.0, 14, regularization, -0.0478571594866, 0.0197115823506, 2.42787000228, 0.0233473097578, 0.00459841533103, 5.07725120005
0, 5.0, 15, regularization, -0.047887889555, 0.0108954606564, 4.39521476559, 0.0233986288076, 0.00604172073068, 3.87284183606
0, 0.5, 26, no_regularization, -0.00479515121336, 0.00154928956709, 3.0950645478, 0.00227705282672, 0.00482005198543, 0.472412503765
0, 0.5, 27, no_regularization, -0.00478985581452, 0.0014716098375, 3.2548408501, 0.00215411474736, 0.00495456907219, 0.43477338109
0, 0.5, 28, no_regularization, -0.00479514985256, 0.00146716428732, 3.26831145905, 0.00243383933103, 0.00487209226283, 0.499547052833
0, 0.5, 29, no_regularization, -0.00478171740304, 0.00148103973483, 3.22862195429, 0.00236575703814, 0.00483814741763, 0.48897994086
0, 0.5, 30, no_regularization, -0.00479364747355, 0.0015323446989, 3.12830884394, 0.00244347104113, 0.00504500128752, 0.484335067897
0, 0.5, 26, regularization, -0.00479466363056, 0.00158023783821, 3.0341405038, 0.00169829848372, 0.00159671800181, 1.06361829816
0, 0.5, 27, regularization, -0.00479390349284, 0.00152779001049, 3.1378026168, 0.00156342275305, 0.00165559531999, 0.944326632342
0, 0.5, 28, regularization, -0.00479515958079, 0.00153769318814, 3.11841114844, 0.00192190091899, 0.00185554571229, 1.03576048074
0, 0.5, 29, regularization, -0.00478331531311, 0.00155724029135, 3.07166166948, 0.00184834174882, 0.00175041299831, 1.05594608279
0, 0.5, 30, regularization, -0.00479559721756, 0.00153585523102, 3.122427896, 0.0019411751085, 0.00177664020923, 1.09261014043
0, 9.0, 26, no_regularization, -0.0865308150417, 0.16339306575, 0.529586825761, 0.0319292462379, 0.15986599693, 0.199725062559
0, 9.0, 27, no_regularization, 0.0184617990491, 0.582584551757, 0.031689475791, -0.0739488547427, 0.733920709756, 0.100758642943
0, 9.0, 28, no_regularization, 0.000506290482244, 0.334361607887, 0.00151420040549, -0.250223242901, 0.55521624665, 0.450677090973
0, 9.0, 29, no_regularization, 0.00359881060532, 0.480909673074, 0.00748334002581, -0.273959441532, 0.73535297996, 0.372555016431
0, 9.0, 30, no_regularization, -0.0634008765471, 0.429515167106, 0.147610332307, -0.0988720256295, 0.51571874924, 0.191716949937
0, 9.0, 26, regularization, -0.0865198361355, 0.059477238047, 1.45467138315, 0.0360786159324, 0.0663263684605, 0.543955846971
0, 9.0, 27, regularization, 0.0176368773655, 0.486143755935, 0.0362791399668, -0.0667445902878, 0.688414451286, 0.0969540807331
0, 9.0, 28, regularization, -0.00247969461057, 0.2324373824, 0.0106682263626, -0.249478449852, 0.516716993176, 0.482814486744
0, 9.0, 29, regularization, 0.00562869145864, 0.387965661926, 0.0145082207294, -0.268176163693, 0.725318590035, 0.369735682192
0, 9.0, 30, regularization, -0.0600891416991, 0.360700763478, 0.16659000419, -0.0882364230343, 0.455512329987, 0.193708089168
0, 7.0, 16, no_regularization, -0.0671367871576, 0.0923287582885, 0.727149247993, 0.0275090384951, 0.106271347357, 0.258856589093
0, 7.0, 17, no_regularization, -0.0670959648612, 0.15973751131, 0.420038876973, 0.0266540145588, 0.13994589521, 0.190459423756
0, 7.0, 18, no_regularization, -0.0521875383787, 0.210334502842, 0.248116869432, 0.0320752537637, 0.192083010413, 0.16698641746
0, 7.0, 19, no_regularization, -0.0672046068042, 0.0862774568066, 0.778935880723, 0.0250666588325, 0.120508916034, 0.208006674175
0, 7.0, 20, no_regularization, -0.0666318032427, 0.103138904515, 0.646039470325, 0.0276669416963, 0.109870995167, 0.251812970787
0, 7.0, 16, regularization, -0.0670326269602, 0.0230554794395, 2.90744884035, 0.0315610700457, 0.00836590007303, 3.77258510981
0, 7.0, 17, regularization, -0.0670119635706, 0.0785497764133, 0.853114631645, 0.0276077780268, 0.0458305937931, 0.602387526365
0, 7.0, 18, regularization, -0.0531670371016, 0.11381089916, 0.467152421202, 0.0336648224534, 0.102471435522, 0.328528845936
0, 7.0, 19, regularization, -0.0670620562263, 0.034465864043, 1.94575293812, 0.0290586138052, 0.0399690797505, 0.727027341799
0, 7.0, 20, regularization, -0.067282683312, 0.0210052149707, 3.20314185815, 0.032130853514, 0.00853339140511, 3.76530877216
0, 3.0, 21, no_regularization, -0.0287132398417, 0.00895064902963, 3.20795059069, 0.0149874931872, 0.00981982595019, 1.5262483534
0, 3.0, 22, no_regularization, -0.0287315417097, 0.0113678310077, 2.52744271887, 0.0146484117072, 0.0127854626356, 1.14570838184
0, 3.0, 23, no_regularization, -0.0287476458584, 0.0209534972217, 1.37197364021, 0.0152941493947, 0.0101651370882, 1.50456892632
0, 3.0, 24, no_regularization, -0.0287322822553, 0.0212173755479, 1.35418643981, 0.0152891693768, 0.0203428543966, 0.751574438802
0, 3.0, 25, no_regularization, -0.0287498595159, 0.0109218037708, 2.63233620739, 0.0152425521383, 0.0127850229607, 1.19221937929
0, 3.0, 21, regularization, -0.0287171927311, 0.00585701014439, 4.9030464389, 0.01440498096, 0.00492898953075, 2.92250183737
0, 3.0, 22, regularization, -0.0287375923737, 0.00582060328851, 4.93721886706, 0.014521024683, 0.00508122241597, 2.85778174901
0, 3.0, 23, regularization, -0.0287509357704, 0.00578026467567, 4.97398257408, 0.0147195236805, 0.00540862264354, 2.72149207859
0, 3.0, 24, regularization, -0.0287336383655, 0.00573016462122, 5.01445250964, 0.0146826728468, 0.00519239710909, 2.82772533347
0, 3.0, 25, regularization, -0.0287585813957, 0.0057153743611, 5.03179312129, 0.0145816088027, 0.0053194830303, 2.74117028284
0, 3.0, 26, no_regularization, -0.0287172807701, 0.0113581313104, 2.52834555133, 0.0151191800691, 0.00975165921936, 1.55042129026
0, 3.0, 27, no_regularization, -0.0287470341901, 0.005865361806, 4.90115275765, 0.0146306808665, 0.0101456566632, 1.44206347132
0, 3.0, 28, no_regularization, -0.0287583494978, 0.00663299227023, 4.33565249681, 0.0149620955042, 0.0159359434441, 0.938889847134
0, 3.0, 29, no_regularization, -0.0287547358501, 0.0112853854923, 2.54796221801, 0.0146434291445, 0.0189670178855, 0.772046994046
0, 3.0, 30, no_regularization, -0.0287369000648, 0.0173706572113, 1.65433579831, 0.0147639673176, 0.0123287088317, 1.19752745556
0, 3.0, 26, regularization, -0.0287263544577, 0.00578935389876, 4.96192752422, 0.0145592940971, 0.00538139804364, 2.70548544802
0, 3.0, 27, regularization, -0.0287453090062, 0.00565242688086, 5.08548091149, 0.0143358129553, 0.00490205321594, 2.92445069929
0, 3.0, 28, regularization, -0.028759623991, 0.00573933359184, 5.0109692233, 0.0147538250801, 0.00543390874759, 2.71514038337
0, 3.0, 29, regularization, -0.0287540202053, 0.00572367103542, 5.0237024503, 0.0145476574232, 0.00483562054033, 3.00843651851
0, 3.0, 30, regularization, -0.0287425101838, 0.00578457700159, 4.9688179751, 0.0144494023715, 0.00479325258506, 3.01452971966
0, 11.0, 6, no_regularization, 0.00639049407745, 0.594007141277, 0.010758278198, -0.0452861815124, 0.646334138701, 0.0700662069366
0, 11.0, 7, no_regularization, 0.00406967940444, 0.370808478484, 0.0109751519735, 0.000571527488228, 0.418678403692, 0.00136507515837
0, 11.0, 8, no_regularization, -0.0308172864974, 0.49180947606, 0.0626610262662, -0.049400563609, 0.769943002072, 0.0641613255476
0, 11.0, 9, no_regularization, 0.0196041466518, 0.613312616282, 0.0319643622704, -0.114098385425, 0.779187293788, 0.146432553938
0, 11.0, 10, no_regularization, 0.0225522529794, 0.567088088763, 0.0397685182007, -0.0620544926256, 0.717670098443, 0.0864665990129
0, 11.0, 6, regularization, 0.00236156308098, 0.540278439521, 0.00437101114579, -0.0400126678618, 0.584201335416, 0.0684912297115
0, 11.0, 7, regularization, 0.00140205699791, 0.270248142876, 0.00518803564381, -0.00384813736903, 0.35523643559, 0.0108326088866
0, 11.0, 8, regularization, -0.0287078138515, 0.391605163505, 0.0733080575204, -0.0527614419658, 0.736112370528, 0.0716757985305
0, 11.0, 9, regularization, 0.0204557757488, 0.534874742896, 0.0382440487618, -0.0994874622234, 0.735702471639, 0.135227848293
0, 11.0, 10, regularization, 0.0285496221632, 0.495415681203, 0.0576276110072, -0.0630810019462, 0.66825521085, 0.0943965732283
0, 7.0, 11, no_regularization, -0.0627203106253, 0.177861928568, 0.352634828209, 0.0291282962216, 0.171408431031, 0.16993502622
0, 7.0, 12, no_regularization, -0.0579343737572, 0.158163706286, 0.366293728933, 0.0215583240655, 0.161013309773, 0.133891565212
0, 7.0, 13, no_regularization, -0.0674612631466, 0.0895783644434, 0.753097732535, 0.0275164996959, 0.0992467632937, 0.27725337112
0, 7.0, 14, no_regularization, -0.0500016970097, 0.177295094498, 0.282025270644, 0.0250005597465, 0.151079675614, 0.165479305175
0, 7.0, 15, no_regularization, -0.0668836392839, 0.12505933326, 0.53481525561, 0.0281741471641, 0.141798824589, 0.198690978192
0, 7.0, 11, regularization, -0.0608862642597, 0.0983902325572, 0.618824274292, 0.0325718950293, 0.080008606258, 0.407104892244
0, 7.0, 12, regularization, -0.059725954493, 0.0674276280563, 0.885778666916, 0.0265401410781, 0.0593916244157, 0.446866731449
0, 7.0, 13, regularization, -0.0670765708143, 0.020143384656, 3.32995531584, 0.0311488974663, 0.00897460674921, 3.47078132076
0, 7.0, 14, regularization, -0.0549426001037, 0.0880761267364, 0.623808086703, 0.0301871574257, 0.07070220791, 0.42696201884
0, 7.0, 15, regularization, -0.0674151442126, 0.0415808858608, 1.62130129787, 0.0282851374214, 0.044275011745, 0.638851042759
0, 3.0, 1, no_regularization, -0.0287360295344, 0.0285373520695, 1.00696201471, 0.0149341757148, 0.0278243560936, 0.536730325925
0, 3.0, 2, no_regularization, -0.0287324866744, 0.00612091667995, 4.69414765415, 0.0144328744259, 0.0166480363524, 0.866941549164
0, 3.0, 3, no_regularization, -0.0287329307129, 0.0090568808725, 3.17249736608, 0.0147656867214, 0.0160867839404, 0.917876859419
0, 3.0, 4, no_regularization, -0.0287293068049, 0.00603034184054, 4.76412574355, 0.0148289510062, 0.0168284766074, 0.881182019747
0, 3.0, 5, no_regularization, -0.0287389584623, 0.00602817298304, 4.76744090508, 0.0146936750489, 0.0174055537628, 0.844194631737
0, 3.0, 1, regularization, -0.0287240918113, 0.00571284029683, 5.02798788672, 0.0147422028679, 0.00542904945403, 2.71542983588
0, 3.0, 2, regularization, -0.028734090461, 0.00582214480686, 4.93531016733, 0.0144742947582, 0.0050002627769, 2.89470681923
0, 3.0, 3, regularization, -0.0287294807472, 0.00575869750702, 4.98888519707, 0.0146747656012, 0.0052665588081, 2.78640496308
0, 3.0, 4, regularization, -0.0287358682287, 0.00573677882041, 5.0090598101, 0.0145617830631, 0.00521088968978, 2.79449075494
0, 3.0, 5, regularization, -0.0287278594519, 0.00576054654888, 4.98700239781, 0.0145564150512, 0.00523697111164, 2.77954847199
0, 5.0, 16, no_regularization, -0.0479026160477, 0.0545540662919, 0.87807599513, 0.0246997485051, 0.061777987127, 0.399814718053
0, 5.0, 17, no_regularization, -0.047870193029, 0.0506461916385, 0.945188403713, 0.0244945916632, 0.05189646116, 0.471989633121
0, 5.0, 18, no_regularization, -0.0478933116486, 0.0557625219939, 0.858879941869, 0.0242493785285, 0.0665010926476, 0.364646317272
0, 5.0, 19, no_regularization, -0.0478942440429, 0.0407179246704, 1.17624472344, 0.0234537658575, 0.0599450619054, 0.391254343761
0, 5.0, 20, no_regularization, -0.0479374313916, 0.044854058066, 1.06874234927, 0.0236911313484, 0.0670011576381, 0.353592865908
0, 5.0, 16, regularization, -0.0478972250617, 0.0100382247452, 4.77148363156, 0.023238095039, 0.00531646335617, 4.37096872154
0, 5.0, 17, regularization, -0.0478713174444, 0.00995699472807, 4.80780785285, 0.023538954891, 0.0051970337107, 4.52930579276
0, 5.0, 18, regularization, -0.0478942907471, 0.0104022227857, 4.60423620352, 0.0233894232743, 0.00565145208815, 4.13865727063
0, 5.0, 19, regularization, -0.0478921952035, 0.010329803366, 4.63631237757, 0.0233528029549, 0.00584493109159, 3.99539405837
0, 5.0, 20, regularization, -0.0479151673399, 0.0103566047312, 4.6265323997, 0.0233954187587, 0.00573255551258, 4.08114997008
0, 9.0, 1, no_regularization, 0.0172040379516, 0.334036125289, 0.0515035250657, -0.255395997994, 0.570075971878, 0.448003442687
0, 9.0, 2, no_regularization, -0.0502404465974, 0.383793638296, 0.130904844646, 0.0265733411666, 0.281309969868, 0.0944628488605
0, 9.0, 3, no_regularization, -0.0857360802556, 0.238331493115, 0.35973458285, 0.0385919514116, 0.257088896955, 0.150111311179
0, 9.0, 4, no_regularization, 0.0136361668678, 0.668295650472, 0.0204043926639, 0.0332574004416, 0.529276132293, 0.0628356323144
0, 9.0, 5, no_regularization, -0.0257532272157, 0.272069564245, 0.0946567738556, 0.0257843383558, 0.309014766795, 0.0834404731633
0, 9.0, 1, regularization, 0.0169819481726, 0.258135387012, 0.0657869824402, -0.25333483347, 0.547394074096, 0.462801563733
0, 9.0, 2, regularization, -0.0454590565065, 0.248978441142, 0.182582300291, 0.0242228287263, 0.196762891825, 0.123106692027
0, 9.0, 3, regularization, -0.080234371971, 0.122953073467, 0.652560930026, 0.0420796960779, 0.14014367933, 0.300261105453
0, 9.0, 4, regularization, 0.0172940660159, 0.601069203479, 0.0287721711839, 0.0375344761732, 0.474744682706, 0.0790624467014
0, 9.0, 5, regularization, -0.0295315797017, 0.181886230844, 0.162362920847, 0.0238521093402, 0.23241618919, 0.10262671212
0, 3.0, 16, no_regularization, -0.0287204839419, 0.0088255116595, 3.25425709579, 0.0145080025311, 0.00967507601613, 1.49952336363
0, 3.0, 17, no_regularization, -0.0287441194603, 0.00853496042884, 3.36780934135, 0.0146690477894, 0.0154237140705, 0.951071040501
0, 3.0, 18, no_regularization, -0.0287466292661, 0.0102031395375, 2.81742978819, 0.0151879059965, 0.0168341406128, 0.902208573985
0, 3.0, 19, no_regularization, -0.0287468386943, 0.00907334135096, 3.16827479342, 0.0151567965419, 0.00993521388617, 1.52556318521
0, 3.0, 20, no_regularization, -0.0287374815355, 0.00612975799306, 4.68819186141, 0.0150445708104, 0.0100138330651, 1.50237883062
0, 3.0, 16, regularization, -0.0287208207431, 0.00581391942116, 4.9400101141, 0.0140299105704, 0.00497504297737, 2.82005816517
0, 3.0, 17, regularization, -0.0287413730768, 0.00574356580746, 5.00409920252, 0.0145285487992, 0.00509161289421, 2.85342760753
0, 3.0, 18, regularization, -0.0287474446957, 0.00574946897885, 5.00001735837, 0.0146726603872, 0.0052785890332, 2.77965575552
0, 3.0, 19, regularization, -0.0287497853807, 0.00576715294858, 4.98509154118, 0.0145874684886, 0.00548108812529, 2.66141834526
0, 3.0, 20, regularization, -0.0287469793438, 0.00587458886617, 4.89344531145, 0.0144814505794, 0.00520393710564, 2.78278739451
0, 5.0, 6, no_regularization, -0.0478809719432, 0.0440670683852, 1.08654770326, 0.0239289260323, 0.0502382075976, 0.476309310713
0, 5.0, 7, no_regularization, -0.0479032634125, 0.0462079415425, 1.03668897193, 0.0243822390547, 0.0605700745517, 0.402545964079
0, 5.0, 8, no_regularization, -0.0478407985306, 0.0385471921391, 1.24109684456, 0.023477451817, 0.0626320152383, 0.374847459845
0, 5.0, 9, no_regularization, -0.0479180300529, 0.0416187205129, 1.15135759731, 0.0230605087792, 0.0610185222953, 0.377926372383
0, 5.0, 10, no_regularization, -0.047869262623, 0.0650100958022, 0.736335826495, 0.0244677425633, 0.0562742886551, 0.434794346548
0, 5.0, 6, regularization, -0.0478857351104, 0.00995622751742, 4.80962644, 0.023356482418, 0.00542589524127, 4.30463202466
0, 5.0, 7, regularization, -0.0478977614752, 0.0106969375771, 4.47770786078, 0.0236628403254, 0.0053509036845, 4.42221383911
0, 5.0, 8, regularization, -0.0478517604957, 0.00992230362181, 4.82264626438, 0.0232467382075, 0.00535827257107, 4.33847623448
0, 5.0, 9, regularization, -0.0479089834934, 0.011483484354, 4.17199013963, 0.0234599213634, 0.00543914485831, 4.31316355319
0, 5.0, 10, regularization, -0.047869495614, 0.0102557886766, 4.66755869524, 0.0234241719471, 0.00611100544259, 3.83311259779
0, 11.0, 11, no_regularization, 0.0150139267677, 0.511598961575, 0.0293470626318, -0.079422598441, 0.789726334934, 0.100569773259
0, 11.0, 12, no_regularization, -0.0381975869411, 0.550087158196, 0.0694391540904, -0.128631275582, 0.861614846488, 0.149290922859
0, 11.0, 13, no_regularization, 0.0129254068498, 0.524818188674, 0.0246283515487, -0.139913879415, 0.711328444276, 0.196693778438
0, 11.0, 14, no_regularization, 0.00691113560647, 0.567721946405, 0.0121734515465, -0.228552837175, 0.759970600748, 0.300739050892
0, 11.0, 15, no_regularization, -0.034688612703, 0.530474423302, 0.0653916780512, -0.1184240969, 0.823907383226, 0.143734719838
0, 11.0, 11, regularization, 0.0165968698511, 0.438672395492, 0.0378343155888, -0.0871847335628, 0.767695801309, 0.113566771388
0, 11.0, 12, regularization, -0.0376023533919, 0.489722255333, 0.0767830193183, -0.133950487509, 0.794261968454, 0.168647741966
0, 11.0, 13, regularization, 0.00502786471612, 0.462203005979, 0.0108780441734, -0.131955404255, 0.653634010755, 0.201879648372
0, 11.0, 14, regularization, 0.0105634557382, 0.521548958521, 0.0202540060057, -0.222003195637, 0.733102695496, 0.302826871325
0, 11.0, 15, regularization, -0.034644144266, 0.445461106539, 0.0777714232679, -0.114953979096, 0.781374575797, 0.147117634303
0, 0.5, 1, no_regularization, -0.00479642030536, 0.00154847431587, 3.09751363404, 0.0024694792055, 0.00502438846814, 0.491498462183
0, 0.5, 2, no_regularization, -0.00478934441242, 0.00145729560512, 3.28646047899, 0.00248539474337, 0.00503580611497, 0.493544565979
0, 0.5, 3, no_regularization, -0.00479073400676, 0.0015353099359, 3.12036931094, 0.00231542959854, 0.00474159931798, 0.488322492742
0, 0.5, 4, no_regularization, -0.00477743850004, 0.00148124605781, 3.22528352049, 0.00228188706737, 0.00526402791679, 0.433486885601
0, 0.5, 5, no_regularization, -0.00479666260155, 0.00149609265058, 3.20612670591, 0.0021590139217, 0.00461244757196, 0.468084219499
0, 0.5, 1, regularization, -0.00479961343864, 0.001557407222, 3.08179734293, 0.00185969794667, 0.0018580141379, 1.0009062411
0, 0.5, 2, regularization, -0.00479088564597, 0.00152072670681, 3.15039225952, 0.00188054136408, 0.00181424728151, 1.03654081957
0, 0.5, 3, regularization, -0.00478734500384, 0.00155255288018, 3.08353104423, 0.00170527179865, 0.00153337872849, 1.11210085739
0, 0.5, 4, regularization, -0.00477610349678, 0.00155974390872, 3.0621074845, 0.00166364712884, 0.00178217837112, 0.933490808668
0, 0.5, 5, regularization, -0.00480283125567, 0.0015444229978, 3.10979003972, 0.00153269040026, 0.00146668426283, 1.04500364469
0, 7.0, 21, no_regularization, -0.0668147254874, 0.0802455897823, 0.832628006956, 0.0294600126992, 0.109946159297, 0.267949448053
0, 7.0, 22, no_regularization, -0.0689858084013, 0.117431589416, 0.587455289877, 0.0289354701425, 0.146756399776, 0.197166666576
0, 7.0, 23, no_regularization, -0.0670971856727, 0.0877999833609, 0.764204993034, 0.0303634242219, 0.0857741607691, 0.353992670399
0, 7.0, 24, no_regularization, -0.0234127816162, 0.314724709108, 0.0743913043326, -0.000648874725738, 0.253738710361, 0.00255725555165
0, 7.0, 25, no_regularization, -0.045496811637, 0.221496181686, 0.2054067537, 0.0253903140193, 0.1894791118, 0.134000596573
0, 7.0, 21, regularization, -0.0668683347268, 0.0202788849145, 3.2974364719, 0.0314310796437, 0.0088933902444, 3.53420672882
0, 7.0, 22, regularization, -0.0671961160427, 0.0466480894754, 1.44049020653, 0.0288795825063, 0.0816018564035, 0.353908400852
0, 7.0, 23, regularization, -0.0670502233397, 0.0214292579875, 3.12891017407, 0.0319712171835, 0.00792230741331, 4.03559411615
0, 7.0, 24, regularization, -0.0212956372427, 0.263645632036, 0.080773715378, 0.00375126556939, 0.173716675728, 0.0215941593037
0, 7.0, 25, regularization, -0.0472840984148, 0.139705084041, 0.338456533198, 0.0302269403172, 0.123796530485, 0.244166296088
0, 7.0, 6, no_regularization, -0.0668919363255, 0.105285056016, 0.635341223688, 0.0306774026797, 0.106899532535, 0.286974151824
0, 7.0, 7, no_regularization, -0.0509644820485, 0.205923485682, 0.247492324053, 0.0288857540822, 0.198289161498, 0.145674901563
0, 7.0, 8, no_regularization, -0.0664450110428, 0.0996109191317, 0.667045456683, 0.0269992804143, 0.10658855684, 0.253303743055
0, 7.0, 9, no_regularization, -0.0671143105394, 0.0896740944983, 0.748424736429, 0.0297006950603, 0.0998701315236, 0.297393170583
0, 7.0, 10, no_regularization, -0.0521522670116, 0.20684201918, 0.252135746974, 0.0250170032179, 0.176653524114, 0.141616213678
0, 7.0, 6, regularization, -0.0670312808184, 0.046909789431, 1.42894013449, 0.0316917222986, 0.0281825851769, 1.12451438006
0, 7.0, 7, regularization, -0.05184780995, 0.0775106821601, 0.668911800349, 0.0314734433446, 0.108098925565, 0.291154081137
0, 7.0, 8, regularization, -0.0669674844888, 0.0217964372269, 3.07240508124, 0.0305379291889, 0.0180225263459, 1.69443110265
0, 7.0, 9, regularization, -0.0670888573128, 0.0236319716591, 2.83890224144, 0.0316575497274, 0.00845550628878, 3.74401586921
0, 7.0, 10, regularization, -0.055418115833, 0.106158549628, 0.522031584145, 0.0301343904962, 0.063880972004, 0.471727175572
0, 9.0, 6, no_regularization, -0.0619308811894, 0.290391811254, 0.213266623883, 0.0220994863683, 0.293822992893, 0.0752136044588
0, 9.0, 7, no_regularization, 0.000529080018524, 0.646836520137, 0.000817950134312, -0.073989189417, 0.638765229346, 0.115831585719
0, 9.0, 8, no_regularization, -0.0322172735744, 0.503987856656, 0.0639247020517, 0.0373197152544, 0.635367602293, 0.0587372020853
0, 9.0, 9, no_regularization, -0.0345538068225, 0.269044749892, 0.128431448064, 0.0255036894098, 0.271099741777, 0.0940749306606
0, 9.0, 10, no_regularization, 0.0157407990608, 0.522887483863, 0.0301036065054, -0.0350010312516, 0.830420663315, 0.042148555302
0, 9.0, 6, regularization, -0.0618717473305, 0.173324685951, 0.356970197241, 0.0297874189861, 0.208141443262, 0.143111427111
0, 9.0, 7, regularization, -0.00188309644873, 0.554370345603, 0.00339682030914, -0.0769566255982, 0.62192616509, 0.123739166991
0, 9.0, 8, regularization, -0.0311436060949, 0.427536736311, 0.0728442808533, 0.0408358054432, 0.576682132971, 0.0708116362696
0, 9.0, 9, regularization, -0.0368003635401, 0.187932732448, 0.195816678982, 0.0256221348677, 0.193008622542, 0.132751244635
0, 9.0, 10, regularization, 0.0146411987966, 0.44923024619, 0.0325917475967, -0.0449212261815, 0.767823690593, 0.0585046108005
0, 5.0, 21, no_regularization, -0.0478438086002, 0.0504973195086, 0.947452440363, 0.0252577723914, 0.0610831381756, 0.413498277034
0, 5.0, 22, no_regularization, -0.0478665323227, 0.0439343608978, 1.08950104985, 0.0218377677824, 0.0619815345478, 0.35232699451
0, 5.0, 23, no_regularization, -0.0479072611541, 0.0598613848549, 0.800303255098, 0.0251077832837, 0.0535720586238, 0.468673109241
0, 5.0, 24, no_regularization, -0.0478881410238, 0.0443794780798, 1.07906048236, 0.0238974292504, 0.060516900199, 0.394888521583
0, 5.0, 25, no_regularization, -0.047904789092, 0.0391063394518, 1.22498780923, 0.0241244009805, 0.0616614655921, 0.391239500211
0, 5.0, 21, regularization, -0.0478544896672, 0.0119400038928, 4.00791240079, 0.0235313392093, 0.00650486298192, 3.61749959603
0, 5.0, 22, regularization, -0.0478630900296, 0.00990111776413, 4.83410976112, 0.0237786472962, 0.00620352490873, 3.83308645424
0, 5.0, 23, regularization, -0.0478957914705, 0.0102848429385, 4.65692979048, 0.0236958706977, 0.00557211769693, 4.25257899896
0, 5.0, 24, regularization, -0.0478785563891, 0.00979042333397, 4.89034587738, 0.02358102423, 0.00581000200264, 4.05869468192
0, 5.0, 25, regularization, -0.0478973206198, 0.0111942939247, 4.27872637095, 0.0235486831078, 0.00599949154965, 3.92511313883
0, 11.0, 26, no_regularization, -0.00162755204535, 0.326898032379, 0.00497877589994, 0.00658505108337, 0.338466564118, 0.0194555438601
0, 11.0, 27, no_regularization, -0.0149422061703, 0.544141426269, 0.0274601518078, -0.122850517514, 0.70805948651, 0.173503102288
0, 11.0, 28, no_regularization, 0.00553833434102, 0.329794844467, 0.0167932714351, -0.244968755332, 0.549347792246, 0.445926531043
0, 11.0, 29, no_regularization, -0.000145706309368, 0.50740069188, 0.000287162220509, -0.00284434811019, 0.683511678497, 0.00416137455976
0, 11.0, 30, no_regularization, -0.0193047421469, 0.587012657394, 0.0328864154865, -0.0728750660512, 0.830075412029, 0.0877933076865
0, 11.0, 26, regularization, -0.00345183162511, 0.262189548664, 0.0131654051151, 0.0134096091186, 0.285238520244, 0.047011915176
0, 11.0, 27, regularization, -0.0104461480589, 0.4496171593, 0.0232334283575, -0.117362347475, 0.649013244936, 0.180831975913
0, 11.0, 28, regularization, 0.00291861664646, 0.24675900053, 0.0118278021884, -0.242467636442, 0.532388226357, 0.455433881588
0, 11.0, 29, regularization, 0.000619619445647, 0.465502746318, 0.00133107581115, -0.00472680716225, 0.670203459931, 0.00705279433016
0, 11.0, 30, regularization, -0.0258149728842, 0.534557411527, 0.048292236395, -0.0731953033969, 0.803652935422, 0.0910782505367
0, 0.5, 6, no_regularization, -0.00479214070338, 0.00156198337279, 3.06798445287, 0.0021537591015, 0.00489158232183, 0.440299060671
0, 0.5, 7, no_regularization, -0.00477780220221, 0.00150215354802, 3.18063503462, 0.00236660454758, 0.00496217647154, 0.476928735033
0, 0.5, 8, no_regularization, -0.00478702368783, 0.00147058098815, 3.2551921495, 0.00218613787989, 0.00490878509258, 0.445352126577
0, 0.5, 9, no_regularization, -0.00479332806438, 0.00143321378394, 3.3444613205, 0.00229140671082, 0.00466601600119, 0.49108419479
0, 0.5, 10, no_regularization, -0.00478728544237, 0.00152948096565, 3.13000655117, 0.00231259764974, 0.00486637888366, 0.475219399276
0, 0.5, 6, regularization, -0.00479090835774, 0.00159294350672, 3.00758208783, 0.00158686570139, 0.00148056741785, 1.07179563879
0, 0.5, 7, regularization, -0.00478024781398, 0.00157014430887, 3.04446399415, 0.00173796715164, 0.00191165030107, 0.909144915608
0, 0.5, 8, regularization, -0.00478903294996, 0.00153265074659, 3.12467335471, 0.00171290335823, 0.0015787805216, 1.0849534402
0, 0.5, 9, regularization, -0.00478849222481, 0.0015118150524, 3.16737964556, 0.00176760783337, 0.00167773023981, 1.0535709445
0, 0.5, 10, regularization, -0.00478061663422, 0.00159132102453, 3.00418115549, 0.0017528664662, 0.00166086700786, 1.05539242932
0, 0.5, 11, no_regularization, -0.00480599401856, 0.0066559572257, 0.722059030067, 0.00234157441458, 0.00468966156327, 0.499305628559
0, 0.5, 12, no_regularization, -0.00480696093627, 0.00152930831966, 3.14322551868, 0.00238886985191, 0.00507301029389, 0.47089789169
0, 0.5, 13, no_regularization, -0.00479103747017, 0.00164452712323, 2.91332225689, 0.00226739598221, 0.00496627594089, 0.456558598273
0, 0.5, 14, no_regularization, -0.00476869179798, 0.00148435133369, 3.21264359033, 0.00223334052071, 0.00489353622395, 0.456385815595
0, 0.5, 15, no_regularization, -0.00479724539426, 0.00151031570479, 3.17631961255, 0.00237012892015, 0.00470023320555, 0.504257728607
0, 0.5, 11, regularization, -0.00480304108169, 0.00155267636055, 3.09339486562, 0.00173894539027, 0.00150062707596, 1.15881248454
0, 0.5, 12, regularization, -0.00480403708061, 0.00157849027776, 3.04343786484, 0.00179379770517, 0.0016481096511, 1.08839706386
0, 0.5, 13, regularization, -0.00478857775529, 0.00162120080308, 2.95372278758, 0.00169937936311, 0.00177208614316, 0.958971080315
0, 0.5, 14, regularization, -0.00476671950207, 0.00158803542518, 3.00164557194, 0.0015950174024, 0.00188613563757, 0.845653605513
0, 0.5, 15, regularization, -0.0047928203734, 0.00156498642288, 3.06253159984, 0.00172501981365, 0.0016864719707, 1.02285709079
0, 3.0, 6, no_regularization, -0.0287216044215, 0.0137962661934, 2.08183895693, 0.0145820226469, 0.0210590830614, 0.692433882542
0, 3.0, 7, no_regularization, -0.0287301722536, 0.00885720716422, 3.24370557456, 0.0152220978403, 0.0105578379737, 1.44178172447
0, 3.0, 8, no_regularization, -0.0287188919413, 0.0108969875686, 2.6354890983, 0.0145461073837, 0.0166642972479, 0.872890537615
0, 3.0, 9, no_regularization, -0.0287358842473, 0.0199958166337, 1.43709480706, 0.0147730612918, 0.0205566374804, 0.718651642608
0, 3.0, 10, no_regularization, -0.0287260829196, 0.0216304996031, 1.32803603462, 0.0152448791664, 0.0172907032931, 0.881680687472
0, 3.0, 6, regularization, -0.0287167688382, 0.00566831474042, 5.06619165542, 0.0144107773368, 0.00510676131557, 2.82190148438
0, 3.0, 7, regularization, -0.0287219825723, 0.00576725173065, 4.98018534888, 0.0146275321022, 0.0055981095265, 2.61294139262
0, 3.0, 8, regularization, -0.0287236561108, 0.00575119124807, 4.9943837497, 0.01438775186, 0.00526873963079, 2.73077678311
0, 3.0, 9, regularization, -0.028743084346, 0.00592278817915, 4.85296510301, 0.0142028684448, 0.0048597737884, 2.9225369458
0, 3.0, 10, regularization, -0.0287270044629, 0.00586199541843, 4.90055048023, 0.0147295981659, 0.00554593481587, 2.65592702672
0, 5.0, 26, no_regularization, -0.0478803657001, 0.0462154658514, 1.03602473367, 0.0237295815369, 0.0626640728286, 0.378679209088
0, 5.0, 27, no_regularization, -0.0478992641364, 0.0495116592871, 0.967434031218, 0.0237556566015, 0.0444823981575, 0.534046220201
0, 5.0, 28, no_regularization, -0.047908333523, 0.0563022158588, 0.850913819149, 0.0240687381593, 0.0461229498325, 0.521838656172
0, 5.0, 29, no_regularization, -0.047911859807, 0.0449612691328, 1.0656251643, 0.023604145837, 0.065988176336, 0.357702654439
0, 5.0, 30, no_regularization, -0.0478785332082, 0.0356914148153, 1.34145797963, 0.0229427500953, 0.0509094942445, 0.450657592179
0, 5.0, 26, regularization, -0.0478912771707, 0.0103360990184, 4.63339961098, 0.0233520495816, 0.00640057388109, 3.6484305963
0, 5.0, 27, regularization, -0.0478998889862, 0.00918474309471, 5.21515827849, 0.0234729318279, 0.00496167846681, 4.73084501241
0, 5.0, 28, regularization, -0.0479094231097, 0.00940096772955, 5.09622248347, 0.0239123098952, 0.00646112632526, 3.70095068436
0, 5.0, 29, regularization, -0.04790518544, 0.0114311331897, 4.19076434901, 0.0233921283081, 0.00517719721138, 4.51829964227
0, 5.0, 30, regularization, -0.0478783034617, 0.00945269710107, 5.06504153786, 0.0234875103056, 0.00473877980739, 4.9564468619
0, 11.0, 16, no_regularization, -0.0474801559805, 0.482427245876, 0.0984193085827, -0.138851081493, 0.700088439436, 0.198333629969
0, 11.0, 17, no_regularization, 0.0105377809601, 0.528710983157, 0.0199310801095, -0.0191759716776, 0.702453251532, 0.0272985734435
0, 11.0, 18, no_regularization, -0.0106228732706, 0.519914357379, 0.0204319675343, 0.00329274426387, 0.55510692247, 0.00593172978139
0, 11.0, 19, no_regularization, -0.000260459885115, 0.537771707136, 0.000484331699973, -0.126555144922, 0.917123467963, 0.137991393027
0, 11.0, 20, no_regularization, 0.0115757723285, 0.595291140032, 0.0194455646155, -0.0977579425713, 0.758943967542, 0.128807852427
0, 11.0, 16, regularization, -0.0453666903102, 0.391175774736, 0.11597520409, -0.137330523894, 0.645340518225, 0.212803194617
0, 11.0, 17, regularization, 0.0128189157809, 0.43494120808, 0.0294727552661, -0.0156365810947, 0.661179596088, 0.0236495215327
0, 11.0, 18, regularization, -0.00554908867951, 0.420224445073, 0.013205059212, 0.00304667505088, 0.532646324593, 0.00571988373938
0, 11.0, 19, regularization, 8.84990715408e-05, 0.452120132441, 0.000195742381705, -0.121717281209, 0.880917694106, 0.138171002834
0, 11.0, 20, regularization, 0.0139927227619, 0.574274930145, 0.0243658951964, -0.0869031019507, 0.735704177453, 0.118122344026
0, 11.0, 1, no_regularization, 0.0205053456269, 0.503764260389, 0.0407042484735, -0.0945911843844, 0.770125503966, 0.122825674383
0, 11.0, 2, no_regularization, 0.0600621612563, 0.720818917153, 0.0833248959302, -0.0527450281959, 0.561141473135, 0.0939959541775
0, 11.0, 3, no_regularization, -0.0155848287234, 0.549067215784, 0.0283841909978, -0.138052333153, 0.753971459635, 0.183100210742
0, 11.0, 4, no_regularization, 0.0111346259941, 0.505220887655, 0.0220391244031, -0.0280545450354, 0.770215149749, 0.0364242965677
0, 11.0, 5, no_regularization, -0.0155069248381, 0.5437150925, 0.0285203133995, -0.132389504593, 0.789017998819, 0.167790221251
0, 11.0, 1, regularization, 0.0154036006949, 0.440288518608, 0.0349852427303, -0.0911164940211, 0.701915473708, 0.129811205813
0, 11.0, 2, regularization, 0.0636473923155, 0.670356094216, 0.094945645851, -0.0571244359529, 0.514943684998, 0.11093336537
0, 11.0, 3, regularization, -0.0122406098708, 0.451349704882, 0.0271200130152, -0.147162040547, 0.7137787494, 0.20617318836
0, 11.0, 4, regularization, 0.00868170298527, 0.41554290269, 0.020892434762, -0.0241927211036, 0.724312341023, 0.0334009511275
0, 11.0, 5, regularization, -0.0139841734435, 0.446717939243, 0.0313042575976, -0.129495029188, 0.735591068945, 0.176042144413
0, 3.0, 11, no_regularization, -0.0287511732447, 0.0143127487594, 2.00878068414, 0.0149669959899, 0.00940065163384, 1.59212324558
0, 3.0, 12, no_regularization, -0.0287201037489, 0.0106762968024, 2.69008105342, 0.0148663112278, 0.0179178405289, 0.829693243659
0, 3.0, 13, no_regularization, -0.0287359151968, 0.00617521381922, 4.65342837317, 0.0148685561239, 0.00897496418751, 1.6566702455
0, 3.0, 14, no_regularization, -0.0286910715156, 0.0111676085266, 2.56913299273, 0.0143065279698, 0.0133847834905, 1.06886510192
0, 3.0, 15, no_regularization, -0.0287379127138, 0.0114225627802, 2.51589010862, 0.0149336372103, 0.0130318007576, 1.14593811616
0, 3.0, 11, regularization, -0.0287504047254, 0.00589944130167, 4.87341143936, 0.0144444615464, 0.00502434734173, 2.87489310829
0, 3.0, 12, regularization, -0.0287167031096, 0.00572440211298, 5.01654191002, 0.014653681276, 0.00499168899545, 2.93561583851
0, 3.0, 13, regularization, -0.0287371222278, 0.00592338724643, 4.85146775523, 0.0142768053171, 0.00499043641458, 2.86083302763
0, 3.0, 14, regularization, -0.028701069042, 0.00579173153223, 4.95552476531, 0.0142882856402, 0.00513672222291, 2.78159593222
0, 3.0, 15, regularization, -0.0287383089097, 0.00572067883313, 5.02358369487, 0.0146369184149, 0.00501770988469, 2.91705155365
0, 0.5, 16, no_regularization, -0.00478075258087, 0.00153774836316, 3.1089303656, 0.00213667953061, 0.00482437106927, 0.442892866227
0, 0.5, 17, no_regularization, -0.0048009222056, 0.00144397861751, 3.32478760239, 0.0022344860304, 0.00507129509224, 0.440614476135
0, 0.5, 18, no_regularization, -0.00462975561684, 0.0051138620879, 0.905334468795, 0.0022853919517, 0.00473319523645, 0.482843372718
0, 0.5, 19, no_regularization, -0.00478023321615, 0.00148798469901, 3.21255535715, 0.00231892265102, 0.00515467527246, 0.449867843938
0, 0.5, 20, no_regularization, -0.00478655217179, 0.00157528339921, 3.03853400233, 0.00230274865288, 0.00495357249311, 0.464866246751
0, 0.5, 16, regularization, -0.00478365556045, 0.00153828397771, 3.10973502277, 0.00154995901919, 0.00162726924014, 0.952490823863
0, 0.5, 17, regularization, -0.00479223290288, 0.0015049949141, 3.18421866944, 0.00168506989743, 0.00161257746871, 1.04495438522
0, 0.5, 18, regularization, -0.00479589596695, 0.00147735034525, 3.24628209034, 0.00180695724381, 0.00168945455563, 1.0695506652
0, 0.5, 19, regularization, -0.00477474545337, 0.00152095626741, 3.13930489369, 0.00186464295351, 0.00207811991093, 0.897273994492
0, 0.5, 20, regularization, -0.00478590147657, 0.00161042369562, 2.97182753183, 0.00163868127611, 0.0015845257452, 1.03417775386
0, 9.0, 16, no_regularization, -0.0733559085457, 0.277236008665, 0.264597333149, 0.0146238136514, 0.286190918346, 0.0510981051948
0, 9.0, 17, no_regularization, -0.0182417264823, 0.617429325434, 0.0295446389261, -0.0476824903245, 0.746283250155, 0.0638932875882
0, 9.0, 18, no_regularization, -0.0586799707453, 0.206814329076, 0.283732616631, 0.0268321843263, 0.220807800191, 0.121518281071
0, 9.0, 19, no_regularization, -0.040938982331, 0.565707665897, 0.0723677347842, -0.0351005968734, 0.730980541071, 0.0480185106186
0, 9.0, 20, no_regularization, -0.0676509171864, 0.270629491666, 0.249976145505, 0.0330030830535, 0.21567566173, 0.153021823551
0, 9.0, 16, regularization, -0.0775182305059, 0.151248348139, 0.512522823951, 0.0279288886059, 0.17533966608, 0.159284486108
0, 9.0, 17, regularization, -0.0151448618162, 0.59138297578, 0.0256092285988, -0.0425075884513, 0.67717032891, 0.0627723729711
0, 9.0, 18, regularization, -0.0595993425138, 0.124126212148, 0.480151141992, 0.0366374419513, 0.116396038963, 0.314765367256
0, 9.0, 19, regularization, -0.0409722188644, 0.482924179635, 0.0848419288, -0.0442134006383, 0.669213709425, 0.0660676851291
0, 9.0, 20, regularization, -0.0722937649286, 0.158205046876, 0.456962444347, 0.0362706814882, 0.126942620453, 0.28572500992
0, 9.0, 11, no_regularization, 0.00853094795588, 0.490694176818, 0.0173854680958, -0.10030875009, 0.836560509793, 0.119906150142
0, 9.0, 12, no_regularization, -0.0848920229242, 0.264094027282, 0.321446205345, 0.0366789845367, 0.264777559442, 0.13852754219
0, 9.0, 13, no_regularization, 0.0114391393645, 0.77064563962, 0.0148435789115, 0.00856090428455, 0.386276027698, 0.0221626600428
0, 9.0, 14, no_regularization, -0.00978316123403, 0.573127873325, 0.0170697704463, -0.0668646968726, 0.688662786746, 0.0970935240868
0, 9.0, 15, no_regularization, -0.023786068508, 0.57922210289, 0.0410655401259, -0.0684643610115, 0.658090608025, 0.104034855044
0, 9.0, 11, regularization, 0.0130751605692, 0.411400583682, 0.0317820661609, -0.0994151960001, 0.809721219248, 0.122777066522
0, 9.0, 12, regularization, -0.0834195303406, 0.157528486548, 0.529552033214, 0.0421980177819, 0.140919735914, 0.299447181817
0, 9.0, 13, regularization, 0.00922901500308, 0.739421817352, 0.0124813939574, 0.000743393379524, 0.334827670725, 0.00222022683464
0, 9.0, 14, regularization, -0.0157834019813, 0.46499105852, 0.0339434526581, -0.0644164438022, 0.655298293647, 0.098300948479
0, 9.0, 15, regularization, -0.0258727123238, 0.551711592202, 0.0468953574468, -0.0692608608282, 0.658810138037, 0.105130229226
0, 5.0, 1, no_regularization, -0.0479118667565, 0.0538334488084, 0.890001807743, 0.02459914383, 0.0617581518079, 0.398314119025
0, 5.0, 2, no_regularization, -0.0479066004642, 0.0616094899108, 0.777584760619, 0.0235959415509, 0.0772653651636, 0.305388339276
0, 5.0, 3, no_regularization, -0.0479040826671, 0.0534027977658, 0.897033201841, 0.0242035798386, 0.0534913323386, 0.452476668283
0, 5.0, 4, no_regularization, -0.0478875130831, 0.0464956694084, 1.0299349099, 0.0235159622685, 0.0535593345057, 0.439063750241
0, 5.0, 5, no_regularization, -0.047920773015, 0.0512481246461, 0.935073689932, 0.0231207220393, 0.0677007219432, 0.341513670396
0, 5.0, 1, regularization, -0.0479072068356, 0.0108952456646, 4.39707449563, 0.0237547691882, 0.00589212497285, 4.03161326307
0, 5.0, 2, regularization, -0.0478945778189, 0.0107378400084, 4.46035494861, 0.0235745922366, 0.00503940036207, 4.67805503489
0, 5.0, 3, regularization, -0.0478952102985, 0.00988161451171, 4.84690130765, 0.0232575051366, 0.00521853901225, 4.45670810968
0, 5.0, 4, regularization, -0.0479004180821, 0.0106977327725, 4.47762335262, 0.0235343132497, 0.00625163954047, 3.76450259126
0, 5.0, 5, regularization, -0.0479199620226, 0.0108951956718, 4.39826538837, 0.023275825568, 0.00504506746172, 4.61358063982
0, 11.0, 21, no_regularization, 0.00651552677751, 0.376868275167, 0.0172886050826, 0.0279048960537, 0.352365459, 0.0791930518187
0, 11.0, 22, no_regularization, -0.00870284661463, 0.496249715355, 0.0175372324565, -0.0887974235092, 0.706005329695, 0.125774437918
0, 11.0, 23, no_regularization, -0.0162874225826, 0.466725129298, 0.0348972479951, -0.0251931208085, 0.648714250326, 0.0388354669191
0, 11.0, 24, no_regularization, 0.00301979761195, 0.707466438832, 0.00426846765613, -0.0210632969608, 0.690999754888, 0.0304823508428
0, 11.0, 25, no_regularization, -0.0240654709431, 0.589060992489, 0.0408539544291, -0.0431380477361, 0.684473718775, 0.063023672864
0, 11.0, 21, regularization, 0.0021509658132, 0.273667504444, 0.0078597779359, 0.0382672283142, 0.318726830313, 0.120062776882
0, 11.0, 22, regularization, -0.0113491755215, 0.389579796699, 0.0291318379898, -0.082038794648, 0.68344968389, 0.120036334176
0, 11.0, 23, regularization, -0.016412344559, 0.34363359764, 0.0477611754838, -0.0236143771857, 0.601361026583, 0.0392682201569
0, 11.0, 24, regularization, 0.0020875560844, 0.629098048768, 0.00331833183791, -0.00252486518646, 0.63181553007, 0.00399620627587
0, 11.0, 25, regularization, -0.0255649535423, 0.522057517798, 0.0489696109543, -0.0304980234968, 0.642184757813, 0.0474910422987
0, 9.0, 21, no_regularization, 0.0196761492009, 0.622076494193, 0.0316297905235, 0.0201241999211, 0.44011674186, 0.0457246862185
0, 9.0, 22, no_regularization, -0.0176561358374, 0.577405002178, 0.0305784254913, 0.00861454132664, 0.426904129117, 0.0201791005031
0, 9.0, 23, no_regularization, 0.00136615016979, 0.591938316862, 0.00230792657085, -0.1008671583, 0.772984902668, 0.130490463594
0, 9.0, 24, no_regularization, 0.0265092217092, 0.586143718025, 0.0452264877947, -0.00365971260478, 0.67246646306, 0.00544222322721
0, 9.0, 25, no_regularization, -0.00100688317982, 0.366971744041, 0.00274376214564, 0.0290052517521, 0.314342580253, 0.0922727418244
0, 9.0, 21, regularization, 0.0198286232159, 0.567461433852, 0.0349426798599, 0.0316281858934, 0.377859056226, 0.0837036597966
0, 9.0, 22, regularization, -0.0134656306038, 0.556779524734, 0.0241848523619, 0.022329605486, 0.382815755194, 0.058329902004
0, 9.0, 23, regularization, -0.00265643155871, 0.537526935959, 0.00494195059075, -0.100210110712, 0.766726044384, 0.130698717549
0, 9.0, 24, regularization, 0.0261336018791, 0.552579214332, 0.0472938561591, -0.00461021440462, 0.563359057775, 0.00818343885839
0, 9.0, 25, regularization, 0.00195340983551, 0.266273564797, 0.0073361012649, 0.0326325348418, 0.220880022357, 0.147738733877
0, 7.0, 1, no_regularization, -0.0401845923345, 0.272131301754, 0.147666189356, 0.0430771305779, 0.287188195019, 0.149996174373
0, 7.0, 2, no_regularization, -0.0493070702661, 0.21446031486, 0.22991232806, 0.0229260958421, 0.21558937602, 0.106341491707
0, 7.0, 3, no_regularization, -0.0671172147278, 0.0990885015029, 0.67734614723, 0.0330419524216, 0.098199646416, 0.336477305444
0, 7.0, 4, no_regularization, -0.0664634505807, 0.123699106167, 0.537299360035, 0.0287027972407, 0.175806762152, 0.163263328949
0, 7.0, 5, no_regularization, -0.0532740550022, 0.21966403353, 0.242525160565, 0.0221703968626, 0.201198258078, 0.110191793281
0, 7.0, 1, regularization, -0.039387997248, 0.151077609758, 0.260713664394, 0.0382395605437, 0.168120315071, 0.227453538423
0, 7.0, 2, regularization, -0.0477811026993, 0.122516804024, 0.389996319932, 0.0280658890658, 0.116298610361, 0.241326091333
0, 7.0, 3, regularization, -0.0670941727728, 0.0215698954753, 3.11054695883, 0.0319320454713, 0.00967910762022, 3.2990691626
0, 7.0, 4, regularization, -0.0642770604262, 0.0448749792282, 1.43235855552, 0.0315938209795, 0.135709132377, 0.232805415717
0, 7.0, 5, regularization, -0.0542200195133, 0.124321160531, 0.436128646818, 0.0313784631793, 0.0892967429542, 0.351395382869
0, 1.0, 11, no_regularization, -0.00958243570175, 0.00754709905173, 1.2696846346, 0.00452297091741, 0.00523097528046, 0.864651556337
0, 1.0, 12, no_regularization, -0.009575837653, 0.0023837600263, 4.01711478813, 0.00467671281653, 0.00596988177089, 0.78338449504
0, 1.0, 13, no_regularization, -0.00959267166233, 0.00241066182196, 3.979268919, 0.00446929992905, 0.0057477053717, 0.777579858399
0, 1.0, 14, no_regularization, -0.00956318052859, 0.00236051877507, 4.05130458168, 0.00443043300479, 0.00564333690285, 0.78507327864
0, 1.0, 15, no_regularization, -0.00957684994497, 0.0023292341616, 4.11158744916, 0.00448851433402, 0.00569503199633, 0.788145586699
0, 1.0, 11, regularization, -0.00958640395184, 0.0023699654051, 4.04495522644, 0.00481739035908, 0.00355647318341, 1.35454145459
0, 1.0, 12, regularization, -0.00958358536371, 0.00228271525065, 4.19832712861, 0.00496651210378, 0.00338902007385, 1.46547143291
0, 1.0, 13, regularization, -0.00960131035218, 0.00234963200233, 4.08630387339, 0.00486251050189, 0.00354802436677, 1.37048396494
0, 1.0, 14, regularization, -0.00957417487768, 0.00227830940255, 4.20231548312, 0.00479796816793, 0.003475410802, 1.38054706085
0, 1.0, 15, regularization, -0.00958857243672, 0.00228862846776, 4.18965881609, 0.00495220306715, 0.00339884717324, 1.4570243423
0, 1.0, 6, no_regularization, -0.00958720722228, 0.0023536210393, 4.07338609836, 0.00448308987504, 0.0055110224095, 0.813476981569
0, 1.0, 7, no_regularization, -0.00957377872156, 0.00235425330641, 4.06658820251, 0.00454185153638, 0.00585075435421, 0.776284776528
0, 1.0, 8, no_regularization, -0.0095800207038, 0.0024839696372, 3.85673824685, 0.00433298241758, 0.00578048105187, 0.749588551316
0, 1.0, 9, no_regularization, -0.0095869925654, 0.00247086097924, 3.88002103152, 0.00447126821296, 0.00574320752656, 0.778531542223
0, 1.0, 10, no_regularization, -0.00956546173262, 0.00240636140011, 3.97507279339, 0.00450547741187, 0.00593133512146, 0.759605943621
0, 1.0, 6, regularization, -0.0095892767352, 0.00229021032151, 4.1870725344, 0.00488297600704, 0.00336475090643, 1.45121470885
0, 1.0, 7, regularization, -0.00958326468574, 0.00230412471306, 4.15917794355, 0.0048106110294, 0.00355592003967, 1.35284567025
0, 1.0, 8, regularization, -0.00957421760472, 0.00239074180441, 4.00470581434, 0.00464841210261, 0.00349610678078, 1.32959671832
0, 1.0, 9, regularization, -0.00959533245842, 0.0023808661254, 4.0301856354, 0.00480406530488, 0.00355832998065, 1.35008988233
0, 1.0, 10, regularization, -0.00957809794854, 0.00233070282742, 4.10953204152, 0.00491578491369, 0.00377552065691, 1.30201510213
0, 1.0, 21, no_regularization, -0.00957113807131, 0.0024126230218, 3.9671088209, 0.00451971494339, 0.00576501875558, 0.783989633861
0, 1.0, 22, no_regularization, -0.00957126692284, 0.00242231871365, 3.95128306977, 0.00453377973052, 0.00523285179169, 0.866407058905
0, 1.0, 23, no_regularization, -0.00956776686564, 0.00230142670506, 4.15731982453, 0.0045692304632, 0.00583644693534, 0.782878781186
0, 1.0, 24, no_regularization, -0.00957153667185, 0.00234015438988, 4.09013042612, 0.0045163572445, 0.00587664290269, 0.768526745504
0, 1.0, 25, no_regularization, -0.00959312511183, 0.00228085563325, 4.20593262107, 0.00456791755228, 0.00545716563779, 0.837049460374
0, 1.0, 21, regularization, -0.00957530295474, 0.00235249419509, 4.07027697443, 0.00494295509223, 0.00372068416293, 1.32850703682
0, 1.0, 22, regularization, -0.00958139915272, 0.00232271743701, 4.12508168237, 0.00488268096118, 0.00337788146755, 1.44548617472
0, 1.0, 23, regularization, -0.00957398253102, 0.00225952243513, 4.23717082078, 0.00494348962753, 0.00381254525178, 1.29663762685
0, 1.0, 24, regularization, -0.00957969784394, 0.0022561534291, 4.24603119645, 0.00478145805204, 0.00309498466009, 1.54490525064
0, 1.0, 25, regularization, -0.00959810980445, 0.0022345461495, 4.29532851967, 0.0048947681765, 0.00368439024016, 1.32851512936
0, 1.0, 16, no_regularization, -0.00958547035673, 0.00244046925368, 3.92771609078, 0.0044000522107, 0.00569848201292, 0.772144616887
0, 1.0, 17, no_regularization, -0.00960573895528, 0.00239946973073, 4.00327573725, 0.0045431885841, 0.00567477999208, 0.800592902358
0, 1.0, 18, no_regularization, -0.009587650907, 0.00240507328633, 3.98642775732, 0.00460445563256, 0.00595923875409, 0.772658358318
0, 1.0, 19, no_regularization, -0.0095628545289, 0.00239136969068, 3.99890262312, 0.00437456137262, 0.00560999173723, 0.779780359316
0, 1.0, 20, no_regularization, -0.00958671724507, 0.00247461309442, 3.87402671824, 0.00449999232868, 0.0055565313685, 0.809856370863
0, 1.0, 16, regularization, -0.00959020072623, 0.00233484844148, 4.1074189467, 0.00473628832024, 0.0033475190095, 1.41486525
0, 1.0, 17, regularization, -0.00961161922114, 0.00233605262001, 4.11447034146, 0.0049691014404, 0.00346118533697, 1.43566465145
0, 1.0, 18, regularization, -0.00959613233898, 0.00228628054987, 4.19726806472, 0.00490474129273, 0.0032029462602, 1.53132175637
0, 1.0, 19, regularization, -0.00957676874113, 0.00232658645513, 4.11623162338, 0.00472108296208, 0.00336806427965, 1.40171997031
0, 1.0, 20, regularization, -0.00959040455232, 0.00233140298141, 4.11357651542, 0.00494901511217, 0.00352568056875, 1.40370490623
0, 1.0, 1, no_regularization, -0.00957811744619, 0.00231864291856, 4.13091527356, 0.00451869529885, 0.0057156390882, 0.790584434936
0, 1.0, 2, no_regularization, -0.00958216047541, 0.00235405798838, 4.07048616589, 0.00469186051637, 0.00543881588172, 0.86266213426
0, 1.0, 3, no_regularization, -0.00957718274567, 0.00231137758543, 4.14349555263, 0.00464507313736, 0.00570838312182, 0.813728342725
0, 1.0, 4, no_regularization, -0.00959439913837, 0.00246893270457, 3.88605129682, 0.00444297582553, 0.0058656575405, 0.757455714872
0, 1.0, 5, no_regularization, -0.00959631025915, 0.0024510386089, 3.91520159017, 0.0044746646534, 0.00561939997393, 0.796288691703
0, 1.0, 1, regularization, -0.00958380508989, 0.00229691171797, 4.17247429011, 0.00490494325444, 0.00348334191426, 1.40811421192
0, 1.0, 2, regularization, -0.00958760342524, 0.00228153938494, 4.20225199202, 0.00501200649733, 0.00338557674085, 1.48039961311
0, 1.0, 3, regularization, -0.00957449916423, 0.00223795212367, 4.27824128272, 0.00498456845775, 0.00358605609133, 1.38998619397
0, 1.0, 4, regularization, -0.00958120790559, 0.00227912613106, 4.20389542071, 0.00483939814123, 0.00335209387383, 1.44369409789
0, 1.0, 5, regularization, -0.00959904943103, 0.00233865131189, 4.10452356973, 0.0048737465583, 0.00316131938703, 1.54168116588
0, 0.5, 21, no_regularization, -0.00477522916559, 0.00153491133841, 3.11107817508, 0.00231906438138, 0.0051200062624, 0.452941707984
0, 0.5, 22, no_regularization, -0.00478590225895, 0.00157157884857, 3.0452829416, 0.00223629722095, 0.00487364355974, 0.458855308875
0, 0.5, 23, no_regularization, -0.00478383280823, 0.00149137226002, 3.20767184456, 0.00247889162924, 0.00464812819098, 0.53330965227
0, 0.5, 24, no_regularization, -0.00478231733055, 0.00151937017592, 3.14756562051, 0.00235640611648, 0.00508036390703, 0.463826245443
0, 0.5, 25, no_regularization, -0.00480758609917, 0.00138022632646, 3.48318678393, 0.00235939990743, 0.00463495623135, 0.509044700675
0, 0.5, 21, regularization, -0.00477632836586, 0.00153192739963, 3.11785556353, 0.00172150738209, 0.00158894578504, 1.08342738833
0, 0.5, 22, regularization, -0.00478105506557, 0.00160611769011, 2.97677753941, 0.00162801581786, 0.00143895251483, 1.13138953585
0, 0.5, 23, regularization, -0.00477916387733, 0.00157357461834, 3.03713838647, 0.00201031548228, 0.00182219421804, 1.10323886575
0, 0.5, 24, regularization, -0.0047864630378, 0.00156024423744, 3.06776524017, 0.00179137065422, 0.00162056140328, 1.10540128292
0, 0.5, 25, regularization, -0.0048000723542, 0.0014945172948, 3.21178775977, 0.00180220822727, 0.00170933659498, 1.0543319745
0, 1.0, 26, no_regularization, -0.00958522524728, 0.00248282304903, 3.86061554045, 0.00452722415665, 0.00580124239667, 0.78038872488
0, 1.0, 27, no_regularization, -0.00959568191032, 0.00233510251069, 4.10931934097, 0.00437948581563, 0.00575384462926, 0.761140784609
0, 1.0, 28, no_regularization, -0.00959386061874, 0.00235638917884, 4.07142449341, 0.00456881150677, 0.00540118305966, 0.845890882851
0, 1.0, 29, no_regularization, -0.00956553667538, 0.00234685921842, 4.07588857495, 0.00452697292904, 0.0059838272706, 0.75653469332
0, 1.0, 30, no_regularization, -0.00956382545154, 0.00237830506617, 4.02127783672, 0.00466206193654, 0.00555889080371, 0.83866765892
0, 1.0, 26, regularization, -0.00958840287029, 0.00239231866553, 4.00799567735, 0.00488166104539, 0.00356910126406, 1.36775638577
0, 1.0, 27, regularization, -0.00959682383715, 0.00228984566749, 4.19103521841, 0.00474264066606, 0.00357864859267, 1.32526023253
0, 1.0, 28, regularization, -0.00960814598051, 0.00230966418704, 4.15997530481, 0.00489300705122, 0.00340513355935, 1.43695011251
0, 1.0, 29, regularization, -0.00957170027388, 0.00224632499936, 4.26104872475, 0.00491960004044, 0.00381335915239, 1.29009617081
0, 1.0, 30, regularization, -0.00956538823751, 0.00231626988513, 4.12965185919, 0.00491913671775, 0.00329035673628, 1.49501622834
