sinc_sim, strain percent, trial, regularization, mean axial strain, axial strain std, axial strain SNRe, mean lateral strain, lateral strain std, lateral strain SNRe
0, 1.0, 16, no_regularization, -0.00958594153602, 0.00244010752671, 3.92849144192, 0.00439996266184, 0.00569779726258, 0.772221695345
0, 1.0, 17, no_regularization, -0.00960607659245, 0.00239973568631, 4.00297276372, 0.00454301609977, 0.00567478027528, 0.800562467511
0, 1.0, 18, no_regularization, -0.00958755561527, 0.00240509947731, 3.98634472533, 0.00460448435775, 0.00595936818252, 0.772646397525
0, 1.0, 19, no_regularization, -0.00956339543859, 0.00239174696706, 3.99849798925, 0.0043750101659, 0.005611342301, 0.779672657845
0, 1.0, 20, no_regularization, -0.0095863225573, 0.00247449169597, 3.87405727525, 0.00450042626807, 0.00555648970721, 0.809940538939
0, 1.0, 16, regularization, -0.00959064031519, 0.00233466534251, 4.10792936382, 0.00473670942328, 0.0033475263283, 1.41498795192
0, 1.0, 17, regularization, -0.00961177972462, 0.00233625242471, 4.11418715844, 0.00496910020828, 0.00346108105456, 1.43570755205
0, 1.0, 18, regularization, -0.00959609276796, 0.00228629405724, 4.19722595944, 0.00490488931698, 0.00320334766832, 1.53117607729
0, 1.0, 19, regularization, -0.00957770118926, 0.0023264807629, 4.11681942185, 0.00472021214015, 0.00336832609751, 1.40135248296
0, 1.0, 20, regularization, -0.00959058760446, 0.00233100015704, 4.1143659195, 0.00494861484802, 0.00352542195465, 1.40369434118
0, 1.0, 26, no_regularization, -0.00958534864571, 0.00248249313262, 3.86117831294, 0.00452745826086, 0.00580326952132, 0.780156469424
0, 1.0, 27, no_regularization, -0.00959558686924, 0.00233506850928, 4.10933847598, 0.00437946957532, 0.00575394985668, 0.761124042511
0, 1.0, 28, no_regularization, -0.00959379677192, 0.00235645673782, 4.07128067234, 0.00456858888686, 0.00540295155091, 0.845572802905
0, 1.0, 29, no_regularization, -0.00956568699642, 0.00234699462501, 4.07571747054, 0.00452703618241, 0.00598571966228, 0.756306081446
0, 1.0, 30, no_regularization, -0.00956478675375, 0.00237875724504, 4.02091754999, 0.00466209249328, 0.00555922426711, 0.83862284903
0, 1.0, 26, regularization, -0.00958759446316, 0.00239135763586, 4.0092683417, 0.00488144274487, 0.00356974406112, 1.36744894348
0, 1.0, 27, regularization, -0.00959670088967, 0.00228982530862, 4.191018788, 0.00474257946055, 0.00357872940852, 1.32521320256
0, 1.0, 28, regularization, -0.00960780164554, 0.00230877548075, 4.16142744309, 0.00489275592889, 0.00340629757302, 1.4363853492
0, 1.0, 29, regularization, -0.00957193423455, 0.00224670552473, 4.26043116429, 0.00491992387289, 0.00381451270007, 1.28979092737
0, 1.0, 30, regularization, -0.00956614621227, 0.00231649336548, 4.12958066482, 0.00491907293739, 0.00329015115329, 1.49509025823
0, 1.0, 1, no_regularization, -0.00957779785094, 0.00231869404603, 4.13068635224, 0.00451853754856, 0.00571701909232, 0.790366006408
0, 1.0, 2, no_regularization, -0.00958281547002, 0.00235476959764, 4.06953422518, 0.00469168984191, 0.00543787718054, 0.862779663118
0, 1.0, 3, no_regularization, -0.00957693687178, 0.00231107687108, 4.14392830962, 0.00464489205794, 0.00570851931501, 0.813677207979
0, 1.0, 4, no_regularization, -0.0095931989409, 0.00246973733074, 3.88429928216, 0.00444067816864, 0.00586615202812, 0.757000184679
0, 1.0, 5, no_regularization, -0.00959639948075, 0.00245124160058, 3.9149137639, 0.00447472930071, 0.00561934444791, 0.796308064435
0, 1.0, 1, regularization, -0.00958198435711, 0.00229726607832, 4.17103810809, 0.0049047092765, 0.00348316063181, 1.40812032374
0, 1.0, 2, regularization, -0.00958787905737, 0.00228157424011, 4.20230860289, 0.00501192160538, 0.00338629488434, 1.48006059028
0, 1.0, 3, regularization, -0.009574298268, 0.00223772400863, 4.27858763237, 0.00498440585006, 0.00358559485917, 1.39011964425
0, 1.0, 4, regularization, -0.00957992767883, 0.00227883698948, 4.2038670265, 0.00483534460205, 0.00335440207883, 1.44149225061
0, 1.0, 5, regularization, -0.00959917727709, 0.00233884882886, 4.10423160258, 0.00487382738638, 0.00316122031708, 1.54175504948
0, 5.0, 16, no_regularization, -0.0479028320799, 0.0545540988677, 0.87807943077, 0.0246997128987, 0.0617776448621, 0.399816356771
0, 5.0, 17, no_regularization, -0.0478792558718, 0.0506514323034, 0.945269535224, 0.0244993633143, 0.0519188162782, 0.471878310611
0, 5.0, 18, no_regularization, -0.0478938160473, 0.0557214488813, 0.859522087254, 0.0242497116503, 0.067501439084, 0.359247328343
0, 5.0, 19, no_regularization, -0.0479029134717, 0.0407198874631, 1.17640092977, 0.0234345000549, 0.0599446253927, 0.390935799521
0, 5.0, 20, no_regularization, -0.047937047889, 0.0448540588852, 1.06873377974, 0.0236911214876, 0.0670004631896, 0.353596383663
0, 5.0, 16, regularization, -0.0478971333588, 0.0100381004659, 4.77153357067, 0.0232380553392, 0.00531572259566, 4.37157035963
0, 5.0, 17, regularization, -0.0478798871405, 0.00997465993757, 4.80015233002, 0.0235477944444, 0.0051929288058, 4.53458834601
0, 5.0, 18, regularization, -0.0478948402646, 0.0104016797766, 4.60452939268, 0.023389249526, 0.00564986904461, 4.13978613332
0, 5.0, 19, regularization, -0.0478983756107, 0.0103353677863, 4.63441423672, 0.0233449836554, 0.00583953301423, 3.99774838134
0, 5.0, 20, regularization, -0.0479149688922, 0.0103565496486, 4.62653784492, 0.0233952337448, 0.00573303595437, 4.08077568867
0, 9.0, 21, no_regularization, 0.0203191148698, 0.552197606034, 0.0367968181095, -0.0462940357879, 0.70269306151, 0.0658808779019
0, 9.0, 22, no_regularization, 0.0166597240496, 0.345318105994, 0.0482445714847, -0.248776705659, 0.535331892537, 0.464714897668
0, 9.0, 23, no_regularization, -0.00514587978544, 0.608807050342, 0.00845239847755, -0.0320939839681, 0.69533274529, 0.0461562959396
0, 9.0, 24, no_regularization, 0.0134588608639, 0.451751088321, 0.0297926473491, -0.251060399777, 0.759272358712, 0.330659211936
0, 9.0, 25, no_regularization, 0.153581727635, 0.8527980519, 0.180091555431, -0.207923664151, 0.54587436507, 0.380900217076
0, 9.0, 21, regularization, 0.0167406531458, 0.448646235382, 0.037313704709, -0.0344987136894, 0.67694608263, 0.0509622768705
0, 9.0, 22, regularization, 0.00983650603543, 0.253896296044, 0.0387422195152, -0.237238939429, 0.528764584896, 0.448666469363
0, 9.0, 23, regularization, -0.00676550277892, 0.580960880031, 0.0116453672037, -0.0397753484821, 0.693852882061, 0.0573253343907
0, 9.0, 24, regularization, 0.00828146096629, 0.378339846249, 0.0218889473271, -0.25930822141, 0.72141813846, 0.359442336679
0, 9.0, 25, regularization, 0.159757958264, 0.828733648027, 0.192773587321, -0.213041092819, 0.508716273391, 0.418781753135
0, 11.0, 16, no_regularization, -0.0129281599489, 0.440219986886, 0.0293674988278, -0.101368080388, 1.15684904719, 0.0876242934502
0, 11.0, 17, no_regularization, 0.0147748652506, 0.482564828533, 0.0306173686457, -0.100329863902, 0.950130803601, 0.105595843774
0, 11.0, 18, no_regularization, 0.0128587913754, 0.32765107426, 0.0392453814, -0.254727116668, 0.545683409723, 0.466803850236
0, 11.0, 19, no_regularization, 0.0124331620864, 0.327790162481, 0.0379302477911, -0.256940301458, 0.55034846023, 0.466868393437
0, 11.0, 20, no_regularization, 0.0129098971585, 0.328111165144, 0.0393461074475, -0.258958923237, 0.582622622417, 0.444471109211
0, 11.0, 16, regularization, -0.0100665100329, 0.352560202804, 0.0285525988267, -0.09597014653, 1.13987206141, 0.0841937878639
0, 11.0, 17, regularization, 0.0153244461489, 0.421504794951, 0.0363565167762, -0.107097021596, 0.949431551353, 0.11280120346
0, 11.0, 18, regularization, 0.0118936180788, 0.265657803924, 0.0447704449223, -0.256044791442, 0.509420231488, 0.502619989579
0, 11.0, 19, regularization, 0.0142922207962, 0.256485878854, 0.0557232267915, -0.259961605597, 0.518398969687, 0.501470143265
0, 11.0, 20, regularization, 0.0172904736634, 0.246980422388, 0.0700074665687, -0.247672622495, 0.558732154958, 0.443276121299
0, 9.0, 1, no_regularization, 0.00712701583398, 0.334549091185, 0.0213033483628, -0.260118457087, 0.557865667664, 0.466274359877
0, 9.0, 2, no_regularization, -0.0511906554616, 0.379115440715, 0.135026564376, 0.023621813646, 0.281033507639, 0.0840533708755
0, 9.0, 3, no_regularization, 0.151553007964, 0.739255561152, 0.205007599439, -0.119896347195, 0.482270939224, 0.248607862185
0, 9.0, 4, no_regularization, 0.00756825207528, 0.650067832748, 0.0116422497684, 0.0323868177675, 0.521035605935, 0.0621585500082
0, 9.0, 5, no_regularization, 0.00459885890061, 0.488737795275, 0.00940966494728, -0.285371557119, 0.763136861434, 0.373945450077
0, 9.0, 1, regularization, 0.0124540153041, 0.274879303488, 0.045307213552, -0.263560303205, 0.531631423007, 0.495757571503
0, 9.0, 2, regularization, -0.0472668566209, 0.261314160278, 0.180881344396, 0.0219932325192, 0.199179897202, 0.110418936992
0, 9.0, 3, regularization, 0.154354820818, 0.708695631928, 0.21780128713, -0.124809856713, 0.460718649261, 0.270902549557
0, 9.0, 4, regularization, 0.0104388128452, 0.614388854927, 0.0169905634867, 0.0390957461587, 0.475044055265, 0.082299200938
0, 9.0, 5, regularization, 0.000349158358251, 0.400324921627, 0.000872187414243, -0.292082999128, 0.734610050379, 0.397602781201
0, 0.5, 21, no_regularization, -0.00477553565881, 0.0015349031748, 3.11129440424, 0.00231900354935, 0.00511997333959, 0.452932739204
0, 0.5, 22, no_regularization, -0.00478576965932, 0.00157154312141, 3.04526779706, 0.00223626964342, 0.00487375590634, 0.458839073273
0, 0.5, 23, no_regularization, -0.00478364211578, 0.00149138311184, 3.20752064161, 0.00247897171961, 0.00464854673216, 0.533278863791
0, 0.5, 24, no_regularization, -0.00478193761966, 0.00151829823025, 3.14953776827, 0.00235636415972, 0.00508304815035, 0.46357305499
0, 0.5, 25, no_regularization, -0.00480833257554, 0.00137970763999, 3.48503729065, 0.00235929683969, 0.00463551552779, 0.508961047708
0, 0.5, 21, regularization, -0.00477648613811, 0.00153196639188, 3.11787919332, 0.0017213838617, 0.00158893124603, 1.08335956386
0, 0.5, 22, regularization, -0.00478099939395, 0.00160609084262, 2.97679263655, 0.00162803955375, 0.00143890845268, 1.13144067694
0, 0.5, 23, regularization, -0.00477912617972, 0.00157348210419, 3.03729299939, 0.00201030050398, 0.0018222534036, 1.10319481364
0, 0.5, 24, regularization, -0.00478746762193, 0.00155911295694, 3.07063551786, 0.00179100010238, 0.00162002823425, 1.10553635086
0, 0.5, 25, regularization, -0.00480107297296, 0.00149411577754, 3.21332057739, 0.00180217173534, 0.00171010614387, 1.05383618543
0, 0.5, 26, no_regularization, -0.00479440306487, 0.00154954567902, 3.09407017153, 0.00227722559742, 0.0048202691859, 0.472427059485
0, 0.5, 27, no_regularization, -0.00479000250611, 0.00147205283862, 3.25396098594, 0.00215411758661, 0.00495626796379, 0.434624923905
0, 0.5, 28, no_regularization, -0.00479520524308, 0.00146737874905, 3.26787153362, 0.00243392013108, 0.00487201982304, 0.499571064873
0, 0.5, 29, no_regularization, -0.00478208465161, 0.00148075932556, 3.22948136747, 0.00236579185458, 0.00483946667334, 0.488853837472
0, 0.5, 30, no_regularization, -0.00479374325918, 0.00153225773152, 3.12854891222, 0.0024433304525, 0.00504449667172, 0.48435564765
0, 0.5, 26, regularization, -0.00479404503086, 0.00157996477134, 3.03427336976, 0.00169843204661, 0.0015968510967, 1.06361328875
0, 0.5, 27, regularization, -0.0047935886103, 0.00152884711537, 3.13542705619, 0.00156350123899, 0.00165615298368, 0.944056046995
0, 0.5, 28, regularization, -0.00479523139194, 0.00153781665365, 3.11820747977, 0.00192195370125, 0.00185573500112, 1.03568327379
0, 0.5, 29, regularization, -0.00478324126355, 0.00155688912806, 3.07230693396, 0.00184814674532, 0.00175054635168, 1.05575424698
0, 0.5, 30, regularization, -0.00479575845931, 0.00153536306666, 3.1235338165, 0.00194099758827, 0.00177658176763, 1.09254616007
0, 9.0, 16, no_regularization, -0.0804243056294, 0.640952028494, 0.125476325925, -0.0153967960426, 0.639427667083, 0.0240790269724
0, 9.0, 17, no_regularization, -0.00993565996436, 0.68854550251, 0.0144299250059, -0.0562486021918, 0.652670498175, 0.0861822349089
0, 9.0, 18, no_regularization, 0.0646545526067, 1.03970748782, 0.0621853293973, -0.216124473894, 0.763078571789, 0.283227025216
0, 9.0, 19, no_regularization, -0.00469714285962, 0.483590900619, 0.00971305054254, -0.243638300401, 1.2009610783, 0.202869439154
0, 9.0, 20, no_regularization, 0.0124243017746, 0.335380758313, 0.037045362522, -0.259440776175, 0.548779241886, 0.472759821022
0, 9.0, 16, regularization, -0.0842727133307, 0.631618527052, 0.13342343475, -0.00355764724572, 0.601447386717, 0.00591514291073
0, 9.0, 17, regularization, -0.00197134023074, 0.664620940389, 0.00296611212639, -0.0445124607221, 0.58431634961, 0.0761787014035
0, 9.0, 18, regularization, 0.0653924200142, 0.984939787707, 0.0663923021797, -0.212496691661, 0.756565142447, 0.280870317358
0, 9.0, 19, regularization, -0.00173587974121, 0.392579144748, 0.00442173193464, -0.240114855254, 1.1657277897, 0.205978494616
0, 9.0, 20, regularization, 0.00978846631774, 0.234580518397, 0.0417275329795, -0.253143874129, 0.527664761721, 0.479743754924
0, 7.0, 26, no_regularization, -0.00678942179178, 0.760078176588, 0.00893253089078, -0.145237213284, 0.657729188453, 0.220816128938
0, 7.0, 27, no_regularization, -0.0261729224575, 0.242413476983, 0.107968099725, 0.0135655943479, 0.228291112114, 0.0594223499212
0, 7.0, 28, no_regularization, -0.00903822926263, 0.838996811112, 0.0107726622353, -0.209828833024, 0.854132170932, 0.2456631891
0, 7.0, 29, no_regularization, -0.0455915309423, 0.271783232295, 0.167749608971, 0.0173826083436, 0.26501051995, 0.0655921445943
0, 7.0, 30, no_regularization, -0.0685311553809, 0.16712394663, 0.410061853867, 0.0288655236619, 0.186604919919, 0.154687902518
0, 7.0, 26, regularization, -0.011539843271, 0.704735667544, 0.0163747115442, -0.137333980611, 0.581998508513, 0.235969643569
0, 7.0, 27, regularization, -0.0257682981569, 0.170078973113, 0.151507841829, 0.0159363781279, 0.150259363326, 0.106059135186
0, 7.0, 28, regularization, -0.00912926470605, 0.80654654047, 0.0113189558791, -0.216555659487, 0.811633286024, 0.266814660285
0, 7.0, 29, regularization, -0.0543003798055, 0.13523989771, 0.401511541526, 0.0271064978655, 0.124485941688, 0.217747462066
0, 7.0, 30, regularization, -0.0670812794316, 0.0802126858814, 0.83629264741, 0.0340228153228, 0.0915228770048, 0.371741103823
0, 7.0, 11, no_regularization, -0.0356105925456, 0.236321848824, 0.150686839675, 0.0256477097439, 0.234917506637, 0.109177515593
0, 7.0, 12, no_regularization, -0.0353109747643, 0.261467937723, 0.135048966507, 0.021135827567, 0.261988497348, 0.0806746394631
0, 7.0, 13, no_regularization, -0.0674477573793, 0.100608580898, 0.670397661683, 0.02553889897, 0.109578775145, 0.233064285818
0, 7.0, 14, no_regularization, -0.0694643620806, 0.129769975081, 0.535288398084, 0.0249996918048, 0.12359170417, 0.202276455146
0, 7.0, 15, no_regularization, -0.0182112527754, 0.469744061524, 0.0387684576922, -0.10046985816, 0.567276066554, 0.177109284322
0, 7.0, 11, regularization, -0.03764375409, 0.164326669278, 0.229078787121, 0.028016964991, 0.161522187926, 0.173455828891
0, 7.0, 12, regularization, -0.0373855146798, 0.14682850057, 0.254620285127, 0.0297209489286, 0.110097218073, 0.269951861171
0, 7.0, 13, regularization, -0.0670755556764, 0.020851314741, 3.21685018472, 0.0299873363932, 0.0231507770367, 1.29530582691
0, 7.0, 14, regularization, -0.0665234798856, 0.0332557620871, 2.00035950797, 0.0289005032269, 0.0286440320319, 1.00895373929
0, 7.0, 15, regularization, -0.0255058849972, 0.410029080095, 0.0622050635806, -0.100334722632, 0.545714109884, 0.183859498618
0, 5.0, 6, no_regularization, -0.0478659427662, 0.0440705959508, 1.08611970711, 0.0239309210758, 0.0502371698612, 0.476358862211
0, 5.0, 7, no_regularization, -0.047903390976, 0.0462079209497, 1.03669219457, 0.0243823378045, 0.0605702313441, 0.402546552381
0, 5.0, 8, no_regularization, -0.0478375372338, 0.038547555588, 1.24100053827, 0.0234907859165, 0.0626386965276, 0.375020350337
0, 5.0, 9, no_regularization, -0.0479162238967, 0.0416184958745, 1.15132041392, 0.0230606779858, 0.0610197089322, 0.377921795915
0, 5.0, 10, no_regularization, -0.0478695612511, 0.0650103530883, 0.736337505906, 0.0244677495341, 0.0562827207821, 0.434729330673
0, 5.0, 6, regularization, -0.0478720242368, 0.00996365717588, 4.80466392929, 0.023360131861, 0.00542053374298, 4.30956303726
0, 5.0, 7, regularization, -0.0478979373837, 0.0106969033222, 4.47773864462, 0.0236629832562, 0.00535116516701, 4.42202445965
0, 5.0, 8, regularization, -0.0478499184704, 0.00992419744109, 4.82154035673, 0.0232556186981, 0.00535443087299, 4.34324753643
0, 5.0, 9, regularization, -0.0479087099434, 0.0114828247343, 4.17220597301, 0.0234600462449, 0.00543856580102, 4.31364574838
0, 5.0, 10, regularization, -0.0478693201193, 0.0102553931139, 4.6677216161, 0.0234242252291, 0.00611314238533, 3.83178139042
0, 3.0, 16, no_regularization, -0.0287233384129, 0.00882427331137, 3.25503725909, 0.0145034584057, 0.00967532737327, 1.49901474608
0, 3.0, 17, no_regularization, -0.0287596019806, 0.00855979230308, 3.35984810873, 0.0146605752868, 0.0154343291352, 0.949867996102
0, 3.0, 18, no_regularization, -0.0287469324459, 0.0102032939528, 2.8174168635, 0.0151915377793, 0.0168344858593, 0.90240580593
0, 3.0, 19, no_regularization, -0.0285775139219, 0.0101428584481, 2.81750101002, 0.0150652346437, 0.0100293197481, 1.50211928846
0, 3.0, 20, no_regularization, -0.0287394556276, 0.00614255547252, 4.67874580152, 0.0150450854171, 0.0100528451611, 1.49659973628
0, 3.0, 16, regularization, -0.0287226439848, 0.00581352632927, 4.94065776226, 0.0140293217, 0.00497453478849, 2.8202278799
0, 3.0, 17, regularization, -0.0287557479235, 0.00576632260168, 4.98684341995, 0.0145274008862, 0.00510490602488, 2.84577244231
0, 3.0, 18, regularization, -0.0287479772673, 0.00574955355456, 5.00003643666, 0.0146734948998, 0.00527876022493, 2.77972369923
0, 3.0, 19, regularization, -0.0287356192604, 0.00578056124403, 4.97107772885, 0.0145245878513, 0.00546660028401, 2.65696906608
0, 3.0, 20, regularization, -0.0287458548944, 0.0058783141793, 4.89015285974, 0.0144812977249, 0.00521370899533, 2.77754238641
0, 11.0, 11, no_regularization, 0.0134649559871, 0.339485932462, 0.039662780397, -0.25070715978, 0.541110991915, 0.463319288511
0, 11.0, 12, no_regularization, 0.0106712816863, 0.331629611299, 0.0321783137655, -0.254809840768, 0.548048415312, 0.464940384186
0, 11.0, 13, no_regularization, 0.00814023693969, 0.333630563788, 0.0243989544821, -0.254300290734, 0.54353379568, 0.467864726636
0, 11.0, 14, no_regularization, -0.00401016754305, 0.320501969005, 0.0125121463544, -0.25107582377, 0.551165261142, 0.455536372612
0, 11.0, 15, no_regularization, -0.0229894061719, 0.467188625154, 0.049207974968, -0.308545266948, 1.18249608692, 0.260927093426
0, 11.0, 11, regularization, 0.00778504078095, 0.273057125848, 0.0285106669777, -0.241857371219, 0.526841944636, 0.459070075346
0, 11.0, 12, regularization, 0.00664201033863, 0.250227110002, 0.0265439277886, -0.244749761127, 0.516736491706, 0.473645204191
0, 11.0, 13, regularization, 0.0119199896133, 0.260048802027, 0.0458375101916, -0.256880416219, 0.529328564207, 0.485294831204
0, 11.0, 14, regularization, -0.00382406303588, 0.245701497174, 0.0155638572815, -0.262643872528, 0.542779646555, 0.483886737823
0, 11.0, 15, regularization, -0.0202745473589, 0.413920839062, 0.0489817024069, -0.310657566775, 1.17002851843, 0.265512816039
0, 9.0, 6, no_regularization, 0.00360529708739, 0.347182856357, 0.0103844329332, -0.0126806863438, 0.358411296347, 0.0353802641632
0, 9.0, 7, no_regularization, 0.0018241958357, 0.57720551829, 0.003160392231, -0.0928605113819, 0.998201411555, 0.0930278301624
0, 9.0, 8, no_regularization, 0.000249230948022, 0.620179265139, 0.00040186920465, -0.251557524442, 0.803145276204, 0.3132154691
0, 9.0, 9, no_regularization, 0.0676285118853, 0.842496085996, 0.0802716036423, -0.197538498854, 0.74887267438, 0.263781154811
0, 9.0, 10, no_regularization, 0.00199537722864, 0.855966346448, 0.00233113981282, 0.0542327575956, 0.948152218813, 0.057198365958
0, 9.0, 6, regularization, 0.00368772352751, 0.240727683991, 0.015319067032, -0.0169718273445, 0.325859488187, 0.0520832688928
0, 9.0, 7, regularization, -0.00126325549275, 0.487315895213, 0.00259227229228, -0.0927870569092, 0.997905587743, 0.0929817991289
0, 9.0, 8, regularization, -0.00403650484516, 0.603810605294, 0.00668505125576, -0.252538785479, 0.814831341324, 0.309927677878
0, 9.0, 9, regularization, 0.0670786823575, 0.832059303293, 0.080617670029, -0.196004633869, 0.735161655545, 0.266614332223
0, 9.0, 10, regularization, -0.00228259736008, 0.816013216754, 0.00279725537922, 0.0422057678409, 0.899239049608, 0.046934981148
0, 11.0, 6, no_regularization, 0.00283968790093, 0.555744853573, 0.00510969716169, -0.124878984659, 0.694734928363, 0.179750548822
0, 11.0, 7, no_regularization, 0.00297561986152, 0.534479418839, 0.00556732356128, -0.0501064882428, 1.03391702224, 0.0484627752177
0, 11.0, 8, no_regularization, -0.0200851487695, 0.478582302936, 0.0419680139575, -0.284622640961, 1.13482731012, 0.250807006866
0, 11.0, 9, no_regularization, 0.00726652486808, 0.329090183867, 0.0220806490874, -0.206200268876, 0.571755417681, 0.360644188931
0, 11.0, 10, no_regularization, 0.0204827010725, 0.545142799489, 0.0375730929432, -0.243126502092, 0.897996586137, 0.270743236495
0, 11.0, 6, regularization, 0.00409162436436, 0.477301468338, 0.00857241101438, -0.122159133515, 0.63590131937, 0.192103915803
0, 11.0, 7, regularization, -0.00062568447289, 0.469627551052, 0.00133229933271, -0.0520450174863, 0.974913739311, 0.0533842281504
0, 11.0, 8, regularization, -0.0158726375741, 0.399543645764, 0.0397269178033, -0.275635854562, 1.11303527726, 0.247643412741
0, 11.0, 9, regularization, 0.00337917479445, 0.246568370721, 0.013704818605, -0.216675268863, 0.543593690902, 0.398597836011
0, 11.0, 10, regularization, 0.0245923464179, 0.455991521219, 0.053931587044, -0.241318834997, 0.878920140772, 0.27456286846
0, 0.5, 6, no_regularization, -0.00479248784265, 0.00156205536375, 3.06806529004, 0.00215378551977, 0.00489083208803, 0.440372002351
0, 0.5, 7, no_regularization, -0.0047781973795, 0.00150306259856, 3.17897430492, 0.00236657772275, 0.0049612014508, 0.477017058512
0, 0.5, 8, no_regularization, -0.00478730108995, 0.00147022316258, 3.25617308434, 0.00218540337089, 0.00490859201941, 0.445220006521
0, 0.5, 9, no_regularization, -0.00479340682745, 0.00143410663901, 3.34243402622, 0.00229154002815, 0.00466589870751, 0.491125112609
0, 0.5, 10, no_regularization, -0.00478631325896, 0.00152841045984, 3.13156274753, 0.00231259469491, 0.00486658523918, 0.475198641604
0, 0.5, 6, regularization, -0.00479171608614, 0.00159311261172, 3.00776985311, 0.00158694040418, 0.0014806162754, 1.0718107254
0, 0.5, 7, regularization, -0.00478058382872, 0.00157073501355, 3.04353298772, 0.00173850785365, 0.0019120292631, 0.909247513729
0, 0.5, 8, regularization, -0.00478921255866, 0.00153237313054, 3.12535665317, 0.00171147396016, 0.00157888795557, 1.08397429604
0, 0.5, 9, regularization, -0.0047883738263, 0.00151222258418, 3.16644776794, 0.00176728790043, 0.00167761345626, 1.05345357945
0, 0.5, 10, regularization, -0.00478025271939, 0.0015911786381, 3.00422127656, 0.0017530301753, 0.00166131575607, 1.05520589261
0, 0.5, 1, no_regularization, -0.00479581228935, 0.00154792137907, 3.09822730935, 0.00246960170624, 0.00502321269675, 0.491637892984
0, 0.5, 2, no_regularization, -0.00478964444498, 0.00145687219665, 3.28762156076, 0.00248469405244, 0.00503655719963, 0.493331844345
0, 0.5, 3, no_regularization, -0.00479069537771, 0.00153539148172, 3.12017842664, 0.00231529362199, 0.004741588762, 0.488294902448
0, 0.5, 4, no_regularization, -0.0047774241179, 0.00148149740267, 3.22472662407, 0.00228163337394, 0.00526430416991, 0.433415946401
0, 0.5, 5, no_regularization, -0.00479683187959, 0.00149666458925, 3.20501461319, 0.00215900794375, 0.00461215184325, 0.468112936678
0, 0.5, 1, regularization, -0.00479909774805, 0.00155642347159, 3.0834138881, 0.00185978319304, 0.00185798465853, 1.00096800289
0, 0.5, 2, regularization, -0.00479134773205, 0.0015206245731, 3.15090773673, 0.00187986058544, 0.00181211832747, 1.0373829109
0, 0.5, 3, regularization, -0.00478722222663, 0.00155261143172, 3.08333568131, 0.00170494454822, 0.00153295488382, 1.1121948638
0, 0.5, 4, regularization, -0.00477584940989, 0.00156036855763, 3.06071881963, 0.00166363714972, 0.00178207413957, 0.933539807791
0, 0.5, 5, regularization, -0.00480299501733, 0.00154467439909, 3.1093899272, 0.00153257331058, 0.00146639640847, 1.04512893085
0, 3.0, 6, no_regularization, -0.0277733077975, 0.026487361025, 1.04854944859, 0.01457800009, 0.0211205875735, 0.690227013774
0, 3.0, 7, no_regularization, -0.0287289259434, 0.00886757588664, 3.23977221178, 0.0152184717263, 0.0105545768521, 1.44188364343
0, 3.0, 8, no_regularization, -0.0287144285045, 0.0108970788168, 2.63505743028, 0.0145318454236, 0.0166418654068, 0.873210128098
0, 3.0, 9, no_regularization, -0.0287347489161, 0.0199957916544, 1.43703982382, 0.0147731458766, 0.0205566171659, 0.718656467521
0, 3.0, 10, no_regularization, -0.0287341176017, 0.0216345779288, 1.32815706857, 0.015245012718, 0.0172925472529, 0.881594394105
0, 3.0, 6, regularization, -0.0286631564993, 0.00567320977882, 5.05237028364, 0.0144092507271, 0.00510752322986, 2.82118163318
0, 3.0, 7, regularization, -0.0287187701908, 0.00576898365249, 4.97813339763, 0.0146240567302, 0.0055999186296, 2.61147664769
0, 3.0, 8, regularization, -0.0287211108757, 0.00575222378282, 4.99304477018, 0.01438357736, 0.0052643440415, 2.73226393386
0, 3.0, 9, regularization, -0.0287425644165, 0.00592277148239, 4.85289099908, 0.0142026959165, 0.00485854471543, 2.92324075384
0, 3.0, 10, regularization, -0.0287311765098, 0.00586678889466, 4.89725760134, 0.0147294846179, 0.005545489515, 2.65611982099
0, 7.0, 21, no_regularization, -0.0196250176552, 0.693802051601, 0.0282861914432, -0.0215674046918, 0.360532596603, 0.0598209562602
0, 7.0, 22, no_regularization, -0.0670743658728, 0.0955071691436, 0.702296659761, 0.0302285184574, 0.0969560589545, 0.311775445324
0, 7.0, 23, no_regularization, -0.0672579752949, 0.0919095042539, 0.731784768516, 0.0296759989364, 0.0896622645168, 0.330975345049
0, 7.0, 24, no_regularization, 0.0441693584444, 0.646432410938, 0.0683278834678, 0.0201512134952, 0.365265996561, 0.0551685995546
0, 7.0, 25, no_regularization, 0.0108282281465, 0.607202710185, 0.0178329707112, -0.27400440643, 0.751077482903, 0.364815099198
0, 7.0, 21, regularization, -0.0229900148622, 0.652416540932, 0.0352382464572, -0.0163145088808, 0.297052863139, 0.0549212308827
0, 7.0, 22, regularization, -0.0670239778464, 0.0202827650008, 3.30447933719, 0.0322353261776, 0.00820735371599, 3.92761507461
0, 7.0, 23, regularization, -0.0670387843076, 0.0208313292138, 3.21817122755, 0.0317571188429, 0.00816506415792, 3.88938999482
0, 7.0, 24, regularization, 0.046398524193, 0.587309471358, 0.0790018320081, 0.0281428685142, 0.272440608548, 0.103299095771
0, 7.0, 25, regularization, 0.0126919965794, 0.556317252001, 0.0228143141953, -0.270144562941, 0.742925479368, 0.36362269224
0, 0.5, 16, no_regularization, -0.00478040579252, 0.00153835421597, 3.1074805418, 0.00213631782636, 0.00482541929656, 0.442721698378
0, 0.5, 17, no_regularization, -0.00480096577514, 0.00144404349771, 3.32466839313, 0.00223436264487, 0.00507126600282, 0.440592673236
0, 0.5, 18, no_regularization, -0.00462985879637, 0.00511318898508, 0.905473826584, 0.00228545186427, 0.00473274392706, 0.482902075308
0, 0.5, 19, no_regularization, -0.0047793322921, 0.00148819037186, 3.21150598908, 0.00231942842387, 0.00515544183533, 0.449899057724
0, 0.5, 20, no_regularization, -0.0047863674105, 0.00157629970903, 3.03645771364, 0.00230322669992, 0.00495423468121, 0.464900604861
0, 0.5, 16, regularization, -0.00478317657622, 0.00153844296129, 3.10910231746, 0.0015500264456, 0.00162759236647, 0.952343152703
0, 0.5, 17, regularization, -0.0047924027252, 0.00150503207474, 3.18425288447, 0.00168499008854, 0.00161253499709, 1.04493241485
0, 0.5, 18, regularization, -0.00479590442182, 0.00147731323803, 3.24636935374, 0.00180699861178, 0.00168934444239, 1.06964486723
0, 0.5, 19, regularization, -0.00477386909354, 0.0015220478558, 3.1364776576, 0.00186537398496, 0.0020776463378, 0.897830372293
0, 0.5, 20, regularization, -0.00478631861322, 0.0016112414091, 2.97057820522, 0.00163979956141, 0.00158600355837, 1.03391921964
0, 3.0, 21, no_regularization, -0.0287129159089, 0.0089497649733, 3.20823127697, 0.0150013022333, 0.00981058640274, 1.52909333015
0, 3.0, 22, no_regularization, -0.0287341702436, 0.0113673924823, 2.52777145579, 0.0146374547208, 0.0127893808946, 1.14450064796
0, 3.0, 23, no_regularization, -0.0287555060448, 0.0209567957088, 1.37213276516, 0.0152983445062, 0.0101765851864, 1.50328860084
0, 3.0, 24, no_regularization, -0.0287234807072, 0.0212170740237, 1.35379085142, 0.0153284577753, 0.0203474167692, 0.753336796958
0, 3.0, 25, no_regularization, -0.028747181218, 0.0109353688945, 2.62882592215, 0.0152410464307, 0.0128195214556, 1.18889355452
0, 3.0, 21, regularization, -0.0287157494748, 0.00585518547887, 4.90432789508, 0.0144136202521, 0.00491729201425, 2.93121096131
0, 3.0, 22, regularization, -0.0287378568647, 0.00582116787235, 4.93678545179, 0.0145141531503, 0.00508626814862, 2.85359574568
0, 3.0, 23, regularization, -0.0287562082786, 0.00578736809625, 4.9687885409, 0.0147179289201, 0.0054116870326, 2.71965633479
0, 3.0, 24, regularization, -0.0287282925131, 0.00573117132101, 5.01263893609, 0.0147140841365, 0.00521047532566, 2.82394277236
0, 3.0, 25, regularization, -0.0287545185772, 0.00572943973592, 5.01873130752, 0.0145808389847, 0.00531430814279, 2.74369468102
0, 11.0, 26, no_regularization, 0.0132156058279, 0.327304151471, 0.0403771408598, -0.245053233994, 0.565580380456, 0.433277465878
0, 11.0, 27, no_regularization, 0.0130953439709, 0.376340494731, 0.0347965317426, -0.258700487322, 0.586485206748, 0.441103175913
0, 11.0, 28, no_regularization, 0.0107581217872, 0.332980921561, 0.0323085230733, -0.245449074761, 0.544714949681, 0.450600951755
0, 11.0, 29, no_regularization, 0.00950678436336, 0.349695295777, 0.0271859086415, -0.255732473362, 0.553774817718, 0.461798668303
0, 11.0, 30, no_regularization, -0.00508829966672, 0.567565068154, 0.00896513889283, -0.0706414186226, 1.07928079497, 0.0654523076404
0, 11.0, 26, regularization, 0.00633963995149, 0.229238026507, 0.027655271894, -0.249195205496, 0.556121892943, 0.448094579009
0, 11.0, 27, regularization, 0.0108097391427, 0.277804886057, 0.038911263571, -0.266226516563, 0.560203579012, 0.475231730995
0, 11.0, 28, regularization, 0.00817530648316, 0.254735163308, 0.0320933567906, -0.24918701479, 0.515793089914, 0.483114294593
0, 11.0, 29, regularization, 0.0136745767543, 0.257134501942, 0.0531806375691, -0.248400721405, 0.544729993759, 0.456007057168
0, 11.0, 30, regularization, -0.00595458667374, 0.522861265555, 0.0113884639502, -0.0681612225288, 1.09650938953, 0.0621620053411
0, 5.0, 11, no_regularization, -0.0478927030951, 0.05386825795, 0.889070946745, 0.0223400003334, 0.0575242841014, 0.388357728955
0, 5.0, 12, no_regularization, -0.047859658057, 0.0505922357031, 0.945988201388, 0.0232120857641, 0.0588254077093, 0.394592858222
0, 5.0, 13, no_regularization, -0.0480815947103, 0.0512114025781, 0.938884550897, 0.0224683921552, 0.0564735585203, 0.397856850956
0, 5.0, 14, no_regularization, -0.0478526745189, 0.0642034887273, 0.745328259687, 0.0233074963833, 0.0454541751744, 0.512769097534
0, 5.0, 15, no_regularization, -0.0479052080157, 0.0568831841119, 0.842168186673, 0.023512901049, 0.0680039928625, 0.34575765421
0, 5.0, 11, regularization, -0.0478968599566, 0.0114073578451, 4.19876895308, 0.0234990594863, 0.00553998604042, 4.24171817671
0, 5.0, 12, regularization, -0.0478616167403, 0.00986126218091, 4.85349804743, 0.0234179878197, 0.00590821708472, 3.96363022616
0, 5.0, 13, regularization, -0.0479107848285, 0.0106343896753, 4.50526887686, 0.0232729868384, 0.0055806586776, 4.17029389951
0, 5.0, 14, regularization, -0.0478572071163, 0.0197117427365, 2.42785266407, 0.0233532241252, 0.00460263720187, 5.07387897435
0, 5.0, 15, regularization, -0.0479001606713, 0.0109056693683, 4.39222564465, 0.0233978503076, 0.00603907545831, 3.87440933122
0, 7.0, 1, no_regularization, -0.0391757083286, 0.300726509274, 0.130270219354, 0.0436801380681, 0.297344195523, 0.146900927363
0, 7.0, 2, no_regularization, -0.0392371454339, 0.534997183555, 0.0733408448493, -0.0283079719845, 0.753887726993, 0.0375493206361
0, 7.0, 3, no_regularization, -0.012280473088, 0.262404087462, 0.046799854403, 0.0168825531158, 0.260720627458, 0.0647534231579
0, 7.0, 4, no_regularization, -0.0605172791938, 0.159095191893, 0.380384086242, 0.0284587311983, 0.167035778607, 0.170375062371
0, 7.0, 5, no_regularization, -0.0400243818051, 0.246168830778, 0.162589153463, 0.0162825499132, 0.258955482439, 0.0628777956729
0, 7.0, 1, regularization, -0.0480902697834, 0.189847560727, 0.253309916648, 0.0352028889862, 0.170545150758, 0.206413895849
0, 7.0, 2, regularization, -0.0442656785629, 0.45937269259, 0.0963611448329, -0.0280203290629, 0.737006236717, 0.0380191206898
0, 7.0, 3, regularization, -0.0159099291691, 0.182257818315, 0.0872935345994, 0.0179544845383, 0.186545808421, 0.0962470542237
0, 7.0, 4, regularization, -0.0619425841781, 0.0774649249346, 0.799621044369, 0.0320732623694, 0.0835205894172, 0.384016235915
0, 7.0, 5, regularization, -0.0486008996914, 0.159885489784, 0.303973173281, 0.0274679854222, 0.145485704037, 0.188801955518
0, 1.0, 11, no_regularization, -0.00958230817017, 0.00754714194768, 1.26966052005, 0.00452298267734, 0.00523073825913, 0.864692984675
0, 1.0, 12, no_regularization, -0.00957584015319, 0.00238372286627, 4.01717846008, 0.00467701941127, 0.00597071593521, 0.783326398714
0, 1.0, 13, no_regularization, -0.00959451997185, 0.00241202128074, 3.97779242185, 0.00446876499762, 0.00574861166088, 0.777364216134
0, 1.0, 14, no_regularization, -0.00956269674249, 0.00236093601603, 4.05038369425, 0.00442944876508, 0.0056446766681, 0.784712575322
0, 1.0, 15, no_regularization, -0.00957634138227, 0.00232937187932, 4.11112603672, 0.00448853430684, 0.0056947367674, 0.788189953316
0, 1.0, 11, regularization, -0.00958616208478, 0.00237015485911, 4.04452985337, 0.00481739446064, 0.00355680223932, 1.35441729298
0, 1.0, 12, regularization, -0.00958226476722, 0.00228208810522, 4.19890220071, 0.00496561172669, 0.00338970502517, 1.46490968678
0, 1.0, 13, regularization, -0.00960294262848, 0.00235001306084, 4.08633585426, 0.0048621985778, 0.00354772057465, 1.3705133974
0, 1.0, 14, regularization, -0.00957390000416, 0.00227846156491, 4.20191420019, 0.00479722219459, 0.00347599451796, 1.38010062151
0, 1.0, 15, regularization, -0.00958799265501, 0.00228865792089, 4.18935157042, 0.00495229943205, 0.00339968127972, 1.45669520893
0, 1.0, 21, no_regularization, -0.00957132515861, 0.0024126738558, 3.96710277919, 0.00451969513021, 0.00576510455708, 0.783974529077
0, 1.0, 22, no_regularization, -0.00957099688217, 0.00242223658942, 3.95130555123, 0.00453365421955, 0.00523311096548, 0.86634016543
0, 1.0, 23, no_regularization, -0.00956785866026, 0.00230151161066, 4.15720634036, 0.00456920258236, 0.00583638929861, 0.782881735366
0, 1.0, 24, no_regularization, -0.00957167053832, 0.00234004454668, 4.09037962628, 0.00451625332173, 0.00587646113925, 0.768532832042
0, 1.0, 25, no_regularization, -0.00959311794025, 0.00228054576117, 4.20650096287, 0.00456830545133, 0.0054563399293, 0.837247222592
0, 1.0, 21, regularization, -0.00957549121637, 0.00235244567812, 4.07044094809, 0.00494291746685, 0.00372068485676, 1.32849667659
0, 1.0, 22, regularization, -0.00958121067086, 0.00232272568353, 4.12498588999, 0.00488269015959, 0.00337823401074, 1.44533805061
0, 1.0, 23, regularization, -0.00957402667767, 0.00225952356251, 4.23718824469, 0.00494349388935, 0.00381226880731, 1.2967327697
0, 1.0, 24, regularization, -0.00957915007723, 0.00225589147414, 4.24628143111, 0.00478153171642, 0.00309458215084, 1.54512999925
0, 1.0, 25, regularization, -0.00959878523726, 0.00223453839116, 4.2956457026, 0.0048947844752, 0.00368288606648, 1.3290621504
0, 1.0, 6, no_regularization, -0.00958702334277, 0.00235342912543, 4.07364013608, 0.004483157265, 0.00551207159341, 0.813334367855
0, 1.0, 7, no_regularization, -0.00957372523445, 0.00235422451794, 4.06661521086, 0.00454186872444, 0.00585078148469, 0.776284114579
0, 1.0, 8, no_regularization, -0.00958016955424, 0.00248398408357, 3.85677574089, 0.00433309509764, 0.00578430599873, 0.749112356538
0, 1.0, 9, no_regularization, -0.00958712879128, 0.00247078380012, 3.88019736523, 0.00447120319666, 0.00574327175627, 0.77851151511
0, 1.0, 10, no_regularization, -0.00956472965341, 0.00240608067679, 3.97523231274, 0.00450537240525, 0.00593197383799, 0.759506452371
0, 1.0, 6, regularization, -0.00958926664275, 0.00228989025466, 4.18765337039, 0.00488337515326, 0.00336503252617, 1.45121187248
0, 1.0, 7, regularization, -0.00958342190729, 0.00230388034759, 4.15968733676, 0.00481059547714, 0.00355585036721, 1.35286780386
0, 1.0, 8, regularization, -0.00957520363658, 0.00238990304497, 4.0065238867, 0.00464841002658, 0.00349662229208, 1.32940010052
0, 1.0, 9, regularization, -0.00959518349267, 0.002380665955, 4.03046192705, 0.00480405072132, 0.00355832825153, 1.35008643996
0, 1.0, 10, regularization, -0.00957779655224, 0.00233047467105, 4.10980504152, 0.00491564563834, 0.00377599513046, 1.30181461271
0, 11.0, 1, no_regularization, 0.0125703797186, 0.331815149538, 0.0378836823337, -0.254045854013, 0.554892638623, 0.457828841708
0, 11.0, 2, no_regularization, 0.0103799525929, 0.326155276979, 0.0318251867303, -0.258925405028, 0.573462089252, 0.451512680403
0, 11.0, 3, no_regularization, -0.00390396605722, 0.368378292291, 0.0105977093084, -0.24965950186, 0.547184725916, 0.456261825369
0, 11.0, 4, no_regularization, 0.0086823508341, 0.548400819913, 0.0158321259175, -0.104973438567, 0.648577121832, 0.161851898615
0, 11.0, 5, no_regularization, -0.00215201194286, 0.591295089006, 0.0036394889504, -0.0687492319775, 0.909560493779, 0.0755851122028
0, 11.0, 1, regularization, 0.0110113454238, 0.255805745058, 0.0430457315228, -0.253189599992, 0.543783556661, 0.465607311753
0, 11.0, 2, regularization, 0.0126194667311, 0.258588275392, 0.0488013878893, -0.248901467118, 0.564219835573, 0.441142709677
0, 11.0, 3, regularization, -0.00114279810664, 0.279488395299, 0.00408889286946, -0.253208143063, 0.553181309556, 0.457730835603
0, 11.0, 4, regularization, 0.00828007708521, 0.467497803704, 0.0177114780425, -0.103664045211, 0.60492207167, 0.171367602647
0, 11.0, 5, regularization, 0.000730498235449, 0.537853540149, 0.00135817314737, -0.0683301261042, 0.881214545429, 0.0775408513837
0, 7.0, 6, no_regularization, -0.06704596729, 0.100298870706, 0.668461836291, 0.0281650527339, 0.113422514371, 0.248319770463
0, 7.0, 7, no_regularization, -0.0158288825214, 0.844282762589, 0.0187483189553, -0.192219805464, 0.645566730332, 0.297753580587
0, 7.0, 8, no_regularization, -0.0617508896852, 0.130898083048, 0.471747853348, 0.0245534731527, 0.136288340541, 0.180158281004
0, 7.0, 9, no_regularization, -0.0677414756921, 0.0986981409426, 0.686350067439, 0.027899821906, 0.103402529913, 0.26981759469
0, 7.0, 10, no_regularization, -0.076482039848, 0.264703564048, 0.288934681039, 0.0149821030592, 0.275329929144, 0.0544150906724
0, 7.0, 6, regularization, -0.0670265847578, 0.0246054416218, 2.72405534467, 0.0294858396605, 0.0265651241075, 1.10994548872
0, 7.0, 7, regularization, -0.0134579847124, 0.787209858136, 0.0170958030737, -0.188173366668, 0.590336648483, 0.318756030397
0, 7.0, 8, regularization, -0.0646839170965, 0.0515745430419, 1.2541830384, 0.0313142062372, 0.0189992922825, 1.64817750954
0, 7.0, 9, regularization, -0.066999692957, 0.0213967929541, 3.13129603585, 0.0314043703793, 0.00880174755216, 3.5679699052
0, 7.0, 10, regularization, -0.0695885598998, 0.132837496811, 0.523862324798, 0.0170378138553, 0.160056677148, 0.106448629066
0, 0.5, 11, no_regularization, -0.00480559370361, 0.00665617346889, 0.721975430188, 0.00234134286228, 0.00469218648315, 0.498987597933
0, 0.5, 12, no_regularization, -0.00480645452948, 0.00152892679242, 3.14367865964, 0.00238877058096, 0.00507313335681, 0.470866900779
0, 0.5, 13, no_regularization, -0.00479128272983, 0.00164482346648, 2.91294648177, 0.00226677270599, 0.00496738505277, 0.456331184701
0, 0.5, 14, no_regularization, -0.00476813422264, 0.00148461837007, 3.21169016818, 0.00223301938497, 0.00489422681461, 0.456255802919
0, 0.5, 15, no_regularization, -0.0047973435393, 0.00151028742521, 3.17644407231, 0.00237011128302, 0.00470030852542, 0.504245895817
0, 0.5, 11, regularization, -0.00480267289589, 0.00155231760033, 3.09387260369, 0.00173917705386, 0.00150098872871, 1.15868761743
0, 0.5, 12, regularization, -0.00480352561693, 0.00157809379343, 3.04387840376, 0.00179384172982, 0.00164821873682, 1.08835173981
0, 0.5, 13, regularization, -0.00478901992843, 0.00162161164586, 2.95324712342, 0.0016994515982, 0.00177192199425, 0.959100684858
0, 0.5, 14, regularization, -0.00476590408957, 0.00158797122299, 3.0012534362, 0.00159493196235, 0.00188597104397, 0.845682104955
0, 0.5, 15, regularization, -0.00479289940773, 0.00156497282653, 3.06260870891, 0.00172497319361, 0.00168648507597, 1.0228214991
0, 9.0, 11, no_regularization, -0.059807810835, 0.298174692165, 0.200579768862, 0.00664326688734, 0.311701671034, 0.0213129010997
0, 9.0, 12, no_regularization, -0.10191049618, 0.400333940648, 0.254563717517, -0.105976384493, 0.364458030372, 0.290778020132
0, 9.0, 13, no_regularization, 0.0162388205151, 0.35007449488, 0.0463867569693, -0.244504803777, 0.724075345518, 0.337678675693
0, 9.0, 14, no_regularization, 0.0107464020416, 0.347088476721, 0.0309615638731, -0.252125702583, 0.551982908659, 0.456763603778
0, 9.0, 15, no_regularization, 0.0115896429544, 0.338732927259, 0.0342146925255, -0.257803682485, 0.5468086985, 0.471469607548
0, 9.0, 11, regularization, -0.0575054184198, 0.218463295253, 0.263226911199, 0.01597240737, 0.247671550845, 0.0644902788208
0, 9.0, 12, regularization, -0.101848641675, 0.331531967621, 0.307206096612, -0.103728981814, 0.305006964108, 0.340087257079
0, 9.0, 13, regularization, 0.0120478728417, 0.292995420809, 0.041119662582, -0.238022964731, 0.704207715637, 0.338001074748
0, 9.0, 14, regularization, 0.0100158400392, 0.256895000875, 0.0389880690753, -0.246831705084, 0.520329319985, 0.474375930018
0, 9.0, 15, regularization, 0.0101181154362, 0.25347481655, 0.0399176358972, -0.256928607444, 0.540163358117, 0.475649826266
0, 9.0, 26, no_regularization, 0.00310972345512, 0.348588108034, 0.00892091090733, -0.00663651853985, 0.352745181851, 0.0188139169046
0, 9.0, 27, no_regularization, 0.0112653409682, 0.334106641888, 0.0337178001149, -0.244713730278, 0.535492493041, 0.45698816222
0, 9.0, 28, no_regularization, 0.00147077986551, 0.493400401664, 0.00298090528614, -0.327495679521, 1.15738794208, 0.282961025956
0, 9.0, 29, no_regularization, 0.0140138017847, 0.334737047929, 0.0418651053759, -0.260643872916, 0.558825168612, 0.466413983399
0, 9.0, 30, no_regularization, -0.00509594961946, 0.361990886645, 0.0140775632964, -0.255037199063, 0.551812292465, 0.462181075967
0, 9.0, 26, regularization, 0.000954893441017, 0.255234982847, 0.00374123260991, -0.0050840646465, 0.308358780887, 0.0164874975568
0, 9.0, 27, regularization, 0.00737260645557, 0.244466783621, 0.0301579067159, -0.249389794553, 0.522334679685, 0.477452109256
0, 9.0, 28, regularization, 0.00425627964242, 0.350709427324, 0.0121361996878, -0.32116191514, 1.11227066473, 0.288744390483
0, 9.0, 29, regularization, 0.0144771407297, 0.24736852386, 0.0585245871375, -0.247908783047, 0.525025469289, 0.472184298759
0, 9.0, 30, regularization, -0.00622033393582, 0.283168837097, 0.0219668731899, -0.249263485478, 0.522138241375, 0.477389828453
0, 7.0, 16, no_regularization, -0.0679829332168, 0.0935539116851, 0.726671199443, 0.0268368359195, 0.105315084699, 0.254824235258
0, 7.0, 17, no_regularization, -0.0327310407972, 0.25113488016, 0.130332516042, 0.0225271262114, 0.234412989655, 0.0961001617041
0, 7.0, 18, no_regularization, -0.059367315746, 0.872383437965, 0.0680518601826, -0.231604119566, 0.654285536394, 0.35398019165
0, 7.0, 19, no_regularization, -0.0634845402648, 0.191804381451, 0.330985871045, 0.018604529787, 0.191955841445, 0.0969208837142
0, 7.0, 20, no_regularization, -0.0316011803832, 0.373338649472, 0.0846448135704, 0.00830178538881, 0.270367680674, 0.0307055390945
0, 7.0, 16, regularization, -0.066968292235, 0.0242182124427, 2.76520376528, 0.0313699066402, 0.0085543190669, 3.66714245691
0, 7.0, 17, regularization, -0.0371843154123, 0.156997143118, 0.236847083162, 0.0197499173988, 0.167154761533, 0.11815348374
0, 7.0, 18, regularization, -0.0624048707108, 0.824866176994, 0.0756545394287, -0.217153578836, 0.611971313336, 0.354842741978
0, 7.0, 19, regularization, -0.065273692725, 0.0827631233354, 0.788680877358, 0.0245801404589, 0.0745688066187, 0.329630331682
0, 7.0, 20, regularization, -0.0297194190975, 0.304860688664, 0.097485245565, 0.0106902652393, 0.210439455479, 0.0507997191637
0, 11.0, 21, no_regularization, -0.0875875954369, 0.675511734709, 0.129661101261, -0.331398662911, 0.735270233129, 0.450716822169
0, 11.0, 22, no_regularization, -0.00954781298819, 0.496122238167, 0.0192448800994, -0.0887084994919, 0.706503453099, 0.125559895147
0, 11.0, 23, no_regularization, -0.0212249875704, 0.464266130641, 0.0457172862063, -0.0272815012877, 0.641957914249, 0.0424973361683
0, 11.0, 24, no_regularization, 0.01345397988, 0.326127654773, 0.0412537228384, -0.256959895347, 0.568999212748, 0.451599737908
0, 11.0, 25, no_regularization, -0.0363867998894, 0.670255327216, 0.0542879681994, -0.322751315396, 1.0965670369, 0.294328850435
0, 11.0, 21, regularization, -0.0844387702738, 0.654774772917, 0.128958496519, -0.337136774224, 0.739268632033, 0.456040956718
0, 11.0, 22, regularization, -0.0126237164003, 0.389709366319, 0.03239264306, -0.0817983198546, 0.673944758119, 0.121372440203
0, 11.0, 23, regularization, -0.0200041174351, 0.340161952399, 0.0588076276434, -0.0303926693829, 0.596820326392, 0.0509243201662
0, 11.0, 24, regularization, 0.0178686618353, 0.246258082539, 0.0725607121238, -0.255939623984, 0.535369105755, 0.478061997289
0, 11.0, 25, regularization, -0.0372150143384, 0.619289111374, 0.0600931191182, -0.31580960935, 1.09547838455, 0.288284656096
0, 5.0, 21, no_regularization, -0.0478500318988, 0.0504987684917, 0.947548491339, 0.0252582761528, 0.0610843843784, 0.413498088092
0, 5.0, 22, no_regularization, -0.0478677495917, 0.0439345467587, 1.08952414724, 0.0218433647319, 0.0619535988998, 0.352576204123
0, 5.0, 23, no_regularization, -0.0479078009395, 0.0598614897304, 0.800310870233, 0.0251085177132, 0.0535721692589, 0.468685850518
0, 5.0, 24, no_regularization, -0.0478884712393, 0.0443795684256, 1.07906572637, 0.0238971849118, 0.0605176747682, 0.394879429907
0, 5.0, 25, no_regularization, -0.0479055710545, 0.039107997695, 1.22495586269, 0.0240864656528, 0.0617243030025, 0.390226612228
0, 5.0, 21, regularization, -0.0478597479186, 0.0119442824764, 4.0069169507, 0.0235338346744, 0.00650266616753, 3.61910546659
0, 5.0, 22, regularization, -0.0478643633761, 0.00990184149004, 4.83388503282, 0.0237786833883, 0.0062024527931, 3.83375483563
0, 5.0, 23, regularization, -0.0478959744655, 0.0102851916161, 4.65678970828, 0.0236967751003, 0.00557329318258, 4.25184434481
0, 5.0, 24, regularization, -0.047878856429, 0.0097904698526, 4.89035328741, 0.0235808106478, 0.00581251034997, 4.05690643594
0, 5.0, 25, regularization, -0.047898427492, 0.0111949220933, 4.27858515608, 0.0235372293835, 0.00599186846223, 3.92819527529
0, 5.0, 1, no_regularization, -0.0478940044684, 0.0538364897746, 0.889619748035, 0.0246370271134, 0.0617940760601, 0.398695614275
0, 5.0, 2, no_regularization, -0.0479065304742, 0.061623597018, 0.777405617206, 0.0235959643685, 0.077023033398, 0.306349455839
0, 5.0, 3, no_regularization, -0.0479048623091, 0.0534027834523, 0.897048041548, 0.0242026428561, 0.0534917582242, 0.452455549407
0, 5.0, 4, no_regularization, -0.0478876816135, 0.0464957266415, 1.02993726677, 0.0235164482746, 0.0535605080782, 0.439063203811
0, 5.0, 5, no_regularization, -0.0479229420581, 0.0512486043831, 0.935107260676, 0.0231211172803, 0.0677016685161, 0.341514733493
0, 5.0, 1, regularization, -0.0478931791086, 0.0108987420575, 4.39437678732, 0.0237779016017, 0.00595199310357, 3.99494777429
0, 5.0, 2, regularization, -0.0478945215003, 0.0107377405492, 4.46039101808, 0.0235746461467, 0.00503845914727, 4.67893962372
0, 5.0, 3, regularization, -0.0478959102317, 0.00988149624207, 4.84703015195, 0.0232570556113, 0.00521790052382, 4.45716730419
0, 5.0, 4, regularization, -0.047899776049, 0.010697773981, 4.47754608894, 0.0235326035413, 0.00624974117649, 3.76537249732
0, 5.0, 5, regularization, -0.0479214575469, 0.0108964076692, 4.39791342263, 0.0232758971041, 0.00504434534762, 4.61425527003
0, 3.0, 1, no_regularization, -0.0287445732358, 0.0285371830294, 1.00726736785, 0.0149412899651, 0.0278169190672, 0.537129576751
0, 3.0, 2, no_regularization, -0.028728686891, 0.00611458585597, 4.6983863777, 0.0144387600503, 0.0166431539206, 0.867549511301
0, 3.0, 3, no_regularization, -0.0287329437584, 0.00905570007362, 3.17291247775, 0.0147984148148, 0.016085770588, 0.919969281786
0, 3.0, 4, no_regularization, -0.028726506923, 0.00602765050282, 4.76578841285, 0.0148292740353, 0.0168446916173, 0.880352954642
0, 3.0, 5, no_regularization, -0.0287527584909, 0.00603343754428, 4.76556826518, 0.0146957981035, 0.0174247060208, 0.843388582046
0, 3.0, 1, regularization, -0.0287357467112, 0.00571516139104, 5.02798516877, 0.0147430460154, 0.00543078134532, 2.71471913119
0, 3.0, 2, regularization, -0.0287219324162, 0.00581793577439, 4.93679090489, 0.0144773732745, 0.00499944692182, 2.8957949751
0, 3.0, 3, regularization, -0.0287274599532, 0.00575427733954, 4.99236624481, 0.014683913508, 0.00525328791389, 2.79518536747
0, 3.0, 4, regularization, -0.0287325692556, 0.00573772610608, 5.00765786383, 0.0145603024181, 0.00521569679724, 2.79163129763
0, 3.0, 5, regularization, -0.0287387035913, 0.00576186721409, 4.98774139068, 0.0145506704544, 0.00522733975517, 2.78357082873
0, 3.0, 26, no_regularization, -0.0287207805369, 0.0113607368066, 2.52807375312, 0.0151222492689, 0.00971754302292, 1.55618032596
0, 3.0, 27, no_regularization, -0.0287459202152, 0.00586537117674, 4.90095500336, 0.0146295808153, 0.0101461852735, 1.44187992048
0, 3.0, 28, no_regularization, -0.0287591863889, 0.00663414110635, 4.33502783976, 0.0149579683182, 0.0159291008403, 0.939034065268
0, 3.0, 29, no_regularization, -0.0287619900741, 0.0112861814421, 2.54842527755, 0.0146575852271, 0.0189839639252, 0.772103512461
0, 3.0, 30, no_regularization, -0.0287296447473, 0.017366143212, 1.6543480263, 0.0147497324634, 0.0123224100226, 1.19698439156
0, 3.0, 26, regularization, -0.0287271134228, 0.00579419010282, 4.95791696734, 0.0145660556293, 0.0053794813533, 2.70770631455
0, 3.0, 27, regularization, -0.0287450768494, 0.00565028024114, 5.08737188646, 0.014335714607, 0.00490438592409, 2.92303966876
0, 3.0, 28, regularization, -0.0287587776982, 0.00573792325371, 5.0120533905, 0.0147534300231, 0.00543461285632, 2.71471591688
0, 3.0, 29, regularization, -0.0287609348254, 0.00572653346554, 5.02239880347, 0.0145501277121, 0.00483499356791, 3.00933755294
0, 3.0, 30, regularization, -0.0287342249502, 0.00577952121362, 4.97173102894, 0.0144477730753, 0.00478515733047, 3.01928903848
0, 3.0, 11, no_regularization, -0.0287553740888, 0.0143182660796, 2.00830002243, 0.0149676607221, 0.00940781559582, 1.59098151635
0, 3.0, 12, no_regularization, -0.0287227512219, 0.0106822717328, 2.68882424455, 0.014861178429, 0.0179371660467, 0.82851317707
0, 3.0, 13, no_regularization, -0.0289277694074, 0.00808332303562, 3.57869768162, 0.0148607678223, 0.00910203512375, 1.63268627514
0, 3.0, 14, no_regularization, -0.0286869063979, 0.0111605316939, 2.57038886539, 0.0143327972872, 0.0134118247409, 1.06866869827
0, 3.0, 15, no_regularization, -0.0285796124253, 0.0123251259243, 2.31880895992, 0.0149342180042, 0.0130838762638, 1.14142152548
0, 3.0, 11, regularization, -0.028746030804, 0.00590154606677, 4.87093220637, 0.0144441158611, 0.00502604769846, 2.87385172758
0, 3.0, 12, regularization, -0.0287210616421, 0.00573848756649, 5.00498804072, 0.014648353759, 0.00499604692364, 2.93198882693
0, 3.0, 13, regularization, -0.0287558625115, 0.00595854025836, 4.82599114291, 0.0142756346104, 0.00499528723402, 2.85782057
0, 3.0, 14, regularization, -0.0286916331271, 0.00578494019041, 4.95971128183, 0.0143173903677, 0.00515478093593, 2.77749734579
0, 3.0, 15, regularization, -0.0287458077453, 0.00573000734798, 5.01671394112, 0.014637877054, 0.00501537195403, 2.91860248616
0, 5.0, 26, no_regularization, -0.0479069660282, 0.0467032740364, 1.02577318222, 0.0237294452511, 0.0626762409543, 0.378603516895
0, 5.0, 27, no_regularization, -0.0479047671949, 0.049518505811, 0.967411403281, 0.0237551457946, 0.044484450435, 0.534010099312
0, 5.0, 28, no_regularization, -0.0479083788357, 0.0563022333171, 0.850914360109, 0.0240680131634, 0.0461239574781, 0.521811537418
0, 5.0, 29, no_regularization, -0.0479118849387, 0.044961277629, 1.0656255219, 0.0236041270883, 0.0659881176103, 0.357702688652
0, 5.0, 30, no_regularization, -0.0478913457869, 0.0356940813464, 1.3417167211, 0.0229438148406, 0.0509079561117, 0.450692123452
0, 5.0, 26, regularization, -0.0478963585823, 0.0103479148418, 4.62859999475, 0.0233518838772, 0.00641058741516, 3.64270578731
0, 5.0, 27, regularization, -0.0479024032992, 0.00920044432709, 5.20653151046, 0.0234724634223, 0.00496487124071, 4.72770839047
0, 5.0, 28, regularization, -0.047909181585, 0.00940003887023, 5.09670036969, 0.0239111812602, 0.00645945157338, 3.70173550937
0, 5.0, 29, regularization, -0.0479051971175, 0.0114311250461, 4.19076835607, 0.0233921060624, 0.00517723730516, 4.51826035463
0, 5.0, 30, regularization, -0.0478901970047, 0.00945815260323, 5.06337749174, 0.0234879083221, 0.00472935889374, 4.96640429492
