hamming, strain percent, trial, regularization, mean axial strain, axial strain std, axial strain SNRe, mean lateral strain, lateral strain std, lateral strain SNRe
0, 0.5, 21, no_regularization, -0.00614663529094, 0.000669848340786, 9.17615961208, 0.00340213098458, 0.00781093877966, 0.435559806644
0, 0.5, 22, no_regularization, -0.00579584434895, 0.000651082690259, 8.90185599412, 0.00366490280983, 0.00747541084308, 0.490261055448
0, 0.5, 23, no_regularization, -0.005326761448, 0.000746046869609, 7.13998230539, 0.0024212540327, 0.00711086773444, 0.340500501925
0, 0.5, 24, no_regularization, -0.00611742076509, 0.000615465187952, 9.93950735938, 0.00371112795517, 0.00751941078114, 0.493539728469
0, 0.5, 25, no_regularization, -0.00569609295793, 0.000573684481663, 9.92896468355, 0.00320208940792, 0.00726129715681, 0.440980356369
0, 0.5, 21, regularization, -0.00617083312656, 0.000739754252983, 8.34173389565, 0.00310437542026, 0.00205519135719, 1.51050431845
0, 0.5, 22, regularization, -0.00579561145187, 0.000955277436353, 6.06694058848, 0.00297991813588, 0.00224426634253, 1.32779166153
0, 0.5, 23, regularization, -0.00526682853395, 0.00106639040048, 4.93893093149, 0.00245649525302, 0.00232013992216, 1.058770305
0, 0.5, 24, regularization, -0.00610267973641, 0.000802803098586, 7.60171422751, 0.00291393142116, 0.00204371226532, 1.4258031674
0, 0.5, 25, regularization, -0.00569749376314, 0.000910305118256, 6.25888358626, 0.00292029580287, 0.00227108472806, 1.28585946918
0, 3.0, 26, no_regularization, -0.0346565818048, 0.00228711502044, 15.1529684756, 0.021560084769, 0.0182614769666, 1.18063203805
0, 3.0, 27, no_regularization, -0.0344194066165, 0.00261265539284, 13.1741088821, 0.0206230592401, 0.0179200730133, 1.15083567041
0, 3.0, 28, no_regularization, -0.0340980402093, 0.0335178735351, 1.01730917308, 0.021844814406, 0.0676206771799, 0.323049329245
0, 3.0, 29, no_regularization, -0.0345742584627, 0.00192233030522, 17.985597152, 0.020683929843, 0.01633538653, 1.26620388229
0, 3.0, 30, no_regularization, -0.0343720450409, 0.0024355953256, 14.1123792937, 0.0216413768354, 0.0196069918645, 1.10375813817
0, 3.0, 26, regularization, -0.034651762452, 0.00190379067257, 18.2014561534, 0.0180376191058, 0.0038508876615, 4.68401591823
0, 3.0, 27, regularization, -0.0344222355227, 0.00214412222002, 16.0542319842, 0.0181868781993, 0.00410415565627, 4.43133246457
0, 3.0, 28, regularization, -0.0342132556638, 0.00348825376606, 9.80813265271, 0.0183173999031, 0.00607490781189, 3.01525561709
0, 3.0, 29, regularization, -0.0345785991152, 0.00166562687725, 20.7601111554, 0.0179780910873, 0.00336151210165, 5.34821548863
0, 3.0, 30, regularization, -0.0343651528515, 0.001901171658, 18.0757759074, 0.0182626834622, 0.00383605097877, 4.76080311843
0, 5.0, 11, no_regularization, -0.055600491389, 0.0467907923094, 1.18827847627, 0.033392828783, 0.060574373529, 0.551269899094
0, 5.0, 12, no_regularization, -0.0554154289618, 0.00208865711898, 26.5316065802, 0.032129524274, 0.0189147991589, 1.69864474923
0, 5.0, 13, no_regularization, -0.0557888733145, 0.00213719230391, 26.1038153714, 0.0326512002433, 0.0185186460101, 1.76315267463
0, 5.0, 14, no_regularization, -0.0561718180821, 0.00267690993761, 20.9838281419, 0.0331176906537, 0.0199986596612, 1.65599551244
0, 5.0, 15, no_regularization, -0.0560502759548, 0.00230129534923, 24.3559680306, 0.0332926318668, 0.0202266297174, 1.64598019205
0, 5.0, 11, regularization, -0.0557711496613, 0.00354074423254, 15.7512505842, 0.0300306869926, 0.00723682715306, 4.14970350369
0, 5.0, 12, regularization, -0.0554356392319, 0.00231347973151, 23.9620163846, 0.0290282519409, 0.00557415327057, 5.20765227145
0, 5.0, 13, regularization, -0.0557740054416, 0.00216303598028, 25.7850567212, 0.0290201041571, 0.00546381206634, 5.3113291242
0, 5.0, 14, regularization, -0.0561586865369, 0.00263258007422, 21.332185519, 0.0297444989473, 0.00587695262841, 5.0612112821
0, 5.0, 15, regularization, -0.0560504074004, 0.00241137526033, 23.2441662327, 0.029857181803, 0.0061329130886, 4.86835234279
0, 9.0, 6, no_regularization, 0.016580525875, 0.57877474924, 0.0286476317372, 0.0708183807469, 0.721313253192, 0.0981797858746
0, 9.0, 7, no_regularization, 0.00317450617584, 0.300433848166, 0.0105664065325, 0.0554370518275, 0.433712219292, 0.127819898452
0, 9.0, 8, no_regularization, -0.000770417429233, 0.545439974037, 0.00141246968669, -0.0336500918022, 0.723252256092, 0.0465260792742
0, 9.0, 9, no_regularization, -0.0114691686805, 0.326365549443, 0.0351420935821, -0.113356338862, 0.362770576996, 0.312473905134
0, 9.0, 10, no_regularization, -0.00102478589888, 0.314838662566, 0.00325495569867, -0.00808474930041, 0.515956527852, 0.0156694389236
0, 9.0, 6, regularization, 0.0168046766751, 0.517978116225, 0.0324428313643, 0.0634106457146, 0.652062485374, 0.0972462718481
0, 9.0, 7, regularization, -0.00251909607683, 0.212779451472, 0.0118390007089, 0.0417488545087, 0.397831424363, 0.104941067879
0, 9.0, 8, regularization, 0.00158987494499, 0.462455100742, 0.00343790119828, -0.0282032938288, 0.705048896143, 0.0400018977167
0, 9.0, 9, regularization, -0.0112124236678, 0.221167524191, 0.0506965193413, -0.109080531356, 0.327991793961, 0.332570915995
0, 9.0, 10, regularization, -0.00100541349392, 0.228343717561, 0.0044030705318, -0.0135808977316, 0.452616505949, 0.030005308143
0, 5.0, 26, no_regularization, -0.0562788977422, 0.0215626374108, 2.61001920452, 0.0341031494294, 0.031267680868, 1.09068368624
0, 5.0, 27, no_regularization, -0.0562708248943, 0.0361169683532, 1.55801628597, 0.0345420852126, 0.0463968411115, 0.744492176301
0, 5.0, 28, no_regularization, -0.0549983528458, 0.166315859123, 0.330686160273, 0.033028939364, 0.203493952892, 0.162309193441
0, 5.0, 29, no_regularization, -0.0580969271187, 0.0546117666213, 1.0638170254, 0.0356020242213, 0.042840022041, 0.831045889453
0, 5.0, 30, no_regularization, -0.0578905278249, 0.0411473371622, 1.40690824285, 0.0344482527659, 0.0523550999243, 0.657973202529
0, 5.0, 26, regularization, -0.0562895380822, 0.00289241374363, 19.4610948058, 0.0303329555879, 0.00652756960131, 4.64689883687
0, 5.0, 27, regularization, -0.0563049777157, 0.00350116042895, 16.0818045498, 0.0308043879669, 0.00742169370589, 4.15058734403
0, 5.0, 28, regularization, -0.055940869192, 0.00745400461283, 7.50480742871, 0.0314406683594, 0.013104548708, 2.39921794027
0, 5.0, 29, regularization, -0.0577851219085, 0.010762092829, 5.36932015236, 0.0310941792151, 0.0170271653078, 1.82615125025
0, 5.0, 30, regularization, -0.0560701005993, 0.00305769601935, 18.3373691317, 0.0306451143136, 0.00706828446532, 4.33558021949
0, 5.0, 16, no_regularization, -0.0566203591139, 0.0255280499159, 2.21796648395, 0.0338961630072, 0.0327283380275, 1.03568237956
0, 5.0, 17, no_regularization, -0.0567862324042, 0.00291688608337, 19.4681008381, 0.0334621190641, 0.0218239580457, 1.53327453224
0, 5.0, 18, no_regularization, -0.0566349364612, 0.00251105248092, 22.5542623627, 0.034000647735, 0.0196951534292, 1.72634591841
0, 5.0, 19, no_regularization, -0.055777599984, 0.00274558941395, 20.3153463881, 0.0344279669449, 0.0216743065134, 1.58842299861
0, 5.0, 20, no_regularization, -0.0565163215472, 0.0217553317382, 2.59781474387, 0.0334611279762, 0.0284009791394, 1.17816811216
0, 5.0, 16, regularization, -0.0559674735414, 0.00312263816029, 17.9231376382, 0.029371254953, 0.00682913282968, 4.30087621453
0, 5.0, 17, regularization, -0.0567396699823, 0.00276442883922, 20.5249160974, 0.0295536642023, 0.00597900922967, 4.94290325823
0, 5.0, 18, regularization, -0.0566105273299, 0.00242555986042, 23.3391590345, 0.0303967579225, 0.00536215212996, 5.66876082323
0, 5.0, 19, regularization, -0.0557592157535, 0.00255586971254, 21.8161416757, 0.0304625530807, 0.00593989664537, 5.12846517363
0, 5.0, 20, regularization, -0.0564908861417, 0.0034424771117, 16.4099525745, 0.029942978105, 0.00924228860177, 3.23977960386
0, 3.0, 21, no_regularization, -0.0349979152177, 0.00242380989574, 14.4392162435, 0.0217474843615, 0.0184847484486, 1.17650961937
0, 3.0, 22, no_regularization, -0.0346101812565, 0.00223065751375, 15.5156858653, 0.0209404297221, 0.0175835723091, 1.19090872742
0, 3.0, 23, no_regularization, -0.0343213223351, 0.0031291933129, 10.9681054838, 0.0203827963128, 0.0190956443798, 1.06740552491
0, 3.0, 24, no_regularization, -0.0337722988464, 0.00151578947731, 22.2803359913, 0.0199511628529, 0.0143569763805, 1.38964934706
0, 3.0, 25, no_regularization, -0.0352166771542, 0.00166782409327, 21.115342617, 0.021281997955, 0.0162332440386, 1.31101324568
0, 3.0, 21, regularization, -0.0349887528332, 0.00199653855811, 17.5247067937, 0.0183612416172, 0.00449818417898, 4.08192303529
0, 3.0, 22, regularization, -0.0345996794888, 0.00185227884725, 18.6795198467, 0.0177658351017, 0.00432488933961, 4.10781264135
0, 3.0, 23, regularization, -0.0343184929837, 0.0024122579156, 14.2267096573, 0.0175482309827, 0.00462064706413, 3.7977864873
0, 3.0, 24, regularization, -0.0337631611512, 0.00142765713633, 23.649348497, 0.0177457050764, 0.00373457335335, 4.75173557925
0, 3.0, 25, regularization, -0.035213433088, 0.00148538397805, 23.7066197081, 0.0179609446927, 0.00359737173299, 4.99279641521
0, 0.5, 1, no_regularization, -0.00680099521176, 0.000666646319577, 10.2018041832, 0.00419155546845, 0.00702044002288, 0.59705024967
0, 0.5, 2, no_regularization, -0.00597309247851, 0.000567905008844, 10.5177668545, 0.0032453139073, 0.00649100694224, 0.49997079593
0, 0.5, 3, no_regularization, -0.00645215324052, 0.000558490224644, 11.5528490129, 0.00387425104983, 0.00685752477523, 0.564963478342
0, 0.5, 4, no_regularization, -0.00620579458154, 0.000590585563012, 10.5078670564, 0.00385784445501, 0.00743476785156, 0.518892389383
0, 0.5, 5, no_regularization, -0.00609848092394, 0.000576229697936, 10.5834200247, 0.00378365562461, 0.0066620429236, 0.567942246545
0, 0.5, 1, regularization, -0.00680074791583, 0.000692866965304, 9.81537330596, 0.00312118879023, 0.00203997967864, 1.53000974613
0, 0.5, 2, regularization, -0.00598917536805, 0.000744000983357, 8.04995625278, 0.00272371792179, 0.00223629089109, 1.21796226629
0, 0.5, 3, regularization, -0.0064570478951, 0.000674956617473, 9.56661173169, 0.00309207480728, 0.00196150116962, 1.57638183202
0, 0.5, 4, regularization, -0.00621245382742, 0.000769311440108, 8.07534309713, 0.00313313098159, 0.00211765667383, 1.47952735697
0, 0.5, 5, regularization, -0.00612848820581, 0.000725342344572, 8.44909752157, 0.00305816121342, 0.00206425549962, 1.48148386379
0, 7.0, 11, no_regularization, -0.000468859853004, 0.557269891772, 0.000841351488618, -0.0275336959562, 0.741665281704, 0.0371241537597
0, 7.0, 12, no_regularization, 0.010550122232, 0.544784030313, 0.0193656965788, -0.0639112280914, 0.867243749041, 0.0736946540833
0, 7.0, 13, no_regularization, -0.00331777310892, 0.480059691728, 0.00691116785285, 0.00543899522597, 0.707452689357, 0.00768813986829
0, 7.0, 14, no_regularization, -0.0660627745531, 0.169918648544, 0.388790607265, 0.0331865661923, 0.170923126237, 0.19416077229
0, 7.0, 15, no_regularization, -0.0644313551101, 0.170044243148, 0.37890935863, 0.045915681972, 0.176828277399, 0.259662553114
0, 7.0, 11, regularization, -0.00356430748901, 0.47866858624, 0.00744629497627, -0.0439362997467, 0.693343370753, 0.0633687457038
0, 7.0, 12, regularization, 0.0155697842064, 0.446680114134, 0.0348566764306, -0.063406313906, 0.843956857017, 0.0751298047748
0, 7.0, 13, regularization, -0.0178048589546, 0.420841615805, 0.0423077430699, 0.0176921548782, 0.673465399983, 0.0262703249174
0, 7.0, 14, regularization, -0.0664771990351, 0.103363887877, 0.643137563811, 0.0315188239796, 0.123922519098, 0.254342989547
0, 7.0, 15, regularization, -0.0641762258709, 0.124069621549, 0.517259785832, 0.042927372168, 0.148056818732, 0.289938501553
0, 0.5, 11, no_regularization, -0.00583416717911, 0.000697970248759, 8.35876198088, 0.00370119022844, 0.00658782869013, 0.561822476348
0, 0.5, 12, no_regularization, -0.00574881875697, 0.000684658018195, 8.39662810366, 0.00284821312884, 0.00715050121043, 0.398323564325
0, 0.5, 13, no_regularization, -0.00606731097198, 0.000768330511641, 7.89674610087, 0.00326421170616, 0.00824601536875, 0.395853216394
0, 0.5, 14, no_regularization, -0.00604906181441, 0.000608730551183, 9.93717467055, 0.00316693008202, 0.00696884792694, 0.454440980091
0, 0.5, 15, no_regularization, -0.00558531974253, 0.000533440926233, 10.470362261, 0.0027470426869, 0.00585304625126, 0.469335550921
0, 0.5, 11, regularization, -0.00581383974275, 0.000946189528897, 6.14447694166, 0.00296560717914, 0.00227187388864, 1.30535730613
0, 0.5, 12, regularization, -0.00574251221268, 0.000922270229485, 6.22649634467, 0.00246558373027, 0.00221793604097, 1.1116568218
0, 0.5, 13, regularization, -0.00603680472783, 0.000917534330169, 6.57937750048, 0.00287971771412, 0.00200327102081, 1.4375077981
0, 0.5, 14, regularization, -0.00602239045006, 0.000769979493339, 7.82149460104, 0.00268274212731, 0.0020489955677, 1.30929620815
0, 0.5, 15, regularization, -0.00559294375873, 0.000934512103851, 5.98488102581, 0.00257891798784, 0.00208444329733, 1.23722146395
0, 7.0, 1, no_regularization, -0.0429998776515, 0.276538334274, 0.155493370438, -0.00773585236228, 0.397705564739, 0.0194512047307
0, 7.0, 2, no_regularization, -0.0658525521638, 0.238170180993, 0.276493689887, 0.0317042597734, 0.298378587147, 0.106255144099
0, 7.0, 3, no_regularization, -0.020606461213, 0.359826227193, 0.057267813338, 0.0239307203909, 0.90775671935, 0.0263624822387
0, 7.0, 4, no_regularization, -0.0492120896643, 0.255270441185, 0.192784129004, 0.036720845366, 0.28502768008, 0.128832558844
0, 7.0, 5, no_regularization, -0.0198825503738, 0.552223532629, 0.0360045329455, -0.039125959165, 0.820954393417, 0.047659114171
0, 7.0, 1, regularization, -0.0330720128157, 0.229426431405, 0.144150840045, 0.00114119039763, 0.370801065201, 0.00307763516539
0, 7.0, 2, regularization, -0.0656649535753, 0.0979674317721, 0.670273297846, 0.0282127837304, 0.216031406483, 0.13059575082
0, 7.0, 3, regularization, -0.0153969126124, 0.293516156626, 0.0524567805378, 0.00337952917174, 0.868937056014, 0.00388926809871
0, 7.0, 4, regularization, -0.0453733188658, 0.190557886766, 0.238107798296, 0.0341395054732, 0.249101492949, 0.137050585563
0, 7.0, 5, regularization, -0.0288097529121, 0.441187307768, 0.0653005025413, -0.0499281652362, 0.756714246766, 0.065980210429
0, 3.0, 11, no_regularization, -0.0343546349109, 0.00256992863198, 13.3679334451, 0.0214128882712, 0.0196611895372, 1.08909423973
0, 3.0, 12, no_regularization, -0.0338439359472, 0.00138180422511, 24.4925694481, 0.0204040940781, 0.016124202331, 1.26543277361
0, 3.0, 13, no_regularization, -0.0340220628463, 0.00154862094197, 21.9692643462, 0.0197632696525, 0.0154355609083, 1.28037262591
0, 3.0, 14, no_regularization, -0.0346630508152, 0.00181442562336, 19.1041453388, 0.0209214148627, 0.0157925026341, 1.32476880628
0, 3.0, 15, no_regularization, -0.0345065964009, 0.00150001926189, 23.004102199, 0.0205316817388, 0.0151277465777, 1.35722010105
0, 3.0, 11, regularization, -0.0343142179746, 0.00212461026462, 16.1508294232, 0.018041584966, 0.00423343373678, 4.26169064826
0, 3.0, 12, regularization, -0.0338269707598, 0.00135082968239, 25.0416253068, 0.0169971459044, 0.00314651776349, 5.40189097346
0, 3.0, 13, regularization, -0.0340017894086, 0.00144405119416, 23.5461107931, 0.0169744447332, 0.00328464522467, 5.16781678755
0, 3.0, 14, regularization, -0.0346598476443, 0.0015958214805, 21.7191258971, 0.0176139942115, 0.00341632609874, 5.15582930387
0, 3.0, 15, regularization, -0.0344970339009, 0.00139427802503, 24.7418615812, 0.0177157893509, 0.00357394280661, 4.95693140869
0, 11.0, 16, no_regularization, -0.0243824370572, 0.504343498195, 0.0483449021243, -0.0340668673787, 0.718295401657, 0.0474273777894
0, 11.0, 17, no_regularization, 0.0130968509698, 0.500129290268, 0.0261869305091, 0.0816433366417, 0.779269667854, 0.104769042104
0, 11.0, 18, no_regularization, 0.00618726423454, 0.348735858162, 0.0177419788924, -0.101877987658, 0.744237690594, 0.136889046263
0, 11.0, 19, no_regularization, -0.010664536764, 0.357432615982, 0.0298364958517, 0.0276100940025, 0.57488909325, 0.0480268182624
0, 11.0, 20, no_regularization, -0.0315173649918, 0.470963489823, 0.0669210367106, -0.0268152347849, 0.671241215954, 0.0399487310188
0, 11.0, 16, regularization, -0.0217982436265, 0.405759585546, 0.0537220669651, -0.0247612802915, 0.691963001146, 0.0357841102061
0, 11.0, 17, regularization, 0.0111877309058, 0.429550522345, 0.0260452038207, 0.0789717851507, 0.746966047198, 0.105723393248
0, 11.0, 18, regularization, 0.00896920170314, 0.230975206136, 0.038831880933, -0.0828292997431, 0.714534067153, 0.115920714702
0, 11.0, 19, regularization, -0.013250150871, 0.257114850585, 0.0515339772901, 0.0255459431373, 0.5507724598, 0.0463820270654
0, 11.0, 20, regularization, -0.0296904939477, 0.35557256256, 0.0835005202142, -0.0212203269142, 0.663064303562, 0.0320034222928
0, 7.0, 21, no_regularization, -0.0536463343314, 0.221773346009, 0.241897122882, 0.0453850850475, 0.242172496453, 0.187408090151
0, 7.0, 22, no_regularization, 0.0335919590127, 0.604841579382, 0.0555384420612, 0.0395254066079, 0.679414343022, 0.0581757023734
0, 7.0, 23, no_regularization, 0.0306392434582, 0.519799703073, 0.0589443265879, 0.00995671662804, 0.488108726527, 0.0203985630392
0, 7.0, 24, no_regularization, -0.0724289311692, 0.0354968182877, 2.0404344576, 0.0444454636525, 0.0501398292673, 0.886430295076
0, 7.0, 25, no_regularization, -0.0576803605883, 0.141809648192, 0.406744966394, 0.0338446171069, 0.151226080851, 0.22380145618
0, 7.0, 21, regularization, -0.0521263822963, 0.139853693919, 0.372720811553, 0.0417101721685, 0.193060725646, 0.216046904562
0, 7.0, 22, regularization, 0.0314492608768, 0.527291297324, 0.0596430493664, 0.0352394205856, 0.614210671299, 0.0573735075476
0, 7.0, 23, regularization, 0.032433266264, 0.431499142676, 0.0751641499514, 0.0180874445322, 0.426003228134, 0.0424584682408
0, 7.0, 24, regularization, -0.07416027226, 0.0131919839537, 5.62161631791, 0.0427351475378, 0.0131763333565, 3.24332622602
0, 7.0, 25, regularization, -0.0565692003203, 0.0980361788325, 0.5770237171, 0.0297355528445, 0.136953092279, 0.217122171903
0, 9.0, 16, no_regularization, -0.00962103849487, 0.357559755943, 0.0269074982152, 0.0120410592359, 0.377707781905, 0.0318792987933
0, 9.0, 17, no_regularization, -0.0481044237359, 0.45059660832, 0.106757181141, 0.0222045971694, 0.876799145617, 0.0253246108648
0, 9.0, 18, no_regularization, -0.0177994498876, 0.529797240609, 0.0335967206381, 0.0524613579048, 0.434532672897, 0.120730525406
0, 9.0, 19, no_regularization, 0.0065074588647, 0.542360463094, 0.0119984019993, 0.0168074244171, 0.686071838714, 0.0244980532193
0, 9.0, 20, no_regularization, 0.0115668384614, 0.811757693488, 0.0142491269922, 0.0614803296016, 0.679576396564, 0.0904686064913
0, 9.0, 16, regularization, -0.0089707204159, 0.258270288372, 0.0347338459737, 0.00982751051203, 0.325962658729, 0.0301491911691
0, 9.0, 17, regularization, -0.0494266937041, 0.376252556269, 0.131365735277, 0.022547403999, 0.86147207835, 0.0261731106157
0, 9.0, 18, regularization, -0.0103498034529, 0.488214002034, 0.0211993171229, 0.0607378826681, 0.351326143224, 0.172881761974
0, 9.0, 19, regularization, 0.00615581273883, 0.457036882489, 0.0134689627351, 0.0269134331704, 0.655139824459, 0.0410804414044
0, 9.0, 20, regularization, 0.0155911475686, 0.756150658337, 0.0206191020224, 0.0568914739519, 0.65392825556, 0.0869995652706
0, 7.0, 16, no_regularization, -0.0175928539604, 0.444908935031, 0.0395425952935, -0.152301547165, 0.56580869882, 0.269174983493
0, 7.0, 17, no_regularization, -0.0140983959189, 0.347143322359, 0.0406126087149, 0.0288788692841, 0.403762781396, 0.0715243470046
0, 7.0, 18, no_regularization, -0.0558031297788, 0.193407418537, 0.288526315076, 0.0441799594391, 0.215345612922, 0.205158390921
0, 7.0, 19, no_regularization, -0.0181680199779, 0.349923008253, 0.051920049695, 0.0521559576821, 0.573879520284, 0.0908831136826
0, 7.0, 20, no_regularization, 0.00881079049522, 0.452001038672, 0.0194928545322, 0.0177593168673, 0.531762051861, 0.0333971121203
0, 7.0, 16, regularization, -0.0240859732767, 0.325407294904, 0.0740179266226, -0.14167373953, 0.52848803994, 0.268073691026
0, 7.0, 17, regularization, -0.0190323636735, 0.264562303726, 0.0719390608768, 0.0256855161566, 0.38040140122, 0.0675221386519
0, 7.0, 18, regularization, -0.049726704335, 0.151645271526, 0.327914638119, 0.0418032065634, 0.229231151171, 0.182362677803
0, 7.0, 19, regularization, -0.0103866448663, 0.270024887757, 0.0384655094299, 0.0559157341669, 0.497212152216, 0.112458502709
0, 7.0, 20, regularization, 0.00451349553346, 0.422971393188, 0.0106709238642, 0.0175172161675, 0.506633307373, 0.0345757294528
0, 0.5, 26, no_regularization, -0.00622754946269, 0.000621509228016, 10.0200434394, 0.00357441898906, 0.00676557221621, 0.52832471147
0, 0.5, 27, no_regularization, -0.00597343125801, 0.000709096257169, 8.42400618762, 0.00338182722328, 0.00690623972485, 0.489677068567
0, 0.5, 28, no_regularization, -0.00609491271053, 0.00107276199452, 5.68151439149, 0.00357779394233, 0.00911364817221, 0.39257538526
0, 0.5, 29, no_regularization, -0.00624089346722, 0.000639849107959, 9.7536956598, 0.00350408233605, 0.00667200023992, 0.525192177764
0, 0.5, 30, no_regularization, -0.0063884097973, 0.000772112317093, 8.2739384619, 0.00390376006951, 0.0077330403916, 0.50481568333
0, 0.5, 26, regularization, -0.00622303404599, 0.000738224794992, 8.42972775801, 0.00291353988565, 0.00213107557909, 1.36716872655
0, 0.5, 27, regularization, -0.00597928423681, 0.000923154308621, 6.47701492694, 0.00285994616669, 0.00196444244189, 1.45585643321
0, 0.5, 28, regularization, -0.00609431150826, 0.00104059417244, 5.85656893884, 0.00320157352553, 0.00257346950468, 1.24406895815
0, 0.5, 29, regularization, -0.00625449859671, 0.000649236972999, 9.63361431469, 0.00298565040663, 0.00201852924838, 1.47912169667
0, 0.5, 30, regularization, -0.00637699148928, 0.000829429298616, 7.68840876483, 0.00314407931946, 0.00199260571437, 1.5778732826
0, 11.0, 1, no_regularization, -0.0579687491095, 0.522040298262, 0.11104267104, -0.0340996410305, 0.704088262274, 0.0484309181925
0, 11.0, 2, no_regularization, -0.0318331463005, 0.502316945916, 0.0633726306854, 0.027602187445, 0.775074525896, 0.0356123011695
0, 11.0, 3, no_regularization, -0.0696884447744, 0.559479150012, 0.124559502839, 0.0317812387284, 0.590661844978, 0.0538061481347
0, 11.0, 4, no_regularization, 0.0323207063288, 0.394230493664, 0.0819842879945, 0.0148311996075, 0.38382437964, 0.0386405877119
0, 11.0, 5, no_regularization, 0.0281587873749, 0.498447584578, 0.0564929758838, 0.00703630976957, 0.734995962234, 0.00957326316213
0, 11.0, 1, regularization, -0.0579818607037, 0.457971233668, 0.126605901072, -0.0249264451721, 0.647106029848, 0.0385198777671
0, 11.0, 2, regularization, -0.0331500269619, 0.400413894852, 0.0827894021363, 0.0403589460747, 0.744158600951, 0.0542343339486
0, 11.0, 3, regularization, -0.0711049026139, 0.49710784335, 0.143037177073, 0.0247128734869, 0.564144949542, 0.0438058933381
0, 11.0, 4, regularization, 0.0317821969642, 0.28023766292, 0.113411582986, 0.0057249046572, 0.346061861895, 0.0165430094662
0, 11.0, 5, regularization, 0.0319022567379, 0.463947716755, 0.0687626117896, 0.0189128829488, 0.692728803513, 0.0273020016678
0, 5.0, 1, no_regularization, -0.0559766515264, 0.00283395446526, 19.7521351216, 0.0330300510055, 0.0203211614924, 1.62540172804
0, 5.0, 2, no_regularization, -0.055533115576, 0.00214846408769, 25.847821192, 0.0316520569838, 0.0180998066283, 1.74875111285
0, 5.0, 3, no_regularization, -0.0557232670567, 0.00216062295445, 25.7903707549, 0.0327577053669, 0.0188349244398, 1.73920025385
0, 5.0, 4, no_regularization, -0.0556758164182, 0.00244259046824, 22.7937581605, 0.0329047662033, 0.0191231559147, 1.72067656353
0, 5.0, 5, no_regularization, -0.0553912688097, 0.00218419273389, 25.3600645906, 0.033648640577, 0.0211002633301, 1.59470240018
0, 5.0, 1, regularization, -0.0559568478747, 0.00265053578339, 21.1115232721, 0.0294102375052, 0.00608432943393, 4.83376809632
0, 5.0, 2, regularization, -0.0555495797502, 0.00232506197227, 23.8916555398, 0.0286366190135, 0.005602291872, 5.11158998279
0, 5.0, 3, regularization, -0.055697681871, 0.00232651536585, 23.9403885693, 0.0290744981326, 0.00566189881957, 5.13511439521
0, 5.0, 4, regularization, -0.0556988742931, 0.00239068889997, 23.298252773, 0.0296517442444, 0.00576594145042, 5.14256769676
0, 5.0, 5, regularization, -0.0553693022871, 0.00229174544551, 24.1603195484, 0.0294322478129, 0.0055636269867, 5.29011881695
0, 0.5, 16, no_regularization, -0.00613217104484, 0.00063677293646, 9.63007485671, 0.00371517662725, 0.0069493757534, 0.534605806202
0, 0.5, 17, no_regularization, -0.0061636770233, 0.000595799535857, 10.3452195787, 0.00337452349501, 0.00626078005887, 0.538994097107
0, 0.5, 18, no_regularization, -0.00537492281482, 0.000571566496299, 9.40384513373, 0.00262446655559, 0.0067652137606, 0.387935495975
0, 0.5, 19, no_regularization, -0.00613119090022, 0.000689605220904, 8.89087076832, 0.00365365490593, 0.00735235049888, 0.496936987224
0, 0.5, 20, no_regularization, -0.00631987032821, 0.000690876791058, 9.14760838693, 0.00439818244168, 0.0079215227684, 0.555219314552
0, 0.5, 16, regularization, -0.00612151314611, 0.000782776655959, 7.82025511301, 0.00282897372772, 0.00217258723347, 1.30212204331
0, 0.5, 17, regularization, -0.00617473578767, 0.000767402886205, 8.04627647181, 0.00297737687017, 0.00205902796686, 1.44601089353
0, 0.5, 18, regularization, -0.00534473825533, 0.00103355848969, 5.17120057416, 0.00239672701155, 0.0021876489408, 1.09557203939
0, 0.5, 19, regularization, -0.00610430208374, 0.000874567155812, 6.97979799856, 0.00290710724232, 0.0019547341297, 1.48721363082
0, 0.5, 20, regularization, -0.00634547265092, 0.000769822819527, 8.24277027125, 0.00336614544529, 0.00225732970949, 1.49120681447
0, 9.0, 1, no_regularization, -0.00590280012985, 0.456700334484, 0.0129248868112, 0.00123976166435, 0.679895235746, 0.00182345984965
0, 9.0, 2, no_regularization, 0.0159750641245, 0.518486789188, 0.0308109376316, -0.0383906434739, 0.881417327557, 0.0435555806241
0, 9.0, 3, no_regularization, -0.00783790719145, 0.318959307399, 0.0245733766334, -0.0756567868381, 0.416151101978, 0.181801241132
0, 9.0, 4, no_regularization, -0.0242299033089, 0.495854714239, 0.0488649247714, -0.0397892847519, 0.747202853269, 0.0532509807449
0, 9.0, 5, no_regularization, -0.0454773663752, 0.524949700225, 0.0866318551201, -0.0585368537946, 0.743953388678, 0.0786834964199
0, 9.0, 1, regularization, -0.00106079848322, 0.327785069232, 0.00323626236458, 0.00604914437723, 0.631216718201, 0.00958330824075
0, 9.0, 2, regularization, 0.0214524170265, 0.428645913337, 0.0500469416808, -0.0467584919101, 0.849955521019, 0.0550128692076
0, 9.0, 3, regularization, -0.00949409316834, 0.264110661629, 0.0359474059464, -0.0560189456742, 0.364501942432, 0.153686274757
0, 9.0, 4, regularization, -0.0287917576712, 0.402302889821, 0.0715673647883, -0.0397692564975, 0.724874916969, 0.0548636124198
0, 9.0, 5, regularization, -0.024178866226, 0.443058409714, 0.0545726380446, -0.0590737799957, 0.956415741974, 0.0617657964033
0, 9.0, 21, no_regularization, -0.00523412010099, 0.528484338742, 0.00990402121177, -0.0850902086293, 0.930665930277, 0.09142937961
0, 9.0, 22, no_regularization, -0.000439957349681, 0.431493810675, 0.00101961450847, 0.0303045567659, 0.521963740422, 0.0580587393704
0, 9.0, 23, no_regularization, 0.0128873584989, 0.339766409017, 0.0379300547579, -0.0510972036488, 0.378741782758, 0.134913035675
0, 9.0, 24, no_regularization, -0.0857024307721, 0.191569077087, 0.447370901794, 0.049480611354, 0.195042012506, 0.253692067254
0, 9.0, 25, no_regularization, 0.00812577350938, 0.564129479774, 0.0144040930331, -0.0298492404816, 0.70138484578, 0.0425575782842
0, 9.0, 21, regularization, -0.0129722803098, 0.445663509719, 0.0291077910281, -0.0994724408598, 0.898146448188, 0.110753030378
0, 9.0, 22, regularization, -0.00237831764585, 0.321475005495, 0.00739814170682, 0.0269579390849, 0.454712892265, 0.0592856273562
0, 9.0, 23, regularization, 0.00975929221612, 0.23060653068, 0.0423201033698, -0.0595531626105, 0.337392964939, 0.176509793621
0, 9.0, 24, regularization, -0.0858058791191, 0.131994667465, 0.650070800336, 0.0465845048179, 0.175697702112, 0.265140091521
0, 9.0, 25, regularization, 0.0109498075404, 0.51619477357, 0.0212125501865, -0.0350228807806, 0.694033229292, 0.0504628298796
0, 1.0, 21, no_regularization, -0.0119623405424, 0.00109624002692, 10.9121544996, 0.0061296407488, 0.00861196935261, 0.711758309607
0, 1.0, 22, no_regularization, -0.0119435670838, 0.000988161312209, 12.0866572454, 0.00631418473133, 0.00916192033577, 0.689176995643
0, 1.0, 23, no_regularization, -0.0119254490428, 0.00126334353763, 9.43959318077, 0.00586041451422, 0.00965179688125, 0.607183780007
0, 1.0, 24, no_regularization, -0.0120591960608, 0.000747745920157, 16.1273980048, 0.00625160154014, 0.00851199535916, 0.734446070087
0, 1.0, 25, no_regularization, -0.0120502931718, 0.000756159100767, 15.93618745, 0.00577855891038, 0.00838201260977, 0.689399930471
0, 1.0, 21, regularization, -0.0119764538468, 0.000934552512473, 12.8151748425, 0.0061617929161, 0.00265921271722, 2.31714931122
0, 1.0, 22, regularization, -0.0119251899997, 0.000836642883612, 14.253620312, 0.00579552240158, 0.00261131872111, 2.21938530702
0, 1.0, 23, regularization, -0.0119462040015, 0.00108095468268, 11.0515308301, 0.00579590090732, 0.00299124173996, 1.93762370653
0, 1.0, 24, regularization, -0.0120375430236, 0.000730581818402, 16.4766528819, 0.00599553134414, 0.00233268320423, 2.57022956793
0, 1.0, 25, regularization, -0.0120441393104, 0.000700652649302, 17.1898862046, 0.00567938611707, 0.00204084638687, 2.78285820707
0, 11.0, 26, no_regularization, -0.0322401832232, 0.526646189025, 0.0612179180162, 0.0222078467996, 0.853138913693, 0.0260307511979
0, 11.0, 27, no_regularization, -0.0553608486915, 0.497795401674, 0.111212053196, -0.096768757165, 0.714981372422, 0.135344445181
0, 11.0, 28, no_regularization, -0.015943063432, 0.487972811923, 0.0326720322167, 0.0634119535956, 0.802551930694, 0.079012897696
0, 11.0, 29, no_regularization, -0.0120559593518, 0.325007746364, 0.0370943754009, 0.0310531149558, 0.44215092638, 0.0702319346249
0, 11.0, 30, no_regularization, 0.0135873548708, 0.320038412235, 0.0424553877014, 0.0712863677805, 0.436841992073, 0.163185703468
0, 11.0, 26, regularization, -0.0261919605985, 0.470032138305, 0.0557237653853, 0.0259041390004, 0.804530494849, 0.0321978336014
0, 11.0, 27, regularization, -0.0515850400023, 0.429950151389, 0.119979118127, -0.0864334812608, 0.714827429636, 0.120915171519
0, 11.0, 28, regularization, -0.0115432845118, 0.408472805501, 0.028259615711, 0.0632593952214, 0.758478639153, 0.0834030016877
0, 11.0, 29, regularization, -0.014861735741, 0.219441091494, 0.0677254001967, 0.0145156944175, 0.414353580762, 0.0350321442637
0, 11.0, 30, regularization, 0.0160927146165, 0.248532047882, 0.0647510643139, 0.0668926649646, 0.410586142396, 0.162919928506
0, 0.5, 6, no_regularization, -0.00636304937274, 0.000554522749634, 11.4748211447, 0.00380917657454, 0.00684180407994, 0.556750314688
0, 0.5, 7, no_regularization, -0.00615145877683, 0.000722272684996, 8.51680937769, 0.00289195605313, 0.00672689384417, 0.429909571954
0, 0.5, 8, no_regularization, -0.00632304305103, 0.000743670534217, 8.50247893402, 0.0038480793761, 0.00713945513767, 0.538987822166
0, 0.5, 9, no_regularization, -0.00606772335937, 0.00056234577548, 10.7900221251, 0.00322060745741, 0.00698716140813, 0.4609321682
0, 0.5, 10, no_regularization, -0.00615917053959, 0.000803783299614, 7.66272519291, 0.00322779502741, 0.00852096127511, 0.378806442512
0, 0.5, 6, regularization, -0.0063931644769, 0.000600653918471, 10.6436739698, 0.00311845061294, 0.00199412147204, 1.56382179153
0, 0.5, 7, regularization, -0.00611462904437, 0.00079717949817, 7.67032902678, 0.00285562137118, 0.00194274871163, 1.4698871522
0, 0.5, 8, regularization, -0.006345581786, 0.000734013005662, 8.64505361221, 0.00333165293587, 0.00239877735424, 1.38889627667
0, 0.5, 9, regularization, -0.00602771801507, 0.000812671731422, 7.41716216033, 0.00297637279852, 0.002226786331, 1.33662253854
0, 0.5, 10, regularization, -0.0061805278389, 0.000788898788944, 7.83437359205, 0.00319240897569, 0.00213496030179, 1.49530132856
0, 3.0, 1, no_regularization, -0.0350636406489, 0.00177022739389, 19.8074217866, 0.0204124840854, 0.0147006672404, 1.38854133296
0, 3.0, 2, no_regularization, -0.0343769324342, 0.00141338924912, 24.3223389845, 0.0193323009345, 0.0144864450071, 1.33450966922
0, 3.0, 3, no_regularization, -0.0349413828045, 0.00152963459918, 22.8429605496, 0.0206577618309, 0.0154175743775, 1.33988403915
0, 3.0, 4, no_regularization, -0.0345918583494, 0.00175280574117, 19.7351352389, 0.0205331706057, 0.0153477267962, 1.33786396373
0, 3.0, 5, no_regularization, -0.0345701848792, 0.00142098732895, 24.328285112, 0.0212771353489, 0.0152851162464, 1.39201658697
0, 3.0, 1, regularization, -0.0350475340535, 0.00151619130809, 23.1155091488, 0.0178549851179, 0.00356739583219, 5.00504736726
0, 3.0, 2, regularization, -0.0343637456687, 0.00137457633283, 24.9995179227, 0.0170605273076, 0.00325983774425, 5.23355106791
0, 3.0, 3, regularization, -0.034935494263, 0.00143891081214, 24.2791241598, 0.0176083184682, 0.00322083268856, 5.46700812208
0, 3.0, 4, regularization, -0.0345922197511, 0.00151285161346, 22.8655734927, 0.0179825437518, 0.00354671855421, 5.0701919188
0, 3.0, 5, regularization, -0.0345546838762, 0.00134403093592, 25.7097384835, 0.0180073791828, 0.00305663997395, 5.89123329417
0, 11.0, 21, no_regularization, 0.00107702373785, 0.34516734557, 0.00312029440696, -0.0201321940493, 0.430829189351, 0.04672894629
0, 11.0, 22, no_regularization, -0.0761967630967, 0.425289410386, 0.179164496542, 0.0238150544188, 0.608580502232, 0.0391321350773
0, 11.0, 23, no_regularization, -0.00185610615959, 0.455611680572, 0.0040738774679, -0.105206649117, 0.753731919197, 0.139580992178
0, 11.0, 24, no_regularization, 0.00211310434988, 0.385377622829, 0.00548320458871, -0.0131026588446, 0.727833968578, 0.0180022634422
0, 11.0, 25, no_regularization, -0.0248372600006, 0.374041918726, 0.0664023435802, 0.021625949791, 0.428271850297, 0.0504958469159
0, 11.0, 21, regularization, 0.00567502128768, 0.239875124632, 0.023658231742, -0.0174288947299, 0.380710631788, 0.0457799002042
0, 11.0, 22, regularization, -0.071840791524, 0.318969542182, 0.225227747554, 0.0139167846189, 0.547033377762, 0.0254404670439
0, 11.0, 23, regularization, 0.0139129231462, 0.340797305072, 0.0408246278333, -0.0736516775406, 0.833665132081, 0.0883468370048
0, 11.0, 24, regularization, 0.000326680841705, 0.262470871393, 0.00124463655708, -0.00675624507359, 0.685228389243, 0.00985984407483
0, 11.0, 25, regularization, -0.0289889301824, 0.292241161298, 0.099195233326, 0.0335419690141, 0.359370823683, 0.0933352593023
0, 1.0, 1, no_regularization, -0.0124070633416, 0.000796958320975, 15.5680203281, 0.00603600950588, 0.00839931782689, 0.718630921021
0, 1.0, 2, no_regularization, -0.01210623116, 0.000706315243858, 17.1399828409, 0.00574114163662, 0.00822172150281, 0.698289480452
0, 1.0, 3, no_regularization, -0.0121652452565, 0.000734582704542, 16.5607564421, 0.00590590772075, 0.00749800914818, 0.787663445594
0, 1.0, 4, no_regularization, -0.0120760080503, 0.000757830105006, 15.9349806382, 0.00623973080388, 0.00849199759092, 0.734777740699
0, 1.0, 5, no_regularization, -0.012243697413, 0.000791632243718, 15.4663955519, 0.00629921812907, 0.00879183874823, 0.716484720599
0, 1.0, 1, regularization, -0.0124280396371, 0.000713575525857, 17.4165721592, 0.00611732487499, 0.00253626980464, 2.41193774566
0, 1.0, 2, regularization, -0.0121109159958, 0.000634009392335, 19.1021081742, 0.00562346149273, 0.0022125260054, 2.54164763669
0, 1.0, 3, regularization, -0.0121786169387, 0.000656369011854, 18.5545275885, 0.005981598356, 0.00230437797388, 2.59575400555
0, 1.0, 4, regularization, -0.0120910950097, 0.000708298275064, 17.0706260842, 0.00606143380128, 0.00246294979316, 2.46104643226
0, 1.0, 5, regularization, -0.0122485202966, 0.000663469047699, 18.461328888, 0.0063790266584, 0.00256803328979, 2.48401244788
0, 7.0, 26, no_regularization, -0.0454930969053, 0.252171078237, 0.180405688168, 0.0453736072302, 0.271389487815, 0.16718999544
0, 7.0, 27, no_regularization, 0.00400499998, 0.317864571342, 0.0125997054755, -0.00498385447041, 0.372424227726, 0.0133821972347
0, 7.0, 28, no_regularization, -0.0444530581633, 0.417750273289, 0.106410602232, -0.171906039941, 0.828834942316, 0.207406844433
0, 7.0, 29, no_regularization, -0.0396969483416, 0.332733179001, 0.119305650434, 0.0131597304998, 0.363022510569, 0.036250453117
0, 7.0, 30, no_regularization, -0.0100970098444, 0.547144166172, 0.0184540208389, 0.0537945445642, 0.682954787482, 0.0787673584697
0, 7.0, 26, regularization, -0.0431487474517, 0.164856744819, 0.261734801928, 0.0475548235729, 0.253863158741, 0.187324635086
0, 7.0, 27, regularization, 0.000362457471583, 0.216598798851, 0.00167340480882, -0.00148872688943, 0.367699678143, 0.00404875766265
0, 7.0, 28, regularization, -0.041298504052, 0.307128011733, 0.134466745052, -0.179437616132, 0.798401766301, 0.224746015986
0, 7.0, 29, regularization, -0.036377997069, 0.266780427506, 0.136359317694, 0.0162866559335, 0.352848509371, 0.0461576441474
0, 7.0, 30, regularization, -0.0104289979177, 0.460005981641, 0.0226714397941, 0.0580770966874, 0.612730037251, 0.094784151513
0, 5.0, 21, no_regularization, -0.0566625141355, 0.0238035741132, 2.3804204304, 0.0341933266309, 0.0271051157113, 1.26150823317
0, 5.0, 22, no_regularization, -0.0561056986549, 0.00346971572018, 16.1701139747, 0.0340061462008, 0.0381106847427, 0.892299533066
0, 5.0, 23, no_regularization, -0.0563747969589, 0.058102921973, 0.970257519666, 0.0296453869564, 0.0735147922859, 0.403257440232
0, 5.0, 24, no_regularization, -0.0557071482441, 0.00223028078751, 24.9776389395, 0.0334346254832, 0.0180683644453, 1.85045113433
0, 5.0, 25, no_regularization, -0.0570732407657, 0.00263042653288, 21.697333133, 0.0338593224456, 0.0196582300935, 1.72239933527
0, 5.0, 21, regularization, -0.0566738164938, 0.00311311277482, 18.2048710064, 0.030496386314, 0.0073270304935, 4.16217543261
0, 5.0, 22, regularization, -0.0560460521489, 0.00294917475606, 19.0039779887, 0.0297982497249, 0.00795415392671, 3.74625007254
0, 5.0, 23, regularization, -0.0561569121034, 0.003960353199, 14.1797736923, 0.0297668281694, 0.00840035734808, 3.54351927376
0, 5.0, 24, regularization, -0.055723764133, 0.00232559518538, 23.9610764948, 0.0302672469619, 0.00582486810622, 5.19621155534
0, 5.0, 25, regularization, -0.0570489309117, 0.00250587409278, 22.7660803374, 0.0301967817283, 0.00565684025182, 5.33810049145
0, 9.0, 26, no_regularization, -0.0391373437051, 0.568082715383, 0.0688937414312, -0.0518668071788, 0.53680935992, 0.0966205343114
0, 9.0, 27, no_regularization, -0.0223816644042, 0.532751645114, 0.0420114411837, -0.0287429295643, 0.813078097185, 0.0353507610939
0, 9.0, 28, no_regularization, -0.00238975845952, 0.331891955784, 0.00720041091045, -0.00386107852107, 0.408933937478, 0.00944181484395
0, 9.0, 29, no_regularization, -0.00465261103319, 0.317099221496, 0.0146724139253, -0.0474703272229, 0.398049967317, 0.119257206684
0, 9.0, 30, no_regularization, 0.0270151600182, 0.519001728841, 0.0520521580506, 0.0053901431312, 0.641104614627, 0.00840758747983
0, 9.0, 26, regularization, -0.0416529767229, 0.473206627403, 0.0880228092989, -0.0547510535702, 0.527668485676, 0.103760325008
0, 9.0, 27, regularization, -0.0200618592102, 0.437645640464, 0.0458404182639, -0.0177925789028, 0.785345717826, 0.0226557279157
0, 9.0, 28, regularization, -0.00267809356078, 0.271277348075, 0.00987216064955, -0.0076080739295, 0.353939267965, 0.0214954220062
0, 9.0, 29, regularization, -0.00193676719701, 0.247277283686, 0.00783237007516, -0.0625837233162, 0.308643120872, 0.202770510936
0, 9.0, 30, regularization, 0.0351530269119, 0.463802420446, 0.0757931079319, -0.00153775876093, 0.609841348928, 0.00252157182132
0, 1.0, 6, no_regularization, -0.012511116132, 0.000745535891133, 16.7813733461, 0.00612141046541, 0.00868223666947, 0.705049942595
0, 1.0, 7, no_regularization, -0.0123011178533, 0.00111087617644, 11.0733474298, 0.00733797086197, 0.0116556520595, 0.629563307526
0, 1.0, 8, no_regularization, -0.0120985579108, 0.00109626785446, 11.0361330596, 0.00654596772074, 0.00956983131655, 0.684021222967
0, 1.0, 9, no_regularization, -0.0119630304751, 0.000757453010997, 15.7937592186, 0.00684627615384, 0.00954632453339, 0.717163566972
0, 1.0, 10, no_regularization, -0.0120873856661, 0.00122302080765, 9.88322160223, 0.00703311687136, 0.0104371978983, 0.673851060401
0, 1.0, 6, regularization, -0.012518325298, 0.000564533518168, 22.1746360405, 0.00616105229315, 0.00226929600983, 2.71496193818
0, 1.0, 7, regularization, -0.0123129631426, 0.000876069604597, 14.0547772437, 0.00640892285058, 0.00265545275218, 2.41349534286
0, 1.0, 8, regularization, -0.0120823932463, 0.000949594868372, 12.7237347723, 0.00602025586096, 0.00275721996164, 2.18345142742
0, 1.0, 9, regularization, -0.0119795449614, 0.000674041118657, 17.7727213219, 0.00584319909593, 0.00218500764562, 2.67422363837
0, 1.0, 10, regularization, -0.0120955837883, 0.00099357444334, 12.1738072767, 0.00635941593862, 0.00267481667454, 2.37751469069
0, 11.0, 6, no_regularization, 0.0264276299771, 0.514178014031, 0.0513978218747, -0.0113475042851, 0.5579935338, 0.020336264845
0, 11.0, 7, no_regularization, -0.0273053524884, 0.503057272195, 0.0542788147546, 0.0138995908967, 0.664609984637, 0.0209139062277
0, 11.0, 8, no_regularization, -0.0115052998164, 0.325187034513, 0.0353805613242, -0.0679098289572, 0.353472681722, 0.192121859676
0, 11.0, 9, no_regularization, 0.0224538664375, 0.560145609593, 0.0400857670809, 0.0325498974371, 0.70662580385, 0.0460638392481
0, 11.0, 10, no_regularization, -0.075804626095, 0.716738638808, 0.105763275468, 0.0717470279343, 0.492755696894, 0.145603649814
0, 11.0, 6, regularization, 0.033147054875, 0.431809285076, 0.0767631823135, 0.000886966430399, 0.497960745256, 0.00178119749167
0, 11.0, 7, regularization, -0.0284716152311, 0.420561199415, 0.067699101274, -0.0338648718113, 0.727962334627, 0.0465200879227
0, 11.0, 8, regularization, -0.0676623156907, 0.414248574329, 0.163337473883, -0.0360096618022, 0.627089635169, 0.0574234683253
0, 11.0, 9, regularization, 0.0212443579031, 0.4754034038, 0.0446870126156, 0.0327819997439, 0.625476803686, 0.0524112158129
0, 11.0, 10, regularization, -0.0863751203862, 0.65265503189, 0.132344218869, 0.0601272195371, 0.425122534902, 0.141435032492
0, 7.0, 6, no_regularization, 0.00883118358886, 0.393751002096, 0.0224283456851, -0.0738843749405, 0.689911553659, 0.107092531715
0, 7.0, 7, no_regularization, -0.0127095130603, 0.409550263329, 0.0310328528592, -0.120280094516, 0.827552680021, 0.145344335678
0, 7.0, 8, no_regularization, -0.0155820742456, 0.509677181174, 0.0305724384398, 0.0457898611651, 0.794603387955, 0.0576260583068
0, 7.0, 9, no_regularization, -0.00793167367918, 0.565488295209, 0.0140262384675, 0.000905991554697, 0.788463765361, 0.00114905921426
0, 7.0, 10, no_regularization, -0.00181006432794, 0.49015977356, 0.00369280472528, 0.0522976714718, 0.678265398453, 0.0771050264263
0, 7.0, 6, regularization, 0.000617993355406, 0.253094962947, 0.00244174498066, -0.0776994054808, 0.628866279229, 0.12355473341
0, 7.0, 7, regularization, -0.037907290962, 0.375362746564, 0.100988420692, -0.0637623864875, 0.753307032524, 0.0846432911608
0, 7.0, 8, regularization, -0.0093282286533, 0.425887552585, 0.0219030319076, 0.0353068749384, 0.811433569371, 0.0435117257544
0, 7.0, 9, regularization, -0.00763169125377, 0.517793842934, 0.0147388605676, -0.00290202764327, 0.770019840331, 0.00376876996055
0, 7.0, 10, regularization, -0.00343502277762, 0.416820143608, 0.0082410191309, 0.0636184030292, 0.65449836955, 0.0972017746553
0, 3.0, 16, no_regularization, -0.0348179403186, 0.00219053886746, 15.894691866, 0.0204044893705, 0.0174591008594, 1.16870218775
0, 3.0, 17, no_regularization, -0.0347337776425, 0.00184908100244, 18.784346168, 0.0201203354927, 0.0160165843093, 1.25621887315
0, 3.0, 18, no_regularization, -0.0344709790746, 0.00159338708126, 21.6337759231, 0.0206235541873, 0.0147445095665, 1.39872771585
0, 3.0, 19, no_regularization, -0.0343557667711, 0.00191055588644, 17.982078941, 0.0211803093985, 0.0173106486896, 1.22354221256
0, 3.0, 20, no_regularization, -0.0346560777328, 0.00259162090275, 13.372356156, 0.0212807496033, 0.0186815768333, 1.13913026685
0, 3.0, 16, regularization, -0.0348241780545, 0.00179203488065, 19.4327568233, 0.0174427984962, 0.00412466716902, 4.22889842535
0, 3.0, 17, regularization, -0.034723056766, 0.00162272463181, 21.397996977, 0.017559156426, 0.00346518740289, 5.0673035494
0, 3.0, 18, regularization, -0.0344752711621, 0.00146210369067, 23.5792244984, 0.018006887022, 0.00326141726852, 5.52118466895
0, 3.0, 19, regularization, -0.0343433884524, 0.00168051493308, 20.436229263, 0.0180968970619, 0.00361895032713, 5.00059283108
0, 3.0, 20, regularization, -0.0346262076372, 0.00213525539944, 16.2164243426, 0.0181960421837, 0.00408233925258, 4.45725870827
0, 1.0, 16, no_regularization, -0.0118846756468, 0.000851065574636, 13.9644652551, 0.00561849954156, 0.00860019912799, 0.653298773429
0, 1.0, 17, no_regularization, -0.0118147637814, 0.000846221855743, 13.9617804731, 0.00571905604095, 0.00921443638948, 0.620662599341
0, 1.0, 18, no_regularization, -0.0117284145994, 0.000732212448561, 16.0177754728, 0.00556211783139, 0.00839267750174, 0.662734607666
0, 1.0, 19, no_regularization, -0.0119706466973, 0.000940547313636, 12.7273200654, 0.00579408740658, 0.00808546969912, 0.716604924908
0, 1.0, 20, no_regularization, -0.0118651320144, 0.00110585172275, 10.7294059143, 0.00592939787639, 0.00960171637541, 0.617535203557
0, 1.0, 16, regularization, -0.0119107887285, 0.000756139786046, 15.7520989483, 0.00549345557331, 0.00248405620464, 2.21148602155
0, 1.0, 17, regularization, -0.0117969203369, 0.000780111207726, 15.1221008237, 0.00595703970843, 0.00263354283267, 2.26198702164
0, 1.0, 18, regularization, -0.0117358768825, 0.000716967280018, 16.3687761068, 0.00555171887006, 0.00237116602231, 2.34134548902
0, 1.0, 19, regularization, -0.0119985689596, 0.000838194402479, 14.3147805857, 0.00606090480449, 0.00252946828197, 2.39611812795
0, 1.0, 20, regularization, -0.0118559022207, 0.000967371984739, 12.2557841325, 0.0059227814672, 0.00244803617788, 2.41940111863
0, 1.0, 26, no_regularization, -0.0122107532806, 0.000908327487748, 13.4431176479, 0.00624907369208, 0.00897636779995, 0.69616952328
0, 1.0, 27, no_regularization, -0.0118421538298, 0.00109689519817, 10.796066798, 0.00608528959019, 0.00981285382797, 0.620134539541
0, 1.0, 28, no_regularization, -0.0116376719938, 0.00193371857169, 6.01828630298, 0.00725454011741, 0.0134626417405, 0.538864530247
0, 1.0, 29, no_regularization, -0.012323879633, 0.000928874988338, 13.2675330778, 0.00621980636615, 0.0089766207597, 0.692889510725
0, 1.0, 30, no_regularization, -0.0120037256777, 0.00117924007227, 10.1792043537, 0.00587321092701, 0.00996775405903, 0.589221091555
0, 1.0, 26, regularization, -0.012211061408, 0.000809487937988, 15.084920769, 0.00608420633469, 0.00246584566568, 2.46739137788
0, 1.0, 27, regularization, -0.0118294224731, 0.000968887656738, 12.2092818407, 0.00584230723385, 0.00233329275195, 2.50388950506
0, 1.0, 28, regularization, -0.0116414249548, 0.00155611385144, 7.48108818906, 0.00614543044209, 0.00290074060286, 2.11857290377
0, 1.0, 29, regularization, -0.0123472618295, 0.000707840837096, 17.4435567749, 0.00624123728975, 0.00273535694825, 2.28169025389
0, 1.0, 30, regularization, -0.0120255863606, 0.000969449573621, 12.4045506727, 0.00607919298448, 0.00266359629247, 2.28232521635
0, 3.0, 6, no_regularization, -0.0347685646114, 0.00141667443552, 24.5423816085, 0.0210933711832, 0.0158428964343, 1.33140876548
0, 3.0, 7, no_regularization, -0.0344258265286, 0.00174831126843, 19.6909023869, 0.0211935484088, 0.0163462398711, 1.29653966759
0, 3.0, 8, no_regularization, -0.0345690940596, 0.0024096823969, 14.3459130149, 0.0201897333202, 0.016952796122, 1.19093824847
0, 3.0, 9, no_regularization, -0.03444425985, 0.00138235139442, 24.9171520274, 0.0210028582077, 0.0162630607404, 1.29144559828
0, 3.0, 10, no_regularization, -0.0349410862553, 0.00272020400381, 12.845024199, 0.0205812441365, 0.0187463657918, 1.09787914975
0, 3.0, 6, regularization, -0.0347658501701, 0.00134836407118, 25.7837263045, 0.0178373441154, 0.00317880770446, 5.61133159781
0, 3.0, 7, regularization, -0.0344214245322, 0.00153792532139, 22.3817268976, 0.0177845475927, 0.00368925791137, 4.82063006165
0, 3.0, 8, regularization, -0.0345735025817, 0.0019734253309, 17.5195392703, 0.0181529794168, 0.00461021836555, 3.9375530566
0, 3.0, 9, regularization, -0.0344447262489, 0.00129784756181, 26.539885933, 0.0179261566198, 0.00322026095206, 5.56667825577
0, 3.0, 10, regularization, -0.0349219466486, 0.00212909283846, 16.4022657997, 0.018405139096, 0.00506263410181, 3.63548673
0, 5.0, 6, no_regularization, -0.0556960702182, 0.00212494711039, 26.2105677577, 0.0330490469498, 0.018731696531, 1.76433815779
0, 5.0, 7, no_regularization, -0.0552582069323, 0.00243153285366, 22.7256674115, 0.0335072988634, 0.0198138863826, 1.69110179681
0, 5.0, 8, no_regularization, -0.055722650257, 0.0198236824177, 2.81091318368, 0.0333108926152, 0.0254415723306, 1.30930951052
0, 5.0, 9, no_regularization, -0.0565053005715, 0.00222036242574, 25.4486834746, 0.0341437701405, 0.0219360789913, 1.55651199807
0, 5.0, 10, no_regularization, -0.0564431069703, 0.0590554096597, 0.955765226175, 0.0347399180799, 0.0768837524287, 0.451849929048
0, 5.0, 6, regularization, -0.0557028884224, 0.00235334040174, 23.6697115221, 0.029094927981, 0.0053656782104, 5.42241387577
0, 5.0, 7, regularization, -0.0552265009624, 0.00244500687243, 22.5874624669, 0.0296254462226, 0.00578642631831, 5.11981741285
0, 5.0, 8, regularization, -0.055732246666, 0.0031123427717, 17.9068472704, 0.0297756947159, 0.00689125377787, 4.32079497805
0, 5.0, 9, regularization, -0.0564999596281, 0.00229108873369, 24.6607470052, 0.030252641468, 0.00691039477901, 4.37784561309
0, 5.0, 10, regularization, -0.0558418068954, 0.00370992470529, 15.0520054533, 0.030339923105, 0.00815098982379, 3.72223788287
0, 1.0, 11, no_regularization, -0.0115791127095, 0.00111202206868, 10.4126644926, 0.00605003899549, 0.00871609014819, 0.694123040564
0, 1.0, 12, no_regularization, -0.0112197462232, 0.000927131090503, 12.1015747806, 0.0058629246798, 0.00930647553384, 0.629983354975
0, 1.0, 13, no_regularization, -0.0113570646248, 0.00103392500906, 10.9844181399, 0.00549326803503, 0.0103439721003, 0.531059827092
0, 1.0, 14, no_regularization, -0.0118744538433, 0.000827717970616, 14.3460143006, 0.00569222867012, 0.00814842143355, 0.698568270743
0, 1.0, 15, no_regularization, -0.0119306038478, 0.000722256261244, 16.5185191019, 0.00588023516244, 0.00844059351865, 0.696661336604
0, 1.0, 11, regularization, -0.0115878982307, 0.00100780168407, 11.4981929619, 0.00583233456507, 0.00251216174164, 2.32163975289
0, 1.0, 12, regularization, -0.0112223424389, 0.000914954820378, 12.2654607517, 0.00559170616011, 0.00234601092119, 2.38349536638
0, 1.0, 13, regularization, -0.0113316548871, 0.000944752571892, 11.994309647, 0.00524043704942, 0.00233093051513, 2.24821675953
0, 1.0, 14, regularization, -0.0118725139371, 0.000753415843538, 15.758248302, 0.00597216787879, 0.00223096749538, 2.67694078518
0, 1.0, 15, regularization, -0.011905879822, 0.000700368603218, 16.9994482439, 0.00594278987062, 0.00269484276835, 2.20524549351
0, 11.0, 11, no_regularization, -0.0329114768154, 0.563320479588, 0.0584240729885, -0.0362089590623, 0.668572710378, 0.0541585956176
0, 11.0, 12, no_regularization, -0.0319943547988, 0.521574845892, 0.0613418286001, 0.0701205774694, 0.729202994526, 0.0961605725645
0, 11.0, 13, no_regularization, -0.00953450254182, 0.527728267484, 0.0180670680903, -0.00726158100469, 0.623897056154, 0.0116390691911
0, 11.0, 14, no_regularization, 0.00276686557674, 0.319063168633, 0.00867184259654, -0.124354992219, 0.69682911002, 0.178458377285
0, 11.0, 15, no_regularization, 0.00625964336478, 0.339099666071, 0.0184595975493, 0.00896577422755, 0.605879096906, 0.0147979593179
0, 11.0, 11, regularization, -0.0308158406481, 0.531528289023, 0.0579759182804, -0.0325194966078, 0.618723235627, 0.0525590356646
0, 11.0, 12, regularization, -0.0334140187903, 0.411172036689, 0.0812652997014, 0.0668393572627, 0.705840707253, 0.0946946762575
0, 11.0, 13, regularization, -0.00886034470412, 0.453262717417, 0.0195479230116, -0.0204177222741, 0.57820476947, 0.0353122688574
0, 11.0, 14, regularization, -0.000469613474961, 0.206625049162, 0.00227278094726, -0.125724660242, 0.692758824815, 0.181484025521
0, 11.0, 15, regularization, -0.0290636491989, 0.230788687271, 0.125931862357, -0.00180644067929, 0.614211121868, 0.00294107451815
0, 9.0, 11, no_regularization, -0.0101559956265, 0.533631229279, 0.0190318614602, 0.0640232930683, 0.803619975725, 0.0796686182552
0, 9.0, 12, no_regularization, -0.0273469544344, 0.534388683832, 0.0511742768173, 0.00723732159759, 0.644519561928, 0.0112290177445
0, 9.0, 13, no_regularization, -0.016679149759, 0.541993964595, 0.030773681717, -0.0280661968962, 0.687380744347, 0.040830641718
0, 9.0, 14, no_regularization, -0.0383061182947, 0.533947384811, 0.0717413726229, -0.0416563582317, 0.705615508182, 0.0590354913529
0, 9.0, 15, no_regularization, -0.0380392735268, 0.390227524282, 0.097479729542, 0.0272952885898, 0.931874799656, 0.0292907251059
0, 9.0, 11, regularization, -0.0165761847559, 0.445945288058, 0.0371708933803, 0.0695913565873, 0.838566000367, 0.0829885263138
0, 9.0, 12, regularization, -0.0247775041844, 0.441653274613, 0.0561017105695, 0.011499796597, 0.569473181119, 0.0201937456903
0, 9.0, 13, regularization, -0.00889019909109, 0.462013679293, 0.0192422854334, -0.0400115145462, 0.650281885278, 0.0615294927508
0, 9.0, 14, regularization, -0.0403799165847, 0.449284414829, 0.0898760679247, -0.0516273816038, 0.707305375002, 0.0729916432541
0, 9.0, 15, regularization, -0.0388677372632, 0.311574294873, 0.124746289738, 0.0240406822748, 0.88544739655, 0.0271508870753
