welch, strain percent, trial, regularization, mean axial strain, axial strain std, axial strain SNRe, mean lateral strain, lateral strain std, lateral strain SNRe
0, 7.0, 6, no_regularization, -0.0254134369732, 0.444265115747, 0.0572033141302, -0.0510517661942, 0.648074901621, 0.0787744843483
0, 7.0, 7, no_regularization, -0.00884078969707, 0.443784755664, 0.0199213460675, -0.178797334632, 0.783486456044, 0.228207307545
0, 7.0, 8, no_regularization, -0.0333633414376, 0.303934679227, 0.109771420367, 0.0179799390635, 0.370151894016, 0.04857448889
0, 7.0, 9, no_regularization, -0.0544537243829, 0.177654622072, 0.306514537859, 0.042165114588, 0.205358502663, 0.205324415796
0, 7.0, 10, no_regularization, -0.00154067988485, 0.488759050869, 0.00315222783519, 0.0442906453514, 0.681036530103, 0.0650341698187
0, 7.0, 6, regularization, -0.0199210343406, 0.374717104422, 0.0531628636789, -0.0278271293026, 0.632889209603, 0.0439684053392
0, 7.0, 7, regularization, -0.00712557027947, 0.317633387216, 0.0224333164153, -0.153544055899, 0.709808723697, 0.216317510299
0, 7.0, 8, regularization, -0.0293452690385, 0.225060397476, 0.130388417365, 0.0143524759165, 0.32969176986, 0.0435330124334
0, 7.0, 9, regularization, -0.0516639662396, 0.139942174895, 0.369180815421, 0.0426847688317, 0.171931100754, 0.248266710587
0, 7.0, 10, regularization, -0.00296568134474, 0.423650796481, 0.00700029687036, 0.0474605034728, 0.662640507355, 0.0716233054665
0, 0.5, 16, no_regularization, -0.00612524810536, 0.00061038693852, 10.0350248651, 0.00297715988096, 0.0034002386726, 0.875573795732
0, 0.5, 17, no_regularization, -0.00616560144497, 0.000601948391375, 10.2427409614, 0.00296157291408, 0.00394673734952, 0.750385103391
0, 0.5, 18, no_regularization, -0.00538053170879, 0.00052658812874, 10.217723141, 0.00278212350849, 0.00293656717456, 0.947406731434
0, 0.5, 19, no_regularization, -0.00612075634155, 0.000645892833847, 9.47642708016, 0.00304642907176, 0.00346856172054, 0.87829749539
0, 0.5, 20, no_regularization, -0.00631991443851, 0.000645534030576, 9.79021111075, 0.00314382580539, 0.00377330563666, 0.83317549865
0, 0.5, 16, regularization, -0.00611916025785, 0.000832629136058, 7.3492026556, 0.00282212042054, 0.00211952182318, 1.3314892018
0, 0.5, 17, regularization, -0.00617787055036, 0.000826854328088, 7.47153439306, 0.00297757559986, 0.00199763257795, 1.49055218298
0, 0.5, 18, regularization, -0.00534348901877, 0.0010801224043, 4.94711432474, 0.00240016499313, 0.0021674180236, 1.10738443946
0, 0.5, 19, regularization, -0.00610237121564, 0.000931389913168, 6.55189746997, 0.00290607282396, 0.001902142564, 1.52778917782
0, 0.5, 20, regularization, -0.00634846177239, 0.000818160519378, 7.75943304771, 0.0033487493876, 0.00216494259887, 1.54680747164
0, 7.0, 21, no_regularization, -0.0285320498172, 0.301241388668, 0.0947149060205, 0.0182413258143, 0.419528482119, 0.0434805420651
0, 7.0, 22, no_regularization, 0.0071923737721, 0.504293557959, 0.0142622757293, 0.0545669541851, 0.746114261783, 0.0731348494192
0, 7.0, 23, no_regularization, 0.0260066815599, 0.564863095486, 0.0460406809503, 0.015326094357, 0.499360832938, 0.0306914226069
0, 7.0, 24, no_regularization, -0.0514676105104, 0.174666599168, 0.294662006105, 0.0348074503965, 0.173316616766, 0.200831582372
0, 7.0, 25, no_regularization, -0.0555888158039, 0.190272909982, 0.292153075333, -0.026831648827, 0.307839412934, 0.0871611876182
0, 7.0, 21, regularization, -0.0291461068953, 0.225714605291, 0.129128138863, 0.0197505897378, 0.370991464789, 0.053237315713
0, 7.0, 22, regularization, -0.000733202375247, 0.426464942547, 0.00171925591555, 0.0456619892137, 0.683684688423, 0.0667880822651
0, 7.0, 23, regularization, 0.0269196852673, 0.442489527662, 0.0608368867158, 0.02203442816, 0.442135156511, 0.0498364082465
0, 7.0, 24, regularization, -0.0530219495997, 0.134512128294, 0.394179694219, 0.0400073768873, 0.155711749791, 0.256932292786
0, 7.0, 25, regularization, -0.0568164201097, 0.140039481997, 0.405717154188, 0.044572149768, 0.160815287278, 0.277163636135
0, 0.5, 26, no_regularization, -0.00622848345824, 0.000572956267445, 10.8707833602, 0.00300146928456, 0.00305452439889, 0.982630646413
0, 0.5, 27, no_regularization, -0.00597522422709, 0.000671334179939, 8.90052138807, 0.00293144518586, 0.0032683976063, 0.896905927299
0, 0.5, 28, no_regularization, -0.00609006285817, 0.0010623810579, 5.73246559028, 0.00336510080853, 0.00561703193144, 0.599088780268
0, 0.5, 29, no_regularization, -0.00624180174752, 0.000611680376703, 10.204351791, 0.0029919044378, 0.00340404951239, 0.878925064664
0, 0.5, 30, no_regularization, -0.00637746846466, 0.000757926525218, 8.41436241175, 0.00311638825133, 0.00444677846097, 0.700819318677
0, 0.5, 26, regularization, -0.00622417503456, 0.000778296487512, 7.99717734107, 0.00291706677164, 0.00202610336408, 1.43974232675
0, 0.5, 27, regularization, -0.00597874426429, 0.000971614057281, 6.1534147427, 0.00285087735336, 0.00192759085187, 1.47898468733
0, 0.5, 28, regularization, -0.00609150457526, 0.00108659009353, 5.60607409505, 0.00320768156331, 0.00254365165218, 1.26105379271
0, 0.5, 29, regularization, -0.00625698375582, 0.000685212878713, 9.13144505919, 0.00297935803343, 0.00196101926642, 1.51929054673
0, 0.5, 30, regularization, -0.00637550769712, 0.000868071890092, 7.34444666379, 0.00313081186956, 0.00191211781372, 1.63735301617
0, 1.0, 16, no_regularization, -0.0118912683511, 0.000846184232617, 14.0528124878, 0.0061982464354, 0.00553073091718, 1.12069209806
0, 1.0, 17, no_regularization, -0.0118211418621, 0.000854940761125, 13.8268549116, 0.00644075846016, 0.00541937555867, 1.18846874339
0, 1.0, 18, no_regularization, -0.0117388665581, 0.000676819023257, 17.3441734861, 0.00601192994584, 0.00465826441659, 1.29059439486
0, 1.0, 19, no_regularization, -0.0119819865583, 0.000913905796789, 13.1107457688, 0.00653531709958, 0.00588293387097, 1.11089419717
0, 1.0, 20, no_regularization, -0.0118705535861, 0.00106209195, 11.17657806, 0.00668126837404, 0.00665671509382, 1.00368849799
0, 1.0, 16, regularization, -0.0119124260442, 0.000751333651832, 15.8550412525, 0.00549445614078, 0.00234390252795, 2.34414873284
0, 1.0, 17, regularization, -0.0117970063989, 0.000776943294293, 15.1838705418, 0.00595492843183, 0.00252624000277, 2.35722988525
0, 1.0, 18, regularization, -0.0117380318394, 0.000712653714333, 16.4708772343, 0.00555380066711, 0.00222788197877, 2.49286125568
0, 1.0, 19, regularization, -0.0119993430256, 0.000834685608088, 14.3758834577, 0.00606294547649, 0.00238628236378, 2.54074939685
0, 1.0, 20, regularization, -0.0118567116229, 0.000963017352559, 12.3120435903, 0.00592598660541, 0.00230498764817, 2.5709407207
0, 1.0, 26, no_regularization, -0.0122143747194, 0.000885245196447, 13.7977305818, 0.00663275365566, 0.00546081141631, 1.21460954243
0, 1.0, 27, no_regularization, -0.0118399088204, 0.00108207504806, 10.941855504, 0.00624453380209, 0.00583898084331, 1.0694561208
0, 1.0, 28, no_regularization, -0.011636036849, 0.00190859915115, 6.09663733845, 0.00653349400461, 0.00941032895878, 0.694289650578
0, 1.0, 29, no_regularization, -0.0123312585036, 0.00089026930934, 13.8511553462, 0.00656289511237, 0.00565701455101, 1.16013403416
0, 1.0, 30, no_regularization, -0.0120076969973, 0.00115488830414, 10.3972799398, 0.00683947992154, 0.00686372917036, 0.996467044632
0, 1.0, 26, regularization, -0.0122112315238, 0.000809365783761, 15.0874076576, 0.00610208229623, 0.00238731956825, 2.55603915679
0, 1.0, 27, regularization, -0.0118281184441, 0.000968621429422, 12.2112913103, 0.00584970236307, 0.00222322925658, 2.63117370633
0, 1.0, 28, regularization, -0.0116411773382, 0.00155793898005, 7.4721651408, 0.00613926592658, 0.00279667630642, 2.19520075044
0, 1.0, 29, regularization, -0.0123467707083, 0.00070907472888, 17.4125098603, 0.00623928329375, 0.0026110545056, 2.38956455346
0, 1.0, 30, regularization, -0.0120259175118, 0.000972770412362, 12.3625445007, 0.00609105118515, 0.00253607905335, 2.40175919481
0, 7.0, 11, no_regularization, -0.0229022000172, 0.503088798798, 0.0455231761708, 0.00940437734746, 0.671409398425, 0.0140069194288
0, 7.0, 12, no_regularization, 0.0775413530739, 0.392925449635, 0.197343677143, 0.0189625893913, 0.661685186492, 0.0286580231482
0, 7.0, 13, no_regularization, -0.0128845808264, 0.327917222961, 0.0392921747448, 0.0137126542039, 0.359856181274, 0.0381059293058
0, 7.0, 14, no_regularization, -0.0759525541005, 0.116106993119, 0.65416002999, 0.0424257680795, 0.111230702235, 0.381421381209
0, 7.0, 15, no_regularization, -0.0673664095552, 0.210771743761, 0.319617840385, 0.0454107813452, 0.210371466594, 0.215859983678
0, 7.0, 11, regularization, -0.0160003039059, 0.425409051547, 0.0376115737258, 0.0071572529583, 0.650968454426, 0.0109947769506
0, 7.0, 12, regularization, 0.0774948082615, 0.31542674327, 0.245682428376, 0.014333249408, 0.625373957077, 0.0229194856067
0, 7.0, 13, regularization, -0.0167069031439, 0.24094360336, 0.0693394757568, 0.0109184158024, 0.313053922168, 0.0348771091151
0, 7.0, 14, regularization, -0.0730168680971, 0.0346333820832, 2.10828003808, 0.0414414951763, 0.0658632169303, 0.629205451962
0, 7.0, 15, regularization, -0.051151137218, 0.183470368959, 0.27879781083, 0.0415002846875, 0.21773853674, 0.190596875082
0, 11.0, 21, no_regularization, 0.00107893920266, 0.345384215895, 0.00312388103743, -0.0207621838823, 0.43267256995, 0.0479859027918
0, 11.0, 22, no_regularization, -0.0761858770506, 0.425437066792, 0.179076726025, 0.0237209325216, 0.610841344123, 0.0388332138122
0, 11.0, 23, no_regularization, -0.0018315589746, 0.455670580096, 0.00401948041986, -0.105274004106, 0.754906833331, 0.139452975464
0, 11.0, 24, no_regularization, 0.00210587496841, 0.385578653755, 0.0054615963511, -0.0132533606845, 0.72958338657, 0.0181656558091
0, 11.0, 25, no_regularization, -0.024945552435, 0.374293033774, 0.066647119193, 0.0232091730982, 0.432019208458, 0.0537225490067
0, 11.0, 21, regularization, 0.00567873898181, 0.23991228436, 0.0236700634024, -0.0174131450457, 0.380793889133, 0.0457285306899
0, 11.0, 22, regularization, -0.0718332411873, 0.318914032944, 0.225243274886, 0.0139437731784, 0.547366424741, 0.0254742939064
0, 11.0, 23, regularization, -0.00215387018032, 0.346796873304, 0.00621075432371, -0.0973366474481, 0.72117173203, 0.134970136966
0, 11.0, 24, regularization, 0.000352053548689, 0.262436629713, 0.00134148022353, -0.00672280664529, 0.685727923717, 0.00980389803707
0, 11.0, 25, regularization, -0.028986025805, 0.292295480927, 0.099166862632, 0.033451025795, 0.360115318186, 0.0928897608786
0, 3.0, 1, no_regularization, -0.0350591460829, 0.00173230971997, 20.2383821315, 0.0203142145717, 0.0129859652722, 1.5643207221
0, 3.0, 2, no_regularization, -0.0343699467191, 0.00139767651921, 24.5907735063, 0.0192944364635, 0.0123688915665, 1.55991637244
0, 3.0, 3, no_regularization, -0.0349401548831, 0.00152242058406, 22.9503957376, 0.0205376594207, 0.0127900522079, 1.605752587
0, 3.0, 4, no_regularization, -0.0345908489941, 0.00169401546261, 20.4194411195, 0.0205025459882, 0.0134025650484, 1.52974791871
0, 3.0, 5, no_regularization, -0.0345698760549, 0.00142554415554, 24.2503018378, 0.0214645123336, 0.0146290867593, 1.46724896002
0, 3.0, 1, regularization, -0.0350458725607, 0.00151231990534, 23.1735841319, 0.0178508998587, 0.0035028887848, 5.09605098974
0, 3.0, 2, regularization, -0.0343636938639, 0.001373678414, 25.0158213987, 0.0170442122818, 0.00318332688071, 5.35421366403
0, 3.0, 3, regularization, -0.0349360734304, 0.00143478415289, 24.349358306, 0.0175983071386, 0.00315810961273, 5.57241809077
0, 3.0, 4, regularization, -0.0345920965296, 0.00151191487947, 22.8796587687, 0.0179574103229, 0.00347765143643, 5.16366020321
0, 3.0, 5, regularization, -0.0345546927852, 0.00134630923113, 25.6662377307, 0.0180045379876, 0.00297880815726, 6.0442086355
0, 11.0, 16, no_regularization, -0.0244061545496, 0.504050052476, 0.0484201011977, -0.0345509615065, 0.719976782863, 0.047988993991
0, 11.0, 17, no_regularization, 0.0131011737398, 0.500047507828, 0.0261998580829, 0.0817539866103, 0.780518685054, 0.104743151158
0, 11.0, 18, no_regularization, 0.00620400437355, 0.348776349856, 0.017787915884, -0.101973025481, 0.746275450763, 0.136642610146
0, 11.0, 19, no_regularization, -0.0106492571658, 0.357371897656, 0.0297988096873, 0.0280683281847, 0.576169447236, 0.0487154053714
0, 11.0, 20, no_regularization, -0.0315821466187, 0.470790839207, 0.0670831800209, -0.0266505046797, 0.672764141585, 0.0396134440473
0, 11.0, 16, regularization, -0.0218356956063, 0.405653371152, 0.0538284583814, -0.0248212002773, 0.692931400063, 0.0358205736888
0, 11.0, 17, regularization, 0.0111893357161, 0.430024877241, 0.0260202055935, 0.0790192277329, 0.746571770894, 0.105842774685
0, 11.0, 18, regularization, 0.00896508092711, 0.230955232904, 0.0388173968365, -0.0828403256718, 0.715266874472, 0.115817366396
0, 11.0, 19, regularization, -0.0132764953607, 0.257068059401, 0.0516458380385, 0.0255271913323, 0.550808086518, 0.0463449828663
0, 11.0, 20, regularization, -0.0296936807879, 0.355539803622, 0.08351717722, -0.0210242252469, 0.663432276334, 0.0316900850273
0, 1.0, 21, no_regularization, -0.0119635088965, 0.00105416494798, 11.3488016458, 0.00651701597575, 0.00664767818769, 0.980344684527
0, 1.0, 22, no_regularization, -0.0119419724869, 0.000947779162075, 12.5999525678, 0.00624221128071, 0.00578888607012, 1.07830957547
0, 1.0, 23, no_regularization, -0.0119282410167, 0.00125407384874, 9.51159377793, 0.00620624748214, 0.00671978475316, 0.923578315395
0, 1.0, 24, no_regularization, -0.0120628917767, 0.000718920978916, 16.779162287, 0.00638328070731, 0.00486720140148, 1.31148891956
0, 1.0, 25, no_regularization, -0.0120515115194, 0.000743032433369, 16.2193613336, 0.00623766437489, 0.00508698545215, 1.22620055307
0, 1.0, 21, regularization, -0.0119765168058, 0.00093200520048, 12.8502682169, 0.0061702762921, 0.00253586105225, 2.43320756341
0, 1.0, 22, regularization, -0.0119252688643, 0.000835033423414, 14.281187471, 0.00579128122591, 0.00246258626778, 2.35170694391
0, 1.0, 23, regularization, -0.011946930284, 0.00107881963334, 11.0740756979, 0.0057874438442, 0.00284687849939, 2.03290862095
0, 1.0, 24, regularization, -0.012037307122, 0.000730827711037, 16.4707863977, 0.00600788518869, 0.00221287328044, 2.7149702795
0, 1.0, 25, regularization, -0.0120439699128, 0.000699235603517, 17.22448035, 0.00567654642048, 0.00190043096002, 2.98697850114
0, 1.0, 1, no_regularization, -0.0124111797633, 0.000798984924242, 15.5336845374, 0.00644179005012, 0.00526388120125, 1.2237719287
0, 1.0, 2, no_regularization, -0.0121020588158, 0.000657038946495, 18.4190889753, 0.0059212580949, 0.00444757743769, 1.3313445753
0, 1.0, 3, no_regularization, -0.0121629558129, 0.000706146613566, 17.224405781, 0.00659056335364, 0.00519491418071, 1.26865682943
0, 1.0, 4, no_regularization, -0.0120812159849, 0.000749860491678, 16.1112848576, 0.00634965487016, 0.00491425570276, 1.29208882366
0, 1.0, 5, no_regularization, -0.0122414555013, 0.000784463500061, 15.6048758169, 0.00669174179719, 0.0051820605377, 1.29132837189
0, 1.0, 1, regularization, -0.0124283502629, 0.000713962629701, 17.4075641299, 0.00612219702596, 0.00238306949931, 2.56903838841
0, 1.0, 2, regularization, -0.0121109612114, 0.000633891473889, 19.1057329374, 0.0056345384315, 0.00207994025744, 2.70899051613
0, 1.0, 3, regularization, -0.0121780273295, 0.00065416613377, 18.616107898, 0.00597924874331, 0.00216374780571, 2.76337599397
0, 1.0, 4, regularization, -0.0120917099668, 0.000704428313921, 17.1652810198, 0.00608156198666, 0.00233780967888, 2.60139310809
0, 1.0, 5, regularization, -0.0122477891836, 0.000664491686546, 18.4318170288, 0.00637412722029, 0.00239568258209, 2.66067269009
0, 5.0, 11, no_regularization, -0.0555815494907, 0.0467728612483, 1.18832904396, 0.0330320404857, 0.0603910271609, 0.546969343603
0, 5.0, 12, no_regularization, -0.0554131484041, 0.00205512604877, 26.9633818505, 0.0323203410543, 0.0157758368864, 2.04872434261
0, 5.0, 13, no_regularization, -0.0557826842968, 0.00207984605467, 26.8205832694, 0.0325506298504, 0.0168865742352, 1.92760410708
0, 5.0, 14, no_regularization, -0.056170253586, 0.00267698447482, 20.9826594493, 0.0329848926054, 0.0176574866542, 1.86804006999
0, 5.0, 15, no_regularization, -0.0560486799749, 0.0023047845103, 24.3184036185, 0.0337433248659, 0.0176042647721, 1.91676990222
0, 5.0, 11, regularization, -0.0557568024725, 0.00351968329274, 15.8414260134, 0.0299446852626, 0.00725171508898, 4.12932456601
0, 5.0, 12, regularization, -0.0554362444761, 0.00234179382887, 23.6725555395, 0.0290244853066, 0.00557561278743, 5.20561351965
0, 5.0, 13, regularization, -0.0557747068055, 0.00218740652508, 25.4980983946, 0.0290156154166, 0.00548490087689, 5.29008929566
0, 5.0, 14, regularization, -0.0561583010887, 0.00264966007396, 21.1945304383, 0.0297367951523, 0.00588659577236, 5.05161154295
0, 5.0, 15, regularization, -0.0560509316775, 0.00243793433332, 22.9911572725, 0.0298525457179, 0.0061175102162, 4.87985220503
0, 5.0, 1, no_regularization, -0.055976477308, 0.0027569187219, 20.3039998471, 0.0328473593807, 0.0178312016167, 1.8421282024
0, 5.0, 2, no_regularization, -0.0555240088558, 0.00211988032483, 26.1920487706, 0.0316031473095, 0.0155941765212, 2.02659930562
0, 5.0, 3, no_regularization, -0.0557112932903, 0.0021229770878, 26.2420605528, 0.0325533247828, 0.0159484313915, 2.0411615402
0, 5.0, 4, no_regularization, -0.0556783760106, 0.00248144269544, 22.4379052205, 0.0327269182681, 0.0177077023882, 1.84817417588
0, 5.0, 5, no_regularization, -0.05539780482, 0.00219085085246, 25.2859772529, 0.0335904644447, 0.0188743242389, 1.77969097169
0, 5.0, 1, regularization, -0.0559566804628, 0.00266538222992, 20.9938671589, 0.029400062439, 0.00606793909294, 4.8451479141
0, 5.0, 2, regularization, -0.0555503722805, 0.00235660406605, 23.572212694, 0.0286341904727, 0.00559992309179, 5.11331852301
0, 5.0, 3, regularization, -0.05569765092, 0.00235902255105, 23.6104783717, 0.0290806408989, 0.00566662013243, 5.13191994862
0, 5.0, 4, regularization, -0.0556986791911, 0.00240406520629, 23.1685392914, 0.0296443562632, 0.00574955249318, 5.15594149255
0, 5.0, 5, regularization, -0.0553692783759, 0.0023165973067, 23.9011235211, 0.0294238305464, 0.00557797698127, 5.27500035321
0, 1.0, 11, no_regularization, -0.0115776907929, 0.00110999760808, 10.430374542, 0.00626423152169, 0.0064370072103, 0.973159003406
0, 1.0, 12, no_regularization, -0.0112162651215, 0.000908194016723, 12.3500759914, 0.00572920648906, 0.00570365634265, 1.00447960832
0, 1.0, 13, no_regularization, -0.0113539256716, 0.00102785242137, 11.0462605676, 0.00572456694733, 0.00652826953232, 0.876888878284
0, 1.0, 14, no_regularization, -0.011881403078, 0.000793884306788, 14.9661644353, 0.00624955801671, 0.00541822678002, 1.15343234428
0, 1.0, 15, no_regularization, -0.0119395093859, 0.000683286011804, 17.4736628288, 0.00623370976681, 0.00489031455382, 1.27470527677
0, 1.0, 11, regularization, -0.0115889826028, 0.00100312338623, 11.5528984389, 0.00581743267952, 0.00237652247519, 2.44787614687
0, 1.0, 12, regularization, -0.0112217012577, 0.000909192849659, 12.3424873633, 0.00559313940501, 0.0022342696762, 2.50334123252
0, 1.0, 13, regularization, -0.0113309697998, 0.000942143408559, 12.0267994202, 0.0052340015338, 0.00224536489666, 2.33102492232
0, 1.0, 14, regularization, -0.011872623539, 0.000749807491956, 15.8342290072, 0.00597270249899, 0.00217275557293, 2.7489067677
0, 1.0, 15, regularization, -0.0119059557419, 0.000697869865387, 17.0604239163, 0.00594754516313, 0.00260267115772, 2.28516965944
0, 11.0, 1, no_regularization, -0.0829479382294, 0.593725114417, 0.139707646207, -0.00639135392512, 0.72758821282, 0.00878430108199
0, 11.0, 2, no_regularization, -0.0223526475705, 0.467516733845, 0.0478114385055, -0.0897789365312, 0.65244624953, 0.137603575154
0, 11.0, 3, no_regularization, -0.0693256449662, 0.491587066297, 0.141024143471, 0.0548930903431, 0.691438036157, 0.0793897464018
0, 11.0, 4, no_regularization, 0.0287470526995, 0.368159295074, 0.0780831913906, -0.196245615171, 0.744066266102, 0.263747496845
0, 11.0, 5, no_regularization, -0.00370743634348, 0.544266421111, 0.00681180429231, -0.0370734786774, 0.780827609966, 0.0474797230583
0, 11.0, 1, regularization, -0.0856423427716, 0.51641308438, 0.165840768489, -0.00792389992944, 0.674663662025, 0.011744963269
0, 11.0, 2, regularization, -0.0287983787201, 0.357831587399, 0.0804802586866, -0.0837865875606, 0.619083332485, 0.135339756644
0, 11.0, 3, regularization, -0.0666483861806, 0.403680668853, 0.16510175325, 0.0552883545088, 0.660831196911, 0.0836648674688
0, 11.0, 4, regularization, 0.0308296494645, 0.29207538965, 0.105553739058, -0.201303974076, 0.722514079169, 0.278615988089
0, 11.0, 5, regularization, -0.000510782886294, 0.478158753019, 0.00106822866479, -0.0311486086669, 0.756991900489, 0.0411478757524
0, 0.5, 11, no_regularization, -0.00582191543399, 0.000713507243872, 8.15957438974, 0.00304408537363, 0.00383847393188, 0.793045733187
0, 0.5, 12, no_regularization, -0.00575103219292, 0.000644972521426, 8.91670885483, 0.00267720505002, 0.00403642526976, 0.663261393706
0, 0.5, 13, no_regularization, -0.00606469158543, 0.000778773585709, 7.78749009561, 0.00292525049107, 0.00424030319, 0.68986823819
0, 0.5, 14, no_regularization, -0.00604037561769, 0.000602330825456, 10.0283355299, 0.00292433458552, 0.00336355770301, 0.869417100501
0, 0.5, 15, no_regularization, -0.00558154187081, 0.000516996629486, 10.7960894762, 0.00285179441777, 0.00343907977581, 0.829231830511
0, 0.5, 11, regularization, -0.00581305667638, 0.00099404092074, 5.84790480462, 0.00297012847477, 0.00219490548467, 1.35319196909
0, 0.5, 12, regularization, -0.0057453383362, 0.00097856951049, 5.87116017269, 0.00246961708886, 0.0022002624001, 1.12241934814
0, 0.5, 13, regularization, -0.00603378588585, 0.000966510626164, 6.24285519736, 0.00287166157483, 0.00194093688741, 1.47952341648
0, 0.5, 14, regularization, -0.00601998035547, 0.000804936639289, 7.47882511696, 0.00268875483505, 0.0019797186436, 1.35814997941
0, 0.5, 15, regularization, -0.00559285830614, 0.000984023973894, 5.68366061652, 0.00258412010725, 0.00203297913035, 1.27110016462
0, 11.0, 11, no_regularization, -0.0329237368019, 0.563418653265, 0.0584356527977, -0.036231070839, 0.670449755122, 0.0540399493954
0, 11.0, 12, no_regularization, -0.0319597139704, 0.521626377679, 0.0612693593308, 0.0697565212184, 0.730562371384, 0.0954833207277
0, 11.0, 13, no_regularization, -0.00531895592823, 0.437518424586, 0.0121571015741, 0.0058943962119, 0.688076423381, 0.00856648478513
0, 11.0, 14, no_regularization, 0.00275347821632, 0.319236378308, 0.0086252018987, -0.124429666999, 0.69877837758, 0.17806742594
0, 11.0, 15, no_regularization, 0.00627833298765, 0.339292609002, 0.0185041843562, 0.00875252320134, 0.607487510535, 0.0144077418047
0, 11.0, 11, regularization, -0.0307894818434, 0.531665645309, 0.0579113623667, -0.0326408803136, 0.619061408604, 0.0527264013875
0, 11.0, 12, regularization, -0.0334139929698, 0.411114784626, 0.081276553944, 0.0667598331367, 0.706365900022, 0.0945116874053
0, 11.0, 13, regularization, -0.00883807420392, 0.453351633508, 0.0194949649471, -0.0204430629054, 0.57887341269, 0.0353152562498
0, 11.0, 14, regularization, -0.00827873367462, 0.230331496545, 0.0359426904215, -0.125983429537, 0.667181057422, 0.188829446123
0, 11.0, 15, regularization, -0.00275717985849, 0.223254970402, 0.0123499147791, -0.000124551868935, 0.584880257498, 0.000212952766551
0, 9.0, 26, no_regularization, -0.0391692501552, 0.568315020696, 0.0689217225109, -0.0519874410179, 0.538862792369, 0.0964762120417
0, 9.0, 27, no_regularization, -0.0223768462113, 0.532818558448, 0.041997122391, -0.0284846927681, 0.815533705751, 0.03492767076
0, 9.0, 28, no_regularization, -0.00239878298424, 0.332008381723, 0.00722506754736, -0.0037210409119, 0.411548615592, 0.00904155856908
0, 9.0, 29, no_regularization, -0.00464603772568, 0.31707125079, 0.0146529769385, -0.0471694855935, 0.400169820309, 0.117873670626
0, 9.0, 30, no_regularization, 0.02701497693, 0.51905348834, 0.0520466147263, 0.00573853591281, 0.642861166007, 0.00892655555546
0, 9.0, 26, regularization, -0.0416526931267, 0.473205228972, 0.0880224701175, -0.0549049425189, 0.528537441743, 0.103880895056
0, 9.0, 27, regularization, -0.0200744758171, 0.4376165028, 0.0458723007214, -0.0176873540093, 0.785909968181, 0.0225055728078
0, 9.0, 28, regularization, -0.00267441674675, 0.271181576505, 0.00986208864636, -0.00768408742875, 0.354290207573, 0.0216886813819
0, 9.0, 29, regularization, -0.00194266096366, 0.24728598792, 0.00785592819066, -0.0625937849714, 0.308964881012, 0.202591908719
0, 9.0, 30, regularization, 0.0351688317648, 0.463761170571, 0.0758339291784, -0.0016147241432, 0.609955287822, 0.0026472828016
0, 5.0, 6, no_regularization, -0.0556892204432, 0.00208447201605, 26.7162235877, 0.0330263530458, 0.0178042485991, 1.85497033823
0, 5.0, 7, no_regularization, -0.0552590503531, 0.00248232454622, 22.2610095192, 0.0334088931678, 0.0185932217169, 1.79683186037
0, 5.0, 8, no_regularization, -0.0557301959121, 0.0197984726316, 2.81487349803, 0.0331161623683, 0.0235101213084, 1.40859172668
0, 5.0, 9, no_regularization, -0.0565062258094, 0.00214121502731, 26.3897950877, 0.0341702572331, 0.018648056809, 1.83237629438
0, 5.0, 10, no_regularization, -0.0564377463526, 0.0591420477782, 0.95427447092, 0.0344823199576, 0.07655914264, 0.450401072537
0, 5.0, 6, regularization, -0.055703285576, 0.00238151404911, 23.3898622588, 0.0290862705645, 0.00538051754317, 5.40584996353
0, 5.0, 7, regularization, -0.0552255510533, 0.00247000135832, 22.3585103981, 0.0296131340366, 0.005782755743, 5.12093807048
0, 5.0, 8, regularization, -0.0557325433727, 0.00311932468821, 17.8668618831, 0.0297838318975, 0.00689465994277, 4.31984059326
0, 5.0, 9, regularization, -0.0565005373093, 0.0023130119151, 24.4272573524, 0.0302436229302, 0.00694067537412, 4.35744668926
0, 5.0, 10, regularization, -0.0558409936358, 0.00371244564876, 15.0415652966, 0.0303412201622, 0.00815054253839, 3.72260128933
0, 7.0, 26, no_regularization, -0.0454789216925, 0.252213373087, 0.180319231831, 0.0451843452435, 0.273043037682, 0.165484333998
0, 7.0, 27, no_regularization, 0.00399020374735, 0.31802826057, 0.012546695505, -0.00491352300562, 0.374471702761, 0.0131212130834
0, 7.0, 28, no_regularization, -0.04446965497, 0.417900819876, 0.106411983071, -0.17156430126, 0.829447707678, 0.206841612403
0, 7.0, 29, no_regularization, -0.0396939171889, 0.332849956951, 0.119254686263, 0.0129500030133, 0.366609060184, 0.0353237396991
0, 7.0, 30, no_regularization, -0.0100952166243, 0.547373975385, 0.0184429970702, 0.0536345877924, 0.684545550333, 0.0783506484942
0, 7.0, 26, regularization, -0.043146991923, 0.164816371803, 0.261788264424, 0.0475331225037, 0.254283961674, 0.186929298218
0, 7.0, 27, regularization, 0.000381835876671, 0.216601879093, 0.00176284655641, -0.00148104145619, 0.36799648811, 0.00402460758197
0, 7.0, 28, regularization, -0.0412851394121, 0.307130584134, 0.134422104293, -0.179627873334, 0.798401121999, 0.224984495118
0, 7.0, 29, regularization, -0.0363790156539, 0.266659663986, 0.136424891227, 0.0162825907829, 0.352926170633, 0.0461359687601
0, 7.0, 30, regularization, -0.010422753872, 0.460181083765, 0.0226492444816, 0.0582427354466, 0.613394957485, 0.09495144154
0, 9.0, 6, no_regularization, 0.0165317597428, 0.578895517415, 0.0285574153633, 0.0705428264838, 0.723933540802, 0.0974437880107
0, 9.0, 7, no_regularization, 0.00314671384984, 0.300632260864, 0.0104669866128, 0.0552619451324, 0.435851596546, 0.126790736963
0, 9.0, 8, no_regularization, -0.000773013890671, 0.545418042591, 0.00141728698046, -0.0339219861511, 0.724891128269, 0.0467959736687
0, 9.0, 9, no_regularization, -0.0115125758403, 0.326350152357, 0.0352767595087, -0.113222027097, 0.365360088075, 0.309891613213
0, 9.0, 10, no_regularization, -0.00102765203061, 0.314715178571, 0.00326533990282, -0.00809242803269, 0.51749970572, 0.0156375509846
0, 9.0, 6, regularization, 0.0167923170949, 0.51800797488, 0.0324171014912, 0.0633361051707, 0.652766951953, 0.0970271319362
0, 9.0, 7, regularization, -0.00252076927181, 0.21285393714, 0.0118427185594, 0.0417699832367, 0.397476636978, 0.105087895365
0, 9.0, 8, regularization, 0.00159647441303, 0.462561985244, 0.00345137400815, -0.0281322494684, 0.704439557785, 0.0399356469374
0, 9.0, 9, regularization, -0.0112079366237, 0.221053363184, 0.0507024026339, -0.109094335014, 0.328136442444, 0.332466379539
0, 9.0, 10, regularization, -5.26255810079e-05, 0.229410839305, 0.000229394483571, -0.0109816346232, 0.473617016365, 0.0231867400109
0, 1.0, 6, no_regularization, -0.0125248100412, 0.000711254231076, 17.6094699954, 0.00691763720756, 0.0051162655882, 1.35208719882
0, 1.0, 7, no_regularization, -0.0123047179919, 0.00108884084661, 11.3007498113, 0.00831790477757, 0.0103788520944, 0.80142820246
0, 1.0, 8, no_regularization, -0.0120961095485, 0.001078761785, 11.2129570371, 0.00622561436861, 0.00604567016131, 1.02976414566
0, 1.0, 9, no_regularization, -0.0119645353624, 0.000698391610876, 17.1315565309, 0.00620161046873, 0.00451696138001, 1.37296070234
0, 1.0, 10, no_regularization, -0.0120810082691, 0.00118700629901, 10.1777120132, 0.00624646299543, 0.00697615454937, 0.895402037215
0, 1.0, 6, regularization, -0.0125181212849, 0.00056593250778, 22.1194596755, 0.00616997748233, 0.00217443486169, 2.83750853661
0, 1.0, 7, regularization, -0.0123126281579, 0.000879653017612, 13.9971419542, 0.00642219307535, 0.00253574293789, 2.53266724295
0, 1.0, 8, regularization, -0.0120822133052, 0.000946242751412, 12.7686191384, 0.00602137073566, 0.002608452373, 2.30840739052
0, 1.0, 9, regularization, -0.0119802486169, 0.000669684830141, 17.8893833005, 0.00584990449674, 0.00201915036065, 2.89721093127
0, 1.0, 10, regularization, -0.0120946055482, 0.000992877454226, 12.1813678986, 0.00632780284, 0.00253803118253, 2.49319349721
0, 7.0, 1, no_regularization, -0.0429953432782, 0.276550751821, 0.15546999238, -0.00804365071915, 0.398736125625, 0.0201728667212
0, 7.0, 2, no_regularization, -0.0658651556676, 0.23827943307, 0.276419810216, 0.0319335688983, 0.300209155574, 0.106371069321
0, 7.0, 3, no_regularization, -0.0206287198419, 0.359897090142, 0.0573183846355, 0.0245813216862, 0.909975055904, 0.0270131818743
0, 7.0, 4, no_regularization, -0.0492245451824, 0.255305977306, 0.192806081949, 0.0366424939222, 0.287354689148, 0.127516603369
0, 7.0, 5, no_regularization, -0.0198842536501, 0.552285121022, 0.0360036019318, -0.0385540493202, 0.822078598562, 0.0468982520499
0, 7.0, 1, regularization, -0.033062845404, 0.229478220038, 0.144078359151, 0.00122002542086, 0.370648702994, 0.00329159500898
0, 7.0, 2, regularization, -0.0656695808024, 0.0979654041443, 0.670334404027, 0.0282635045344, 0.216276712774, 0.130682144055
0, 7.0, 3, regularization, -0.015406570081, 0.293493956822, 0.0524936535248, 0.00326306231761, 0.868846289867, 0.00375562669216
0, 7.0, 4, regularization, -0.0453807522057, 0.190525258096, 0.238187590765, 0.0340983971046, 0.249217588153, 0.136821792384
0, 7.0, 5, regularization, -0.0288094696692, 0.441192983026, 0.0652990205592, -0.050019082677, 0.756904433361, 0.0660837491133
0, 0.5, 1, no_regularization, -0.00680344237252, 0.000616801825715, 11.0301916902, 0.00311648198081, 0.00302105842143, 1.03158613508
0, 0.5, 2, no_regularization, -0.00597797085412, 0.000513256910482, 11.6471317425, 0.00293009058707, 0.00318619677144, 0.919620097961
0, 0.5, 3, no_regularization, -0.00645797933688, 0.000547750720996, 11.7899969627, 0.00310870084843, 0.00305651979387, 1.01707204863
0, 0.5, 4, no_regularization, -0.00619871279581, 0.00053454386658, 11.5962658696, 0.00311997546066, 0.00292127186932, 1.06801954773
0, 0.5, 5, no_regularization, -0.00610243486011, 0.000541559864072, 11.2682553951, 0.00301773252362, 0.00368676831178, 0.818530558045
0, 0.5, 1, regularization, -0.00680327973957, 0.000719975167777, 9.44932553795, 0.00310662747519, 0.00196722161194, 1.5791954787
0, 0.5, 2, regularization, -0.00599164198284, 0.000795859500019, 7.52851726052, 0.00271167812101, 0.00219977764753, 1.23270555278
0, 0.5, 3, regularization, -0.00645837817909, 0.000714112830377, 9.04391841789, 0.00308899982014, 0.00186940484119, 1.65239746473
0, 0.5, 4, regularization, -0.00621381462081, 0.000816626496408, 7.60912687519, 0.00311869890821, 0.00204500067829, 1.52503563511
0, 0.5, 5, regularization, -0.00613168613795, 0.000773839150885, 7.923721785, 0.00305661628453, 0.00199066740552, 1.53547311623
0, 3.0, 6, no_regularization, -0.0347680218268, 0.00139113555004, 24.9925478692, 0.0206388969091, 0.0134440171782, 1.5351733515
0, 3.0, 7, no_regularization, -0.0344269294917, 0.00171657672412, 20.05557282, 0.0214223797345, 0.0158181879494, 1.35428784909
0, 3.0, 8, no_regularization, -0.0345621295534, 0.0024199785765, 14.2819981503, 0.0204248650259, 0.0149070550208, 1.37014755748
0, 3.0, 9, no_regularization, -0.0344505825965, 0.00140043864253, 24.5998514681, 0.0208683530891, 0.0135885702595, 1.53572838721
0, 3.0, 10, no_regularization, -0.0349413711588, 0.00267391574823, 13.0674914428, 0.0201060822113, 0.0165939839349, 1.21164888975
0, 3.0, 6, regularization, -0.0347656837824, 0.00134459682188, 25.8558425966, 0.01784348309, 0.00309702843985, 5.76148506109
0, 3.0, 7, regularization, -0.0344198581653, 0.00153819145025, 22.3768362252, 0.0177852292863, 0.00359205747247, 4.9512652352
0, 3.0, 8, regularization, -0.0345733656761, 0.00197368019328, 17.5172075972, 0.0181525462889, 0.00456791328355, 3.97392532698
0, 3.0, 9, regularization, -0.0344442262346, 0.00129778356176, 26.5408094612, 0.0179098121888, 0.00316023909468, 5.66723328591
0, 3.0, 10, regularization, -0.0349219986881, 0.00212630962658, 16.4237598568, 0.018395082132, 0.00503076859374, 3.6565152599
0, 3.0, 16, no_regularization, -0.0348288875274, 0.00215409613768, 16.1686783232, 0.0203229447717, 0.0148335406793, 1.37006701307
0, 3.0, 17, no_regularization, -0.0347301779042, 0.00184072926995, 18.8676186505, 0.0206231870806, 0.0142496779339, 1.44727390867
0, 3.0, 18, no_regularization, -0.0344706788025, 0.00156951790859, 21.9625903049, 0.0206111807221, 0.0132615326605, 1.5542080429
0, 3.0, 19, no_regularization, -0.0343444333664, 0.00189392606405, 18.1339884478, 0.0208263127492, 0.0148625064963, 1.40126517384
0, 3.0, 20, no_regularization, -0.0346508410218, 0.00255824094518, 13.5447918176, 0.0212281611882, 0.0162753244401, 1.3043156999
0, 3.0, 16, regularization, -0.0348251848283, 0.00179381972243, 19.4139825719, 0.0174403302168, 0.0040710260142, 4.28401345411
0, 3.0, 17, regularization, -0.0347230829551, 0.00162059255802, 21.4261646354, 0.0175514543246, 0.00341706461749, 5.1364127663
0, 3.0, 18, regularization, -0.0344756123591, 0.00146884905509, 23.4711744135, 0.0179922524969, 0.00319296156968, 5.63497308197
0, 3.0, 19, regularization, -0.0343431013644, 0.0016838023769, 20.3961592141, 0.0180876279134, 0.00355242714188, 5.09162530038
0, 3.0, 20, regularization, -0.0346261115695, 0.00213549102054, 16.2145901043, 0.0181811551368, 0.00404233718391, 4.4976839659
0, 5.0, 26, no_regularization, -0.0562776317984, 0.0216545055763, 2.59888786655, 0.0345377595725, 0.0292917407481, 1.17909549554
0, 5.0, 27, no_regularization, -0.0562765339804, 0.0307536668626, 1.82991297369, 0.0319458399207, 0.0629016726729, 0.507869482054
0, 5.0, 28, no_regularization, -0.0549992486689, 0.166358953734, 0.330605882246, 0.0330983290016, 0.204266741288, 0.162034841271
0, 5.0, 29, no_regularization, -0.0580976270435, 0.0546874346436, 1.06235787841, 0.035293969881, 0.0419325086887, 0.841685150369
0, 5.0, 30, no_regularization, -0.0560470217536, 0.031537562032, 1.77715137577, 0.0343464842926, 0.0533244667556, 0.644103661646
0, 5.0, 26, regularization, -0.0562901902052, 0.00290281864944, 19.3915628232, 0.0303374438977, 0.00655796832769, 4.62604306422
0, 5.0, 27, regularization, -0.0563024014298, 0.00342845243393, 16.4221037085, 0.030802814362, 0.00949100084374, 3.24547588491
0, 5.0, 28, regularization, -0.0559404116489, 0.00747682815424, 7.48183728379, 0.0314639906095, 0.0130753287237, 2.40636325667
0, 5.0, 29, regularization, -0.0577845024601, 0.0107541616997, 5.37322239277, 0.0310924448197, 0.0170184738207, 1.82698196955
0, 5.0, 30, regularization, -0.0560709270795, 0.00306988162358, 18.2648499046, 0.03063880749, 0.00704967794605, 4.34612867772
0, 0.5, 6, no_regularization, -0.00636782692515, 0.00052072143846, 12.2288549209, 0.00309088728849, 0.00293047785321, 1.05473832027
0, 0.5, 7, no_regularization, -0.00613924197673, 0.00073451066902, 8.35827474762, 0.00358258130614, 0.00441474680533, 0.811503233167
0, 0.5, 8, no_regularization, -0.0063298111727, 0.000654246204177, 9.67496812712, 0.00320153700787, 0.00331197400962, 0.966655232972
0, 0.5, 9, no_regularization, -0.00605358138979, 0.000555327520023, 10.9009209368, 0.00305174520445, 0.0031999913417, 0.95367295676
0, 0.5, 10, no_regularization, -0.00616650738461, 0.000769901628079, 8.00947440518, 0.00342388748476, 0.00445650533768, 0.768289775357
0, 0.5, 6, regularization, -0.00639465995593, 0.000628322013214, 10.1773610051, 0.00311284920746, 0.00192430638554, 1.61764739277
0, 0.5, 7, regularization, -0.0061104446124, 0.000843344763331, 7.24548829623, 0.00284953692277, 0.00192814596947, 1.47786369284
0, 0.5, 8, regularization, -0.00634766428887, 0.00076813747513, 8.2637086386, 0.00331135356342, 0.00233280452439, 1.41947322581
0, 0.5, 9, regularization, -0.00602424484053, 0.000864569535265, 6.96791246372, 0.00298748775942, 0.0021813448276, 1.36956235512
0, 0.5, 10, regularization, -0.00618379611311, 0.000819085955622, 7.54963025635, 0.00319576672425, 0.00211688479145, 1.5096554792
0, 11.0, 26, no_regularization, -0.0322347090795, 0.526580235652, 0.0612151898173, 0.0220334782112, 0.853164537197, 0.0258255907865
0, 11.0, 27, no_regularization, -0.0553479775439, 0.497837151015, 0.11117687266, -0.0966766150092, 0.715941208183, 0.135034293185
0, 11.0, 28, no_regularization, -0.0159587963325, 0.488012190624, 0.0327016345885, 0.0638442739848, 0.802859458924, 0.0795211083025
0, 11.0, 29, no_regularization, -0.0120131026266, 0.324960704274, 0.0369678624788, 0.0309906220436, 0.444717727953, 0.0696860504892
0, 11.0, 30, no_regularization, 0.0136084836537, 0.320384609587, 0.0424754599519, 0.0712512934169, 0.438420788135, 0.162518054219
0, 11.0, 26, regularization, -0.0261772033437, 0.470183527866, 0.0556744373043, 0.025903357935, 0.805027741721, 0.0321769755159
0, 11.0, 27, regularization, -0.0515821563616, 0.429956459458, 0.119970651044, -0.0863468311918, 0.715216324851, 0.120728272261
0, 11.0, 28, regularization, -0.0115474424009, 0.408514920255, 0.0282668804207, 0.0632753384644, 0.75898237056, 0.0833686537642
0, 11.0, 29, regularization, -0.0148668298421, 0.219422896059, 0.0677542321661, 0.0145144730584, 0.414787352492, 0.0349925641926
0, 11.0, 30, regularization, 0.0160973672912, 0.248629635079, 0.0647443627793, 0.0669847488064, 0.41080034766, 0.163059133684
0, 3.0, 21, no_regularization, -0.0350041608542, 0.00241334063757, 14.5044426424, 0.0216952189786, 0.0175353499007, 1.23722760603
0, 3.0, 22, no_regularization, -0.0346083220479, 0.00219647133429, 15.7563276641, 0.0210311519178, 0.0151244951589, 1.39053579619
0, 3.0, 23, no_regularization, -0.0343162032262, 0.00309954745971, 11.0713591814, 0.02031882002, 0.0179039238927, 1.13488083069
0, 3.0, 24, no_regularization, -0.0337763903119, 0.00145156812241, 23.268897815, 0.0201806088377, 0.0135247566702, 1.49212361671
0, 3.0, 25, no_regularization, -0.035228041418, 0.00166945753448, 21.1014899693, 0.0212020408647, 0.0135934988795, 1.55971917552
0, 3.0, 21, regularization, -0.0349889994562, 0.0019960687823, 17.5289547968, 0.0183683830704, 0.00443816585607, 4.13873290591
0, 3.0, 22, regularization, -0.034598944682, 0.00185330005475, 18.6688305508, 0.0177668679317, 0.00426690986816, 4.16387232932
0, 3.0, 23, regularization, -0.0343194468083, 0.00241326685304, 14.2211570035, 0.0175546695859, 0.00455832029894, 3.85112682626
0, 3.0, 24, regularization, -0.0337623805598, 0.00143805105174, 23.4778734169, 0.0177421107651, 0.00365875389746, 4.8492222386
0, 3.0, 25, regularization, -0.0352137027477, 0.00148045491572, 23.7857312464, 0.0179513310801, 0.0035304001727, 5.08478648368
0, 9.0, 1, no_regularization, -0.00590263328231, 0.456832597274, 0.0129207795537, 0.00110721376693, 0.681272204279, 0.00162521494341
0, 9.0, 2, no_regularization, 0.0159534989449, 0.518691887242, 0.0307571784663, -0.0382384574215, 0.88321501441, 0.0432946188614
0, 9.0, 3, no_regularization, -0.00785164547294, 0.318979866007, 0.0246148622834, -0.0754903515893, 0.417801453104, 0.180684751162
0, 9.0, 4, no_regularization, -0.0242091518731, 0.495931524938, 0.0488155131418, -0.0402173417494, 0.748882753787, 0.0537031218118
0, 9.0, 5, no_regularization, -0.045470620419, 0.524996515262, 0.0866112804507, -0.0583905297011, 0.744717870264, 0.0784062421926
0, 9.0, 1, regularization, -0.00104947655781, 0.327931351263, 0.00320029345705, 0.0059318536274, 0.631975026335, 0.00938621524618
0, 9.0, 2, regularization, 0.0214659921644, 0.4284500362, 0.0501015062452, -0.0467964372877, 0.849742489134, 0.0550713161764
0, 9.0, 3, regularization, -0.00946772874058, 0.264209883449, 0.035834120272, -0.0560559376441, 0.364894617799, 0.153622264922
0, 9.0, 4, regularization, -0.0288166259017, 0.402182769126, 0.0716505731072, -0.0396492903066, 0.725753333378, 0.0546319093321
0, 9.0, 5, regularization, -0.0417449386116, 0.460809768637, 0.0905903942424, -0.0591101462416, 0.689046880391, 0.0857853767627
0, 5.0, 16, no_regularization, -0.0566159512182, 0.0255533931041, 2.21559426522, 0.0336194887049, 0.0309719190704, 1.08548290561
0, 5.0, 17, no_regularization, -0.0567884177407, 0.00291422550542, 19.4866243656, 0.0333662584519, 0.0190047544126, 1.75567953826
0, 5.0, 18, no_regularization, -0.0566422944076, 0.00248211089965, 22.8202109807, 0.0342450746216, 0.0180412205272, 1.89815730981
0, 5.0, 19, no_regularization, -0.0557689093731, 0.00270262572203, 20.635084214, 0.0343514298805, 0.0217602520741, 1.57863198292
0, 5.0, 20, no_regularization, -0.0565178379915, 0.0218146349965, 2.59082207887, 0.0337750015018, 0.0265464462196, 1.27229841698
0, 5.0, 16, regularization, -0.0559677661698, 0.00312768499206, 17.8943104283, 0.0293716312203, 0.00682487363394, 4.30361539211
0, 5.0, 17, regularization, -0.0567391505477, 0.00277402892386, 20.4536982508, 0.0295518320795, 0.00597902738673, 4.94258182278
0, 5.0, 18, regularization, -0.0566095432714, 0.00244492529934, 23.1538948395, 0.0303914009809, 0.00536173385735, 5.66820394101
0, 5.0, 19, regularization, -0.0557594983039, 0.00256990760735, 21.6970828618, 0.0304598901415, 0.00592477541584, 5.14110459953
0, 5.0, 20, regularization, -0.0564917208703, 0.00344714062172, 16.387994303, 0.0299306070352, 0.00925061660482, 3.23552562103
0, 11.0, 6, no_regularization, 0.0215095800464, 0.577470157174, 0.0372479508753, -0.0138350599782, 0.692511856623, 0.019978083907
0, 11.0, 7, no_regularization, 0.00470906406508, 0.478247299677, 0.00984650424216, 0.00451346154482, 0.578119443461, 0.00780714365495
0, 11.0, 8, no_regularization, -0.0569632938884, 0.522646363386, 0.108990127702, -0.0636229591417, 0.732625854296, 0.0868423613072
0, 11.0, 9, no_regularization, 0.0225932719481, 0.561410098764, 0.0402437932589, 0.0323642902867, 0.703713040119, 0.0459907496971
0, 11.0, 10, no_regularization, -0.0715309100884, 0.69036809642, 0.103612711044, 0.0746434493695, 0.517212019472, 0.144318860659
0, 11.0, 6, regularization, 0.0210206543518, 0.511781140411, 0.0410735228243, -0.00430152724926, 0.656321113975, 0.00655399797091
0, 11.0, 7, regularization, 0.0106256930883, 0.357616256733, 0.0297125560941, -0.00242183214026, 0.511413859779, 0.00473556219479
0, 11.0, 8, regularization, -0.0593583695286, 0.417474850033, 0.142184300501, -0.0674894842056, 0.671290025946, 0.100536998312
0, 11.0, 9, regularization, 0.023095951038, 0.471840491099, 0.0489486414873, 0.0329597890518, 0.62472835882, 0.0527585927331
0, 11.0, 10, regularization, -0.0827322012626, 0.667558462918, 0.123932518061, 0.0554469601675, 0.469266399385, 0.118156680811
0, 7.0, 16, no_regularization, -0.0178031075155, 0.441285365734, 0.0403437523605, -0.152288910631, 0.568953502074, 0.267664949905
0, 7.0, 17, no_regularization, -0.0658011172312, 0.246541283648, 0.266896952338, 0.0327299117544, 0.287108340133, 0.113998470888
0, 7.0, 18, no_regularization, -0.0497632986509, 0.156664262859, 0.317642950235, 0.0396319364877, 0.180811448581, 0.219189309077
0, 7.0, 19, no_regularization, -0.052773937938, 0.269557592596, 0.195779823635, 0.0438867842219, 0.282667303355, 0.15525950013
0, 7.0, 20, no_regularization, -0.023749246513, 0.383724595001, 0.0618913846607, 0.0320226468602, 0.550031483939, 0.0582196615926
0, 7.0, 16, regularization, -0.0191587854241, 0.304027013783, 0.0630167207369, -0.14193525069, 0.477740539183, 0.297096936619
0, 7.0, 17, regularization, -0.0645457520274, 0.198100904571, 0.3258226012, 0.0359987820741, 0.262627669517, 0.137071551297
0, 7.0, 18, regularization, -0.0502852739343, 0.122021866087, 0.412100515644, 0.0448643321396, 0.155424857042, 0.28865609397
0, 7.0, 19, regularization, -0.0464517398057, 0.192538358666, 0.241259664451, 0.0375895501612, 0.20936307016, 0.179542409903
0, 7.0, 20, regularization, -0.0160495169281, 0.271538915693, 0.0591057708509, 0.0354421660445, 0.51288375326, 0.0691037019973
0, 9.0, 16, no_regularization, 0.0191476354481, 0.330683480985, 0.057903211225, 0.0478311410227, 0.389491347171, 0.122804117139
0, 9.0, 17, no_regularization, -0.0478299059622, 0.463425493783, 0.103209483733, 0.0110655260666, 0.918615969377, 0.0120458672998
0, 9.0, 18, no_regularization, -0.0368494497911, 0.528274849762, 0.0697543140804, 0.0382830609657, 0.629074280626, 0.0608561852626
0, 9.0, 19, no_regularization, 0.0212792676781, 0.423495911665, 0.0502466897366, 0.0519957729791, 0.678920699666, 0.0765859297039
0, 9.0, 20, no_regularization, 0.0143274380951, 0.808886223157, 0.017712550523, 0.0613715552461, 0.683466744754, 0.089794500928
0, 9.0, 16, regularization, 0.0160481988947, 0.233148940193, 0.0688323904943, 0.0350939046198, 0.34926572781, 0.100479096073
0, 9.0, 17, regularization, -0.0455254563029, 0.387017322104, 0.117631572808, 0.0263097660553, 0.871522380156, 0.030188285068
0, 9.0, 18, regularization, -0.0385436468069, 0.441932725898, 0.0872160954555, 0.0321817659153, 0.572515118788, 0.056211207109
0, 9.0, 19, regularization, 0.0206019743564, 0.312411260531, 0.0659450441107, 0.0408256497598, 0.655767799046, 0.0622562587232
0, 9.0, 20, regularization, 0.0148680744889, 0.756729384507, 0.0196478091022, 0.0572085239219, 0.656373794169, 0.0871584521353
0, 9.0, 21, no_regularization, -0.0052189826657, 0.528504599395, 0.00987499952069, -0.0853696347161, 0.932929577302, 0.0915070513285
0, 9.0, 22, no_regularization, -0.000438844982323, 0.431612197962, 0.00101675759952, 0.0303047851277, 0.524266346458, 0.0578041778429
0, 9.0, 23, no_regularization, 0.0128709417496, 0.339900788362, 0.0378667605087, -0.0514253693812, 0.378502748379, 0.135865246954
0, 9.0, 24, no_regularization, -0.0856896596519, 0.191735840142, 0.446915191175, 0.0492222301599, 0.196209460152, 0.250865733598
0, 9.0, 25, no_regularization, 0.00813516332054, 0.564179344357, 0.0144194632468, -0.0296874291974, 0.70322019267, 0.0422164060515
0, 9.0, 21, regularization, -0.0129736760584, 0.445605441576, 0.0291147164015, -0.0992911712967, 0.898757544441, 0.110476036514
0, 9.0, 22, regularization, -0.00237513830059, 0.321514485963, 0.00738734459654, 0.0271092784799, 0.455001152698, 0.0595806808821
0, 9.0, 23, regularization, 0.00975279689762, 0.230620161858, 0.0422894373981, -0.0594850721821, 0.33745488538, 0.176275629008
0, 9.0, 24, regularization, -0.0858041385877, 0.132138174933, 0.649351624777, 0.0465902143193, 0.175850311078, 0.264942461765
0, 9.0, 25, regularization, 0.0109526133359, 0.516397881739, 0.0212096403244, -0.0349793722025, 0.694484042056, 0.0503674239929
0, 0.5, 21, no_regularization, -0.00614619818726, 0.000647079043982, 9.4983731036, 0.00305037905068, 0.00386639739209, 0.788946075982
0, 0.5, 22, no_regularization, -0.00579225580505, 0.000638624743487, 9.06988942117, 0.00301000063281, 0.00373849475021, 0.805137049514
0, 0.5, 23, no_regularization, -0.00531283438271, 0.000689382454876, 7.70665737883, 0.00280118562736, 0.00399424117394, 0.701306081774
0, 0.5, 24, no_regularization, -0.00610812046218, 0.00058443894978, 10.451254942, 0.00303405665993, 0.00277322784708, 1.09405242816
0, 0.5, 25, no_regularization, -0.00569386752573, 0.000521373356396, 10.9209023742, 0.00293471199479, 0.00307781527063, 0.953504917206
0, 0.5, 21, regularization, -0.00617345421647, 0.000767486110819, 8.04373412033, 0.00310265697778, 0.00198297482347, 1.56464769046
0, 0.5, 22, regularization, -0.00579511372544, 0.000999364818979, 5.79879701125, 0.00297614344331, 0.00218049065789, 1.36489621386
0, 0.5, 23, regularization, -0.00526344331877, 0.00110701973066, 4.75460660096, 0.00246305699434, 0.00230119188128, 1.07033968544
0, 0.5, 24, regularization, -0.00610174732216, 0.00084820856593, 7.1936874576, 0.00290672625843, 0.00196321335994, 1.48059620913
0, 0.5, 25, regularization, -0.00569669599086, 0.000957148029507, 5.95173976777, 0.00291732594217, 0.00219306408374, 1.33025111478
0, 3.0, 26, no_regularization, -0.0346573350993, 0.00229178276709, 15.1224346378, 0.0214642959828, 0.0159446830474, 1.34617263442
0, 3.0, 27, no_regularization, -0.0344222950207, 0.00262803385485, 13.0981170418, 0.0204049033355, 0.0159961257512, 1.27561533667
0, 3.0, 28, no_regularization, -0.0340985858768, 0.033559052137, 1.01607714478, 0.0221615763066, 0.0671613667186, 0.329975064376
0, 3.0, 29, no_regularization, -0.0345805578893, 0.0018814661915, 18.3795797371, 0.0209255606296, 0.0151872445127, 1.37783786993
0, 3.0, 30, no_regularization, -0.0343706044151, 0.00242670578449, 14.1634822955, 0.0218704839334, 0.0184090442782, 1.18802929707
0, 3.0, 26, regularization, -0.0346519941261, 0.00190452691191, 18.1945415995, 0.0180401517713, 0.00380658534909, 4.73919539875
0, 3.0, 27, regularization, -0.0344211975214, 0.00214450362896, 16.0508926432, 0.0181796523535, 0.00406703807198, 4.4699980752
0, 3.0, 28, regularization, -0.0342132536786, 0.00348846466838, 9.80753911277, 0.0183171483989, 0.00603125745679, 3.03703639418
0, 3.0, 29, regularization, -0.0345788339975, 0.00166571884364, 20.7591059737, 0.0179729663941, 0.00328870269504, 5.46506268905
0, 3.0, 30, regularization, -0.0343663115234, 0.00190169357219, 18.0714243482, 0.0182544516194, 0.00378131730869, 4.82753763547
0, 3.0, 11, no_regularization, -0.0343535664376, 0.00256369948971, 13.399997377, 0.0213567536732, 0.0183236783782, 1.16552764311
0, 3.0, 12, no_regularization, -0.0338453191068, 0.00138606568306, 24.4182649643, 0.0199500522715, 0.013267984788, 1.50362339046
0, 3.0, 13, no_regularization, -0.0340224342826, 0.00158073133495, 21.5232237954, 0.0197640753028, 0.0136952864444, 1.44312975001
0, 3.0, 14, no_regularization, -0.0346633482595, 0.00176244551051, 19.6677559975, 0.0207564557189, 0.0141679164921, 1.46503233066
0, 3.0, 15, no_regularization, -0.0345080423822, 0.00152802964217, 22.5833592686, 0.0208786981905, 0.0141696018652, 1.4734851684
0, 3.0, 11, regularization, -0.034313127478, 0.00212907545729, 16.1164449858, 0.0180322860351, 0.00420109907418, 4.29227821497
0, 3.0, 12, regularization, -0.0338266938743, 0.0013510412221, 25.037499464, 0.0169895582981, 0.00306774192284, 5.53813153956
0, 3.0, 13, regularization, -0.0340021537602, 0.00144788373291, 23.4840360364, 0.0169702125603, 0.00317619768425, 5.34293335846
0, 3.0, 14, regularization, -0.034660008215, 0.00159565738703, 21.7214600683, 0.0176105303915, 0.00333857034481, 5.27487174828
0, 3.0, 15, regularization, -0.034497275453, 0.00139719175567, 24.6904373096, 0.0177155305215, 0.00347470182739, 5.09843186598
0, 5.0, 21, no_regularization, -0.05665914102, 0.0237612198745, 2.38452155737, 0.0343581166772, 0.025661900291, 1.33887655581
0, 5.0, 22, no_regularization, -0.0560994458758, 0.00343636830581, 16.3252133891, 0.0340933065255, 0.0376668204576, 0.905128336062
0, 5.0, 23, no_regularization, -0.0563719690194, 0.060669766519, 0.929160803706, 0.0295339084489, 0.0769186085113, 0.383963114005
0, 5.0, 24, no_regularization, -0.0557052836563, 0.00223761659498, 24.8949188977, 0.0336783024681, 0.0174365075288, 1.93148211661
0, 5.0, 25, no_regularization, -0.0570669316288, 0.00264439442207, 21.5803403428, 0.0338898795339, 0.0177421785468, 1.91013067784
0, 5.0, 21, regularization, -0.0566739148752, 0.00311988894312, 18.165362905, 0.0305024696798, 0.0073093868864, 4.17305447828
0, 5.0, 22, regularization, -0.0560461646899, 0.00295640589466, 18.9575338052, 0.0297965947108, 0.00795289816353, 3.74663350367
0, 5.0, 23, regularization, -0.0561584713824, 0.00396905657229, 14.1490730504, 0.0297838100196, 0.008404527706, 3.54378152604
0, 5.0, 24, regularization, -0.0557239829796, 0.00235026315798, 23.7096781229, 0.0302629043133, 0.00584572201262, 5.17693182261
0, 5.0, 25, regularization, -0.0570439042931, 0.00253171564001, 22.5317185673, 0.0301843433426, 0.00562496524042, 5.36613864308
0, 9.0, 11, no_regularization, -0.0220511245793, 0.411684821366, 0.0535631226482, 0.075034329814, 0.904464422038, 0.0829599572804
0, 9.0, 12, no_regularization, 0.031122136155, 0.518978896601, 0.0599680186589, 0.0163463230912, 0.626293939279, 0.0261000818721
0, 9.0, 13, no_regularization, 0.0338663538887, 0.319272032154, 0.106073662827, -0.0526950926597, 0.451754469433, 0.116645426277
0, 9.0, 14, no_regularization, 0.00311585130793, 0.375743666645, 0.0082924918888, -0.0432331250301, 0.392034822876, 0.110278787769
0, 9.0, 15, no_regularization, -0.048735558937, 0.415970059112, 0.117161218384, -0.00942945453995, 0.730824194727, 0.0129024936612
0, 9.0, 11, regularization, -0.0316298623271, 0.330992349431, 0.095560705199, 0.09054322689, 0.832118911822, 0.108810442358
0, 9.0, 12, regularization, 0.0365184246803, 0.413242928665, 0.0883703559024, 0.0190175466476, 0.547297440577, 0.0347481008272
0, 9.0, 13, regularization, 0.0308695988373, 0.255458514213, 0.120839968605, -0.0430896404278, 0.43732805462, 0.0985293304937
0, 9.0, 14, regularization, -0.00277944680065, 0.308968318505, 0.00899589580607, -0.0302423536899, 0.372053345417, 0.0812849933012
0, 9.0, 15, regularization, -0.0507489306879, 0.348033447145, 0.145816245836, -0.00178883940656, 0.662976073036, 0.00269819602746
