lanczos, strain percent, trial, regularization, mean axial strain, axial strain std, axial strain SNRe, mean lateral strain, lateral strain std, lateral strain SNRe
0, 1.0, 21, no_regularization, -0.0119640795924, 0.00106643238629, 11.2187886885, 0.00659296123836, 0.0075621003575, 0.87184260016
0, 1.0, 22, no_regularization, -0.0119402266452, 0.000948827780285, 12.5841874503, 0.00612642329327, 0.00685924943014, 0.89316234315
0, 1.0, 23, no_regularization, -0.0119278323977, 0.00125673092243, 9.49115851677, 0.00612386310502, 0.00792010443581, 0.77320484277
0, 1.0, 24, no_regularization, -0.0120626420257, 0.000723996854137, 16.661180165, 0.00635215723214, 0.00584341360573, 1.08706274461
0, 1.0, 25, no_regularization, -0.0120516068367, 0.000752032607637, 16.0253780412, 0.00644587769648, 0.00626606745507, 1.0286958675
0, 1.0, 21, regularization, -0.0119765410233, 0.000934011352985, 12.8226931986, 0.00616663359031, 0.00259169002532, 2.37938701391
0, 1.0, 22, regularization, -0.0119252277543, 0.000836042675326, 14.2638983705, 0.0057931986411, 0.00253151997808, 2.28842698903
0, 1.0, 23, regularization, -0.011946815453, 0.00108030462476, 11.0587469305, 0.00579116930486, 0.00291414275852, 1.98726342007
0, 1.0, 24, regularization, -0.0120371971082, 0.000732562134886, 16.431639768, 0.00600210383981, 0.0022665319787, 2.64814434397
0, 1.0, 25, regularization, -0.0120440516106, 0.000700685076766, 17.1889654995, 0.00567808851779, 0.00196419956737, 2.89079002568
0, 1.0, 11, no_regularization, -0.01157559192, 0.00111645023751, 10.3682112566, 0.00628961800349, 0.0073482572801, 0.855933286457
0, 1.0, 12, no_regularization, -0.0112174553304, 0.000910412713042, 12.3212859066, 0.00567635787815, 0.0068958717832, 0.823153048172
0, 1.0, 13, no_regularization, -0.0113542720979, 0.00102525946978, 11.0745352103, 0.00584632775705, 0.00732301993413, 0.798349288905
0, 1.0, 14, no_regularization, -0.0118806453978, 0.000803576784851, 14.7847046128, 0.00634137486991, 0.00643643335644, 0.985231186083
0, 1.0, 15, no_regularization, -0.0119394631155, 0.000706994404672, 16.8876345224, 0.00629850469798, 0.00587111229632, 1.0727958145
0, 1.0, 11, regularization, -0.0115883992597, 0.00100680702775, 11.5100500298, 0.00582432214021, 0.00243838643533, 2.3885968425
0, 1.0, 12, regularization, -0.0112217248297, 0.000915412417303, 12.2586548069, 0.00559283885583, 0.00228484954285, 2.44779306074
0, 1.0, 13, regularization, -0.0113311777579, 0.000946443566613, 11.9723754882, 0.00523650245709, 0.00228427689616, 2.29241142608
0, 1.0, 14, regularization, -0.0118726856256, 0.000752703289564, 15.7733940986, 0.00597257578277, 0.00219737807797, 2.71804649489
0, 1.0, 15, regularization, -0.0119056529914, 0.000700739762382, 16.9901204848, 0.00594555163196, 0.00264409739864, 2.24861294255
0, 9.0, 6, no_regularization, 0.0165138612543, 0.578955161063, 0.028523558239, 0.0706472949012, 0.722843179193, 0.0977352999029
0, 9.0, 7, no_regularization, 0.00313530685547, 0.300634607037, 0.0104289618762, 0.055356292014, 0.434955116357, 0.127268975424
0, 9.0, 8, no_regularization, -0.000768849665551, 0.545461922056, 0.0014095386579, -0.0336929334762, 0.724795433358, 0.0464861282585
0, 9.0, 9, no_regularization, -0.0115155407628, 0.326440335849, 0.0352760964201, -0.112803125316, 0.364744261518, 0.309266346911
0, 9.0, 10, no_regularization, -0.00102950976253, 0.314791458559, 0.00327045011718, -0.00806628622645, 0.517562075061, 0.0155851570568
0, 9.0, 6, regularization, 0.0167888870252, 0.518038791606, 0.0324085518252, 0.0633136107496, 0.65292930719, 0.0969685539497
0, 9.0, 7, regularization, -0.0025217039811, 0.212840036143, 0.0118478836351, 0.0417092184138, 0.397735835857, 0.104866634217
0, 9.0, 8, regularization, 0.00159687435746, 0.462679556777, 0.0034513613884, -0.0280483282698, 0.704533067549, 0.0398112303903
0, 9.0, 9, regularization, -0.0112116971632, 0.221066799484, 0.050716331848, -0.109058143171, 0.32854091842, 0.331946911499
0, 9.0, 10, regularization, -4.98875439096e-05, 0.229395360976, 0.000217474074878, -0.010950392468, 0.473778668178, 0.0231128862559
0, 0.5, 1, no_regularization, -0.00679880886813, 0.000568518550579, 11.9588162272, 0.00305026234532, 0.00439078765612, 0.694695937088
0, 0.5, 2, no_regularization, -0.00597289092753, 0.000474932248047, 12.5763010452, 0.002798175367, 0.0040674956309, 0.687935678588
0, 0.5, 3, no_regularization, -0.00645305982392, 0.000527943329718, 12.2230161093, 0.00306799749724, 0.00406041596303, 0.755586995317
0, 0.5, 4, no_regularization, -0.00619608213584, 0.000496267956891, 12.4853560457, 0.00308126400932, 0.00377720031962, 0.815753401619
0, 0.5, 5, no_regularization, -0.0060945881745, 0.000525276817022, 11.6026216597, 0.00298886826495, 0.00441225001151, 0.677402290703
0, 0.5, 1, regularization, -0.00680152906109, 0.000694641889334, 9.79141794574, 0.00311393165156, 0.00199987227229, 1.55706526597
0, 0.5, 2, regularization, -0.00598973272536, 0.000755664767027, 7.92644170632, 0.00271761910686, 0.00221504003496, 1.22689389987
0, 0.5, 3, regularization, -0.00645704673296, 0.00068188887992, 9.46935332589, 0.00309040698383, 0.00191144468632, 1.61679121868
0, 0.5, 4, regularization, -0.00621249884888, 0.000779071680185, 7.97423267576, 0.00312577656277, 0.00207677858096, 1.50510824381
0, 0.5, 5, regularization, -0.00612878172033, 0.000737299110386, 8.3124767601, 0.00305713974445, 0.00202404836112, 1.51040844833
0, 11.0, 1, no_regularization, -0.0829495867963, 0.593859644915, 0.139678773439, -0.00638732704105, 0.726797294753, 0.00878831977934
0, 11.0, 2, no_regularization, -0.0223444089751, 0.467581576981, 0.0477871885358, -0.090065088725, 0.652943525075, 0.137937027118
0, 11.0, 3, no_regularization, -0.0693191040765, 0.491538719748, 0.141024707295, 0.0549442466148, 0.69139794367, 0.0794683396411
0, 11.0, 4, no_regularization, 0.0287551477026, 0.368174449293, 0.078101964321, -0.196065940439, 0.74432151695, 0.2634156557
0, 11.0, 5, no_regularization, -0.00370571643272, 0.544293226772, 0.00680830892329, -0.0373381566095, 0.780193194873, 0.0478575779114
0, 11.0, 1, regularization, -0.0907304751513, 0.536303783814, 0.169177391414, -0.00780200142033, 0.686126360396, 0.0113710853724
0, 11.0, 2, regularization, -0.028804865898, 0.357810639483, 0.0805031005775, -0.0837876477632, 0.619272076409, 0.13530021933
0, 11.0, 3, regularization, -0.0666475494025, 0.403734417098, 0.165077701033, 0.0552887229558, 0.660833225363, 0.0836651682056
0, 11.0, 4, regularization, 0.0303936639756, 0.291774734578, 0.104168251647, -0.201298055164, 0.722338519001, 0.278675509985
0, 11.0, 5, regularization, -0.000515085026417, 0.478133838175, 0.0010772821024, -0.0311259522938, 0.756658361271, 0.0411360712931
0, 11.0, 26, no_regularization, 0.016990189873, 0.52610031697, 0.0322945820883, 0.0270143690911, 0.847978381703, 0.0318573794733
0, 11.0, 27, no_regularization, -0.0382611390297, 0.462233567013, 0.0827744710903, -0.0380580301532, 0.694310594986, 0.0548141284722
0, 11.0, 28, no_regularization, -0.0124059809474, 0.502514246551, 0.0246878193653, 0.0971931184539, 0.814047211541, 0.119394940583
0, 11.0, 29, no_regularization, -0.00696030002476, 0.414969373035, 0.0167730451379, -0.00996304138711, 0.479131040749, 0.0207939802262
0, 11.0, 30, no_regularization, 0.0137165911862, 0.329307555669, 0.0416528286401, 0.00984987623706, 0.381321890453, 0.0258308701485
0, 11.0, 26, regularization, 0.0190483758426, 0.448784007736, 0.0424444176135, 0.0286547019616, 0.814329492632, 0.0351880930518
0, 11.0, 27, regularization, -0.0534961751853, 0.425154934312, 0.125827482802, -0.0238319815465, 0.651792883347, 0.0365637339029
0, 11.0, 28, regularization, -0.0096309019826, 0.417688767489, 0.023057603489, 0.0975367980753, 0.782321023158, 0.124676181757
0, 11.0, 29, regularization, -0.0126211089207, 0.320149627332, 0.0394225319763, -0.0182911172636, 0.438159843941, 0.0417453071442
0, 11.0, 30, regularization, 0.0096850587622, 0.252503119971, 0.0383561944237, 0.00615979979391, 0.327820609881, 0.0187901541521
0, 9.0, 26, no_regularization, -0.027254388401, 0.562924038228, 0.0484157480408, 0.0115404326017, 0.626222480011, 0.01842864632
0, 9.0, 27, no_regularization, 0.033130202257, 0.565258036563, 0.0586107584749, -0.132670197638, 0.778655768829, 0.170383631573
0, 9.0, 28, no_regularization, 0.0045295732423, 0.453915807376, 0.00997888412058, 0.0382512473674, 0.674341946116, 0.0567238143612
0, 9.0, 29, no_regularization, 0.019809725931, 0.386113660145, 0.0513054262924, -0.122569191057, 0.432539178565, 0.283371303991
0, 9.0, 30, no_regularization, 0.0337729603871, 0.529103434572, 0.0638305446164, 0.0256340437924, 0.630351044485, 0.0406662985913
0, 9.0, 26, regularization, -0.0275979126684, 0.4636850668, 0.0595186574778, -0.00206851303439, 0.599548511654, 0.00345011787066
0, 9.0, 27, regularization, -0.00899694389654, 0.238798564886, 0.0376758708782, -0.126285936993, 0.6592144861, 0.191570330531
0, 9.0, 28, regularization, 0.00321349557725, 0.352205758175, 0.00912391550296, 0.0275666011058, 0.651878736242, 0.0422879280658
0, 9.0, 29, regularization, 0.0231776830046, 0.317463406018, 0.0730089911631, -0.129409763979, 0.36577781594, 0.353793364004
0, 9.0, 30, regularization, 0.0413451613359, 0.472984087343, 0.0874134298432, 0.0240256943029, 0.584306265804, 0.0411183239151
0, 11.0, 21, no_regularization, 0.0010760788379, 0.345398332421, 0.00311547201273, -0.0207789165539, 0.432695734276, 0.0480220046279
0, 11.0, 22, no_regularization, -0.0761838502812, 0.425447017434, 0.179067773799, 0.023786538771, 0.611273479481, 0.0389130881176
0, 11.0, 23, no_regularization, -0.00182626547429, 0.455761372273, 0.00400706506825, -0.105018652012, 0.75510766628, 0.139077719247
0, 11.0, 24, no_regularization, 0.00210936365576, 0.385577570695, 0.00547065964433, -0.0132689208512, 0.728921134741, 0.0182035068251
0, 11.0, 25, no_regularization, -0.0248468583105, 0.374242478195, 0.0663924053473, 0.0214237774173, 0.429358716914, 0.0498971525983
0, 11.0, 21, regularization, 0.00567868111423, 0.239923588288, 0.0236687070027, -0.0174367250033, 0.381025836055, 0.0457625792095
0, 11.0, 22, regularization, -0.0718258893642, 0.318879230937, 0.225244802407, 0.0139180561651, 0.547569814497, 0.0254178659901
0, 11.0, 23, regularization, -0.00214938636026, 0.346830813854, 0.00619721856998, -0.0973360877249, 0.721422011913, 0.134922536487
0, 11.0, 24, regularization, 0.000354114526014, 0.262489005486, 0.00134906422217, -0.00672848715414, 0.68572956961, 0.00981215839645
0, 11.0, 25, regularization, -0.0289863121679, 0.29231152767, 0.0991623984142, 0.0334570489111, 0.360520982019, 0.0928019465712
0, 9.0, 16, no_regularization, -0.00962698965005, 0.357506930688, 0.0269281203347, 0.012233543366, 0.381856226627, 0.0320370404171
0, 9.0, 17, no_regularization, -0.0480778982795, 0.450643833496, 0.106687132289, 0.0226065203208, 0.878195346293, 0.0257420178964
0, 9.0, 18, no_regularization, -0.0177922673411, 0.529777906491, 0.0335843890865, 0.0529591894326, 0.436270956531, 0.12139059142
0, 9.0, 19, no_regularization, 0.00652196531905, 0.542582247719, 0.0120202335157, 0.0166339813129, 0.687640661264, 0.024189932693
0, 9.0, 20, no_regularization, 0.0116072403412, 0.811823384365, 0.01429774082, 0.0617785397461, 0.682983679359, 0.0904539033848
0, 9.0, 16, regularization, -0.00896736240652, 0.258203757922, 0.0347297904518, 0.00981738134875, 0.326465795029, 0.0300716996948
0, 9.0, 17, regularization, -0.0494235397355, 0.376444605474, 0.131290338649, 0.0226246525873, 0.862120560066, 0.0262430263647
0, 9.0, 18, regularization, -0.0103283530238, 0.488200367595, 0.0211559714195, 0.0607610373465, 0.351227824835, 0.172996081318
0, 9.0, 19, regularization, 0.00614582808347, 0.457172653407, 0.0134431227189, 0.0269520743026, 0.6563804306, 0.0410616664455
0, 9.0, 20, regularization, 0.0155916796384, 0.756034133549, 0.0206229837338, 0.0570516441871, 0.655142266047, 0.087082832453
0, 3.0, 6, no_regularization, -0.0347679731196, 0.0013909727943, 24.9954371948, 0.0205484547324, 0.0137066137948, 1.49916347247
0, 3.0, 7, no_regularization, -0.0344308743403, 0.00170785498446, 20.1603032187, 0.0214143053599, 0.0164048896566, 1.30536113367
0, 3.0, 8, no_regularization, -0.0345611182318, 0.00239877177413, 14.407839297, 0.0204449139585, 0.0156971025056, 1.3024641937
0, 3.0, 9, no_regularization, -0.0344519444003, 0.00138834039437, 24.8151998889, 0.0208335776026, 0.0137272634762, 1.5176788614
0, 3.0, 10, no_regularization, -0.0349432473975, 0.00268598917207, 13.0094520711, 0.0201461665687, 0.0174403711038, 1.15514552121
0, 3.0, 6, regularization, -0.0347657361193, 0.00134314886999, 25.8837548809, 0.0178424206287, 0.00313269578435, 5.69554845314
0, 3.0, 7, regularization, -0.0344211108501, 0.00153524171858, 22.4206458394, 0.0177859526222, 0.0036346677378, 4.89341912527
0, 3.0, 8, regularization, -0.0345732221573, 0.00196991065504, 17.5506549339, 0.018153670939, 0.00458500407548, 3.95935764508
0, 3.0, 9, regularization, -0.0344446788552, 0.00129507417787, 26.5966841466, 0.0179176316058, 0.00318601292032, 5.62384147646
0, 3.0, 10, regularization, -0.0349215923307, 0.00212762328654, 16.4134283318, 0.0184039892332, 0.00504380714988, 3.64882888784
0, 0.5, 6, no_regularization, -0.0063646645178, 0.000497689080636, 12.7884351203, 0.0030516414107, 0.00445051628963, 0.685682561777
0, 0.5, 7, no_regularization, -0.00614779866278, 0.000682847286185, 9.00318239108, 0.00362464140477, 0.00585725407713, 0.618829464633
0, 0.5, 8, no_regularization, -0.00632570074033, 0.000624752873527, 10.1251246827, 0.00310300476871, 0.0042656691231, 0.727436816866
0, 0.5, 9, no_regularization, -0.00606170156496, 0.000498391820879, 12.1625221583, 0.00304839025615, 0.00395835088256, 0.770116229356
0, 0.5, 10, no_regularization, -0.00615837889428, 0.000754672124288, 8.16033704716, 0.00338316763604, 0.00528170801843, 0.640544237628
0, 0.5, 6, regularization, -0.0063935092239, 0.000602400347294, 10.6133890072, 0.00311544151152, 0.00195612495043, 1.59265976892
0, 0.5, 7, regularization, -0.0061136331312, 0.000806484907982, 7.58059211115, 0.00285274497141, 0.00193276483707, 1.4759917589
0, 0.5, 8, regularization, -0.00634620101548, 0.000738236920502, 8.59642865215, 0.00332120096394, 0.00236202324568, 1.40608309847
0, 0.5, 9, regularization, -0.00602718530796, 0.00082468969359, 7.30842807277, 0.00298182738033, 0.00220036903402, 1.35514876561
0, 0.5, 10, regularization, -0.0061807185558, 0.000792678509023, 7.79725763402, 0.00319407242124, 0.00212279897554, 1.50465138623
0, 7.0, 1, no_regularization, -0.0429906597191, 0.276534643062, 0.155462112244, -0.008205246963, 0.399536701498, 0.0205369041999
0, 7.0, 2, no_regularization, -0.065859151269, 0.238321563456, 0.276345750312, 0.0320452001163, 0.299637159147, 0.106946682472
0, 7.0, 3, no_regularization, -0.0206289074868, 0.359898979975, 0.0573186050381, 0.0244624716819, 0.910356834887, 0.026871300071
0, 7.0, 4, no_regularization, -0.0492269066856, 0.255302498471, 0.192817959011, 0.0364100452457, 0.286990207169, 0.126868598078
0, 7.0, 5, no_regularization, -0.0198883075005, 0.552268368392, 0.0360120344362, -0.0386964375857, 0.821798616766, 0.047087494182
0, 7.0, 1, regularization, -0.0330599067581, 0.229463922501, 0.144074529877, 0.00123806289658, 0.370775505295, 0.0033391172796
0, 7.0, 2, regularization, -0.0656683528204, 0.0979481257393, 0.670440116385, 0.0282753022456, 0.216412740559, 0.130654517717
0, 7.0, 3, regularization, -0.0153845399632, 0.293593571344, 0.0524008066415, 0.00327980867223, 0.869166815499, 0.0037735088521
0, 7.0, 4, regularization, -0.0453775728323, 0.190534569864, 0.238159263512, 0.0341308391046, 0.249367500268, 0.136869636452
0, 7.0, 5, regularization, -0.0287929459925, 0.441235709836, 0.0652552487267, -0.0500592746966, 0.75698658927, 0.0661296717883
0, 3.0, 26, no_regularization, -0.0346545630824, 0.0022740431089, 15.2391847572, 0.0215527857863, 0.0165558428968, 1.30182352663
0, 3.0, 27, no_regularization, -0.0344228927974, 0.00262090096007, 13.1339922118, 0.0204294197855, 0.0164006638664, 1.24564590506
0, 3.0, 28, no_regularization, -0.034104105554, 0.0335394223832, 1.01683640119, 0.0221522100404, 0.0674539065515, 0.328405146165
0, 3.0, 29, no_regularization, -0.0345793426846, 0.00187641951589, 18.4283644418, 0.0209169323545, 0.0158131924065, 1.32275202987
0, 3.0, 30, no_regularization, -0.0343668267765, 0.00241012504335, 14.2593542486, 0.0218824168339, 0.0191143437683, 1.14481653669
0, 3.0, 26, regularization, -0.0346517655978, 0.00190235822172, 18.2151632654, 0.0180396408476, 0.0038281932507, 4.71231196185
0, 3.0, 27, regularization, -0.0344218277484, 0.00214287366653, 16.0633957503, 0.0181842137556, 0.00408765268808, 4.44857113439
0, 3.0, 28, regularization, -0.0342137897936, 0.00348631732596, 9.81373368938, 0.018319122487, 0.00604765317304, 3.02912914528
0, 3.0, 29, regularization, -0.0345783583072, 0.00166329740813, 20.789041177, 0.0179762343404, 0.00332037113046, 5.41392321342
0, 3.0, 30, regularization, -0.0343654076974, 0.00189706074568, 18.1150802765, 0.0182574637753, 0.00380362398611, 4.80001804647
0, 0.5, 21, no_regularization, -0.00613878294115, 0.000635974742986, 9.65255776092, 0.003053598686, 0.00462984762165, 0.659546260597
0, 0.5, 22, no_regularization, -0.00579667925629, 0.000600557058676, 9.65217071808, 0.00298071634332, 0.00476107566609, 0.626059435381
0, 0.5, 23, no_regularization, -0.00532060263447, 0.00068434755501, 7.77470832697, 0.00278685303427, 0.00492305288576, 0.566082286528
0, 0.5, 24, no_regularization, -0.00610941325052, 0.000531525063234, 11.4941207351, 0.00301159348896, 0.00372115394646, 0.809317091498
0, 0.5, 25, no_regularization, -0.00569719230427, 0.000492044093169, 11.5786214759, 0.00292399771397, 0.00454641034572, 0.643144259234
0, 0.5, 21, regularization, -0.00617101543076, 0.000742823471598, 8.30751270889, 0.00310307696806, 0.00201503478402, 1.5399619861
0, 0.5, 22, regularization, -0.00579605336931, 0.00096356612375, 6.01521081579, 0.00297781442642, 0.0022093160207, 1.34784449056
0, 0.5, 23, regularization, -0.00526629303996, 0.00107429864707, 4.90207546505, 0.00246014056029, 0.00230801913532, 1.06590994964
0, 0.5, 24, regularization, -0.00610214034709, 0.000810621662643, 7.52772918404, 0.00291035769969, 0.00199958524088, 1.45548068679
0, 0.5, 25, regularization, -0.0056976028194, 0.000920842018166, 6.18738361956, 0.00291878452156, 0.00222944294007, 1.30919902416
0, 7.0, 16, no_regularization, -0.0178090025121, 0.441303358149, 0.0403554656525, -0.152445669412, 0.569265284441, 0.267793722152
0, 7.0, 17, no_regularization, -0.0657990723507, 0.246578779278, 0.266848074045, 0.0328106165789, 0.287412891165, 0.114158472315
0, 7.0, 18, no_regularization, -0.0497575202425, 0.156646469524, 0.317642142805, 0.0393732312433, 0.180284233181, 0.218395311385
0, 7.0, 19, no_regularization, -0.0527677032394, 0.269505451113, 0.1957945675, 0.0437772469907, 0.282592044029, 0.154913232398
0, 7.0, 20, no_regularization, -0.0237542337624, 0.383624182292, 0.0619205849342, 0.0320408321538, 0.54964179659, 0.058294024131
0, 7.0, 16, regularization, -0.0191608254507, 0.304031832858, 0.0630224317978, -0.141896524961, 0.478157602421, 0.296756810397
0, 7.0, 17, regularization, -0.0645401076933, 0.198093633894, 0.325806066681, 0.0360182970372, 0.262744534047, 0.137084857608
0, 7.0, 18, regularization, -0.0502853070893, 0.122044851405, 0.412023174352, 0.0448608714692, 0.155398540398, 0.28868270805
0, 7.0, 19, regularization, -0.0464527009506, 0.192539934814, 0.241262681404, 0.0375782820737, 0.209463076502, 0.179402893823
0, 7.0, 20, regularization, -0.0160497523508, 0.271528122966, 0.0591089872219, 0.0354528674128, 0.513057336472, 0.0691011801071
0, 7.0, 21, no_regularization, -0.0536297243076, 0.22188843504, 0.241696798203, 0.0446627848411, 0.243301324314, 0.183569838623
0, 7.0, 22, no_regularization, 0.0335861590967, 0.604805107316, 0.0555322015149, 0.0398828087004, 0.681200114621, 0.0585478596441
0, 7.0, 23, no_regularization, 0.0306201043556, 0.519791912905, 0.0589083892907, 0.00940316437788, 0.490221903766, 0.0191814447817
0, 7.0, 24, no_regularization, -0.0724265284387, 0.0354328986363, 2.0440475159, 0.0447963557103, 0.0501422492526, 0.893385445967
0, 7.0, 25, no_regularization, -0.0576834703267, 0.142132324365, 0.405843432058, 0.0334548949341, 0.152162229449, 0.219863333071
0, 7.0, 21, regularization, -0.0521193383276, 0.139916096652, 0.372504233428, 0.0416893218324, 0.193342252856, 0.215624475336
0, 7.0, 22, regularization, 0.0314283076737, 0.527269853668, 0.0596057359529, 0.0353139898333, 0.614613155629, 0.0574572631742
0, 7.0, 23, regularization, 0.0324416449337, 0.431574804779, 0.0751703866271, 0.0180971971964, 0.426545664619, 0.0424273382607
0, 7.0, 24, regularization, -0.0741631391886, 0.0131670336107, 5.63248650999, 0.0427346617995, 0.0131976854082, 3.23804216252
0, 7.0, 25, regularization, -0.0565600712213, 0.0980244815296, 0.576999442779, 0.0297249058966, 0.137142127423, 0.21674525877
0, 11.0, 16, no_regularization, -0.024410700568, 0.50407929093, 0.0484263111126, -0.0347780142432, 0.720387696469, 0.0482768020799
0, 11.0, 17, no_regularization, 0.0130939673491, 0.500029672097, 0.0261863806886, 0.0817799413461, 0.780243026633, 0.104813421658
0, 11.0, 18, no_regularization, 0.00620401090504, 0.348789574245, 0.0177872601796, -0.101961724391, 0.745993507589, 0.136679104247
0, 11.0, 19, no_regularization, -0.0111006565543, 0.353573249775, 0.0313956346001, 0.0281291465182, 0.587786611543, 0.047856051781
0, 11.0, 20, no_regularization, -0.0335625660398, 0.474095496673, 0.0707928387327, -0.0273431887463, 0.675775521338, 0.0404619402196
0, 11.0, 16, regularization, -0.0218347855819, 0.405615483048, 0.0538312428753, -0.0248136507786, 0.693101760234, 0.0358008768731
0, 11.0, 17, regularization, 0.0111905209402, 0.430090729022, 0.0260189773578, 0.079052189879, 0.746624838185, 0.105879399982
0, 11.0, 18, regularization, 0.00895917611322, 0.231001398246, 0.038784077418, -0.0828208066738, 0.715513435373, 0.115750176837
0, 11.0, 19, regularization, -0.0132554819099, 0.257045600825, 0.0515686005416, 0.0255294450881, 0.551152208581, 0.0463201356913
0, 11.0, 20, regularization, -0.0296978577558, 0.355543434164, 0.0835280725284, -0.02100702684, 0.663951693212, 0.0316393904176
0, 11.0, 6, no_regularization, 0.0521461393567, 0.557617749636, 0.0935159244675, -0.0174266577129, 0.581033474585, 0.0299925193214
0, 11.0, 7, no_regularization, -0.0273231454933, 0.503282919153, 0.0542898327233, 0.0142012859648, 0.665720282922, 0.0213322116347
0, 11.0, 8, no_regularization, -0.0578236158445, 0.517022433169, 0.111839665235, -0.0276951161334, 0.695537496779, 0.0398182934229
0, 11.0, 9, no_regularization, 0.0216166217314, 0.560852980685, 0.0385424032247, 0.0322088564124, 0.707516860224, 0.0455238005243
0, 11.0, 10, no_regularization, -0.0485481606657, 0.605991417216, 0.0801136109959, 0.134687148772, 0.860251450398, 0.15656718592
0, 11.0, 6, regularization, -0.0144390658116, 0.432970055025, 0.0333488786211, -0.0403370424924, 0.688422091913, 0.0585934747974
0, 11.0, 7, regularization, -0.0244843031163, 0.429964362885, 0.0569449592333, 0.00727631507597, 0.648478395781, 0.0112205975146
0, 11.0, 8, regularization, -0.0631390995775, 0.421583763911, 0.149766440225, -0.0502755241524, 0.68759416663, 0.0731180201817
0, 11.0, 9, regularization, 0.0216874099919, 0.471936818786, 0.0459540538663, 0.0327336718648, 0.624326867736, 0.0524303430725
0, 11.0, 10, regularization, -0.0814113781735, 0.658686359507, 0.123596575211, 0.060618807453, 0.443257050613, 0.136757683536
0, 0.5, 11, no_regularization, -0.00582398167176, 0.000675160514106, 8.62606972724, 0.00301019591943, 0.00480947955938, 0.62588807838
0, 0.5, 12, no_regularization, -0.00574799440813, 0.000623270150531, 9.22231620308, 0.00268087981762, 0.00496428820515, 0.540033073592
0, 0.5, 13, no_regularization, -0.00607054620518, 0.000732266133729, 8.29008187811, 0.00286638495506, 0.00520639587559, 0.550550711769
0, 0.5, 14, no_regularization, -0.00604936748663, 0.000556790104296, 10.8647180328, 0.00290532887259, 0.00458275023428, 0.633970590598
0, 0.5, 15, no_regularization, -0.00558613670525, 0.000478389849372, 11.6769549199, 0.00283959320552, 0.00437389696358, 0.649213556964
0, 0.5, 11, regularization, -0.00581385284366, 0.000955816813161, 6.08260156507, 0.00296775203906, 0.00222926458789, 1.33126953847
0, 0.5, 12, regularization, -0.00574355783007, 0.000937772760624, 6.1246797425, 0.00246762897407, 0.00220683572934, 1.11817519594
0, 0.5, 13, regularization, -0.00603628921725, 0.000928205695877, 6.5031805386, 0.00287566935012, 0.00196865236356, 1.46072988982
0, 0.5, 14, regularization, -0.00602260101198, 0.000772730289781, 7.79392382003, 0.00268593405398, 0.00201168103586, 1.3351689488
0, 0.5, 15, regularization, -0.0055934745241, 0.000945378707347, 5.91664957189, 0.00258185614434, 0.00205549692487, 1.25607395132
0, 3.0, 16, no_regularization, -0.0348246814452, 0.0021636140216, 16.0956072098, 0.0201968872021, 0.0151895273609, 1.32965869986
0, 3.0, 17, no_regularization, -0.0347288837845, 0.00183870215478, 18.8877158241, 0.0206294111001, 0.0146134522446, 1.41167266672
0, 3.0, 18, no_regularization, -0.0344715771794, 0.00155229939798, 22.2067838357, 0.0205626147828, 0.0137956529895, 1.49051406255
0, 3.0, 19, no_regularization, -0.0343451656851, 0.0018899247596, 18.1727687891, 0.0209647027185, 0.0151502108455, 1.38378950183
0, 3.0, 20, no_regularization, -0.034655498069, 0.00255402646434, 13.5689659261, 0.0212913042546, 0.0171058487178, 1.24467979378
0, 3.0, 16, regularization, -0.0348241486569, 0.0017921424816, 19.4315736693, 0.0174406862906, 0.00409251103039, 4.26161008757
0, 3.0, 17, regularization, -0.0347229455175, 0.00161956332807, 21.4396960685, 0.0175556782354, 0.0034373548324, 5.1073220809
0, 3.0, 18, regularization, -0.0344749812088, 0.00146046753483, 23.6054416731, 0.01799889519, 0.00322244144194, 5.58548402331
0, 3.0, 19, regularization, -0.0343430940005, 0.00167829387489, 20.4630991714, 0.0180922410931, 0.00358088492163, 5.05244974053
0, 3.0, 20, regularization, -0.0346266932734, 0.00213290685712, 16.2345079241, 0.0181888806839, 0.0040586296695, 4.48153247895
0, 9.0, 1, no_regularization, -0.00590747210211, 0.456867333332, 0.0129303884763, 0.00112340441881, 0.681385485488, 0.00164870611825
0, 9.0, 2, no_regularization, 0.015949397192, 0.518751473524, 0.0307457385782, -0.0385073798262, 0.884415757058, 0.0435399070165
0, 9.0, 3, no_regularization, -0.00785515681314, 0.319049226183, 0.0246205167369, -0.0753000633564, 0.419148383284, 0.179650134319
0, 9.0, 4, no_regularization, -0.0241863962366, 0.495966923572, 0.0487661476746, -0.0400097516519, 0.748267624037, 0.053469842028
0, 9.0, 5, no_regularization, -0.0454740802276, 0.525006508522, 0.0866162218743, -0.0583628028132, 0.745930944764, 0.0782415627383
0, 9.0, 1, regularization, -0.00104449452102, 0.327940392274, 0.00318501333055, 0.00588943134033, 0.632010208613, 0.00931856995357
0, 9.0, 2, regularization, 0.0214704715254, 0.428426418808, 0.0501147235156, -0.0468471671071, 0.850061465123, 0.0551103291106
0, 9.0, 3, regularization, -0.00946839334486, 0.264227576648, 0.035834236021, -0.0560493804318, 0.365115706656, 0.153511282616
0, 9.0, 4, regularization, -0.0288227521361, 0.40217326754, 0.0716674987187, -0.039745209715, 0.725776207969, 0.0547623486119
0, 9.0, 5, regularization, -0.0417515111838, 0.460806135439, 0.0906053717015, -0.0590759599253, 0.688844479172, 0.0857609543394
0, 3.0, 1, no_regularization, -0.0350647170975, 0.00172783344695, 20.2940376917, 0.0203750965957, 0.0133659419237, 1.52440409453
0, 3.0, 2, no_regularization, -0.0343711145567, 0.00139399212352, 24.656606, 0.0192924712485, 0.0131651909868, 1.46541522017
0, 3.0, 3, no_regularization, -0.0349362360169, 0.00152672602673, 22.8831076468, 0.0205936204262, 0.0131796370186, 1.56253320157
0, 3.0, 4, no_regularization, -0.0345926093921, 0.00168690004321, 20.5066148, 0.0205300068158, 0.0139828732491, 1.46822519593
0, 3.0, 5, no_regularization, -0.0345691958997, 0.001411507548, 24.4909748791, 0.021523979412, 0.0148792004407, 1.44658172311
0, 3.0, 1, regularization, -0.0350470764891, 0.00151169738988, 23.1839233988, 0.0178543765334, 0.0035306186489, 5.05701077032
0, 3.0, 2, regularization, -0.0343638168418, 0.00136957279125, 25.090902113, 0.0170517434781, 0.00321717068951, 5.30022965013
0, 3.0, 3, regularization, -0.0349353544009, 0.00143634349326, 24.3224232677, 0.0176023794613, 0.00318514378795, 5.52640026108
0, 3.0, 4, regularization, -0.0345918468988, 0.00150982326247, 22.9111895137, 0.0179698117788, 0.00350796077978, 5.12258058368
0, 3.0, 5, regularization, -0.0345546110406, 0.00134062058971, 25.7750860355, 0.0180073791057, 0.0030116883461, 5.97916418843
0, 9.0, 21, no_regularization, -0.00522747403645, 0.528577939439, 0.00988969392479, -0.0851132961621, 0.932533989836, 0.09127098539
0, 9.0, 22, no_regularization, -0.000436487536975, 0.431646869163, 0.00101121441659, 0.0301747798995, 0.524103284678, 0.0575741094964
0, 9.0, 23, no_regularization, 0.0128866449232, 0.33994797736, 0.0379076970048, -0.0512142226677, 0.37964497593, 0.134900304007
0, 9.0, 24, no_regularization, -0.092007284711, 0.179120980333, 0.513660010905, 0.0568886003932, 0.174097914272, 0.326762101838
0, 9.0, 25, no_regularization, 0.00813991123352, 0.564227243135, 0.0144266540345, -0.0296063762249, 0.703337479216, 0.0420941256506
0, 9.0, 21, regularization, -0.0129770650207, 0.445620254591, 0.0291213536346, -0.099302769618, 0.898723108155, 0.110493174947
0, 9.0, 22, regularization, -0.00237238195868, 0.321521121631, 0.00737861931634, 0.0271124295024, 0.455163627346, 0.0595663358701
0, 9.0, 23, regularization, -0.0186159720844, 0.321965805803, 0.0578197179602, -0.0525201074962, 0.607245742025, 0.0864890502501
0, 9.0, 24, regularization, -0.0858048631884, 0.132253549772, 0.648790624799, 0.046574017981, 0.175983845541, 0.264649393459
0, 9.0, 25, regularization, 0.0109546170936, 0.516391780515, 0.0212137712236, -0.0350507583785, 0.694510073906, 0.0504683224843
0, 3.0, 11, no_regularization, -0.0343564043796, 0.00256366312434, 13.4012944421, 0.0213181856305, 0.0185860317372, 1.14700038889
0, 3.0, 12, no_regularization, -0.0338437804616, 0.00138706975935, 24.3994797187, 0.020115431682, 0.0143731447867, 1.39951499693
0, 3.0, 13, no_regularization, -0.034023633349, 0.00157856499402, 21.5535207469, 0.0198221744824, 0.014190850763, 1.396827774
0, 3.0, 14, no_regularization, -0.0346637731188, 0.0017437711049, 19.8786257104, 0.0207876777135, 0.0150517450691, 1.38108090577
0, 3.0, 15, no_regularization, -0.0345071904118, 0.00151118385979, 22.8345414017, 0.0208869089145, 0.0145518080032, 1.43534802754
0, 3.0, 11, regularization, -0.0343146514034, 0.00212476862094, 16.149829711, 0.0180364464947, 0.00421397750348, 4.28014778906
0, 3.0, 12, regularization, -0.0338267334188, 0.0013479892692, 25.0942156526, 0.0169915244874, 0.00310124276079, 5.47894047581
0, 3.0, 13, regularization, -0.0340021167443, 0.00144159033339, 23.5865321491, 0.0169736722937, 0.00322369397707, 5.26528647397
0, 3.0, 14, regularization, -0.0346596197427, 0.00159027381421, 21.7947497048, 0.0176123267285, 0.00337288727378, 5.22173594873
0, 3.0, 15, regularization, -0.0344968781574, 0.00139289453921, 24.7663245036, 0.0177168904216, 0.00351646965877, 5.03826056837
0, 1.0, 16, no_regularization, -0.0118898146877, 0.000853325541407, 13.9335038163, 0.00623383692137, 0.00659961251223, 0.944576201984
0, 1.0, 17, no_regularization, -0.0118199226329, 0.000859291625444, 13.7554263104, 0.00656553529055, 0.0065026036785, 1.00967790983
0, 1.0, 18, no_regularization, -0.0117376558899, 0.000679074489972, 17.284784016, 0.00599874963115, 0.005700683687, 1.05228599945
0, 1.0, 19, no_regularization, -0.0119825281345, 0.00091857701329, 13.0446636059, 0.00665607192005, 0.00692181557399, 0.961607810682
0, 1.0, 20, no_regularization, -0.0118708065528, 0.00105793409523, 11.2207429615, 0.00669890327489, 0.0076347885441, 0.877418311744
0, 1.0, 16, regularization, -0.0119119318148, 0.000754768233148, 15.7822378999, 0.00549384758053, 0.00240909639676, 2.28045983876
0, 1.0, 17, regularization, -0.0117967976674, 0.000780051131996, 15.1231081958, 0.00595599903987, 0.00257300049694, 2.31480679734
0, 1.0, 18, regularization, -0.0117368706205, 0.000717851856512, 16.3499899235, 0.00555282584181, 0.0022932732556, 2.42135376945
0, 1.0, 19, regularization, -0.0119991500727, 0.000837069927281, 14.334704523, 0.00606190477057, 0.0024523661516, 2.47185958207
0, 1.0, 20, regularization, -0.0118562172181, 0.000965734665519, 12.2768889234, 0.00592425286133, 0.00237035659438, 2.49930870122
0, 7.0, 6, no_regularization, -0.0254303329653, 0.444305542963, 0.0572361370865, -0.0510930691142, 0.648109918678, 0.078833956466
0, 7.0, 7, no_regularization, -0.00884953535201, 0.44380426591, 0.019940176406, -0.178890602899, 0.783717578951, 0.228259015369
0, 7.0, 8, no_regularization, -0.0333716022632, 0.303986554608, 0.109779862818, 0.0181657984504, 0.3698528487, 0.0491162864211
0, 7.0, 9, no_regularization, -0.0544531035997, 0.177702194506, 0.306428987842, 0.0420970846706, 0.206435182505, 0.203923983111
0, 7.0, 10, no_regularization, -0.00154703622548, 0.488810827144, 0.00316489762414, 0.0441616133092, 0.681317149561, 0.0648179975179
0, 7.0, 6, regularization, -0.0199230240079, 0.374726876857, 0.0531667869008, -0.0278363494324, 0.633188143594, 0.0439622088853
0, 7.0, 7, regularization, -0.00713078203018, 0.317685758538, 0.0224460235895, -0.153510760984, 0.709807637921, 0.216270934241
0, 7.0, 8, regularization, -0.0293441495094, 0.225090666653, 0.130365909638, 0.0143568206473, 0.329946117972, 0.0435126218048
0, 7.0, 9, regularization, -0.0516645765885, 0.1399535584, 0.369155148173, 0.0426978282044, 0.17195545304, 0.248307497376
0, 7.0, 10, regularization, -0.00297155846397, 0.42364518652, 0.00701426230848, 0.0474299258765, 0.662790691955, 0.0715609414136
0, 0.5, 16, no_regularization, -0.00612999524022, 0.000560907816672, 10.9287035374, 0.00294585652494, 0.00396098109175, 0.743718906175
0, 0.5, 17, no_regularization, -0.00615789922976, 0.000570009824017, 10.8031457886, 0.00293762549802, 0.00470878005959, 0.623861267853
0, 0.5, 18, no_regularization, -0.00538335278654, 0.000487096235013, 11.0519285504, 0.00280562241389, 0.0040235114615, 0.697306927229
0, 0.5, 19, no_regularization, -0.00612540209246, 0.000592042166758, 10.3462260568, 0.0030149470284, 0.00439356564699, 0.686218727713
0, 0.5, 20, no_regularization, -0.00631450933239, 0.00062527310121, 10.0988021397, 0.0030955609823, 0.00451288647451, 0.685938146193
0, 0.5, 16, regularization, -0.0061210353395, 0.000793183606514, 7.71704721232, 0.00282549409147, 0.00214231040562, 1.31890041894
0, 0.5, 17, regularization, -0.00617504731728, 0.000782782605273, 7.88858525429, 0.0029774364072, 0.00202551822406, 1.46996278376
0, 0.5, 18, regularization, -0.00534457531075, 0.00104427317385, 5.11798583414, 0.00239870644752, 0.00217552128101, 1.10258928215
0, 0.5, 19, regularization, -0.00610415928914, 0.000887695853075, 6.87640847706, 0.00290647120665, 0.00192638032692, 1.50877330195
0, 0.5, 20, regularization, -0.00634622479318, 0.000781171691934, 8.12398203712, 0.0033572956116, 0.00220786622651, 1.52060644403
0, 5.0, 21, no_regularization, -0.056659167336, 0.0237459825872, 2.38605276189, 0.0342891222075, 0.0263589511871, 1.3008530561
0, 5.0, 22, no_regularization, -0.0561038930374, 0.0034432413994, 16.2939180062, 0.0342182781288, 0.0380669666982, 0.898896893995
0, 5.0, 23, no_regularization, -0.0563726294999, 0.0606723922709, 0.929131477926, 0.0296411591828, 0.0772389231495, 0.38375935311
0, 5.0, 24, no_regularization, -0.0557022590459, 0.00222629700345, 25.0201383551, 0.0337503655701, 0.01790021059, 1.88547310103
0, 5.0, 25, no_regularization, -0.0570680761151, 0.00265985687797, 21.4553183623, 0.0340609078203, 0.0188203640203, 1.80979006483
0, 5.0, 21, regularization, -0.0566732810909, 0.00310392033585, 18.2586132886, 0.0305040806898, 0.00731142596357, 4.17211100021
0, 5.0, 22, regularization, -0.0560472348588, 0.00293892980638, 19.0706272526, 0.0297973752216, 0.00794995947123, 3.74811661989
0, 5.0, 23, regularization, -0.0561589162511, 0.00395843277929, 14.1871592578, 0.0297804112415, 0.00839984634993, 3.54535190298
0, 5.0, 24, regularization, -0.0557231990811, 0.0023192525432, 24.0263610983, 0.0302650492404, 0.00583424290235, 5.18748529107
0, 5.0, 25, regularization, -0.0570444735401, 0.00250711254491, 22.7530565613, 0.0301851058282, 0.0056289941936, 5.3624332856
0, 1.0, 1, no_regularization, -0.0124116474971, 0.000804048069013, 15.4364496047, 0.00651949506822, 0.00636021919416, 1.02504251335
0, 1.0, 2, no_regularization, -0.0121026603327, 0.000658128754089, 18.3895024454, 0.00589257101173, 0.00605185209652, 0.973680605168
0, 1.0, 3, no_regularization, -0.0121643026313, 0.000709702938054, 17.1399919305, 0.00657605027865, 0.00655098344549, 1.00382642291
0, 1.0, 4, no_regularization, -0.0120804155271, 0.00076717081323, 15.7467089711, 0.00631102562274, 0.00595547712385, 1.05970109388
0, 1.0, 5, no_regularization, -0.0122422453065, 0.000778965387043, 15.7160324581, 0.00671948445567, 0.00632734117512, 1.06197599745
0, 1.0, 1, regularization, -0.0124284996899, 0.000714270377613, 17.4002731731, 0.00612008969487, 0.00245450710595, 2.49340883146
0, 1.0, 2, regularization, -0.0121109918859, 0.000634969779747, 19.073335885, 0.00562942424108, 0.0021401877572, 2.63034129699
0, 1.0, 3, regularization, -0.0121785062994, 0.000655252606604, 18.5859715423, 0.00598060317338, 0.00222909657572, 2.68297176467
0, 1.0, 4, regularization, -0.0120916108595, 0.000707249184987, 17.0966769791, 0.00607163110362, 0.0023967401214, 2.53328721349
0, 1.0, 5, regularization, -0.0122483389874, 0.000663523246451, 18.459547654, 0.0063762457101, 0.00247586842285, 2.57535725697
0, 7.0, 11, no_regularization, -0.000497388062603, 0.557537860679, 0.000892115312128, -0.0282514299374, 0.743436841627, 0.0380011163768
0, 7.0, 12, no_regularization, 0.0105356318595, 0.544854179605, 0.0193366083144, -0.0641827332171, 0.869798267304, 0.0737903668353
0, 7.0, 13, no_regularization, -0.00334871885054, 0.479738020398, 0.0069803073931, 0.00558754874581, 0.708864811462, 0.00788238978077
0, 7.0, 14, no_regularization, -0.0660548091756, 0.169983981662, 0.388594316533, 0.032950942471, 0.171199165042, 0.192471397059
0, 7.0, 15, no_regularization, -0.064422137921, 0.170157791707, 0.378602338892, 0.0465352901943, 0.178342150369, 0.260932651636
0, 7.0, 11, regularization, -0.00354592813752, 0.478547037515, 0.0074097797281, -0.0438646991085, 0.69389165455, 0.0632154873472
0, 7.0, 12, regularization, 0.0155595997239, 0.446668686545, 0.0348347672282, -0.0632871128784, 0.844130019483, 0.074973181166
0, 7.0, 13, regularization, -0.0177720874839, 0.420930168719, 0.0422209877187, 0.0177539531075, 0.673402840315, 0.026364535527
0, 7.0, 14, regularization, -0.0664880148989, 0.103371298592, 0.643196088322, 0.0315116950072, 0.123891327514, 0.25434948224
0, 7.0, 15, regularization, -0.0641751843546, 0.124049928177, 0.51733350674, 0.0429314728934, 0.148275917023, 0.289537733135
0, 3.0, 21, no_regularization, -0.0350036274953, 0.00242640591406, 14.4261219001, 0.0216915046061, 0.0183782506536, 1.18028124738
0, 3.0, 22, no_regularization, -0.034609521128, 0.00219947155142, 15.7353802124, 0.0211301948658, 0.0154369485201, 1.36880646057
0, 3.0, 23, no_regularization, -0.0343145837005, 0.00311485431746, 11.0164329382, 0.0203717329238, 0.0185894895544, 1.09587371209
0, 3.0, 24, no_regularization, -0.0337774159226, 0.0014431097445, 23.4059925459, 0.0201811120169, 0.0140108859051, 1.4403880064
0, 3.0, 25, no_regularization, -0.0352270388181, 0.00167193520934, 21.069619577, 0.0212044379391, 0.0141473998471, 1.49882226899
0, 3.0, 21, regularization, -0.034988501583, 0.00199682861495, 17.522035352, 0.0183678055886, 0.00446539407519, 4.11336721447
0, 3.0, 22, regularization, -0.0345994622144, 0.00185044527788, 18.6979115935, 0.017767154017, 0.00429262013595, 4.13899983095
0, 3.0, 23, regularization, -0.0343186899065, 0.00241457688105, 14.2131278469, 0.0175538791068, 0.00457727636693, 3.83500529563
0, 3.0, 24, regularization, -0.0337626808839, 0.0014241229293, 23.7077012028, 0.0177434529453, 0.0036935964172, 4.80384182276
0, 3.0, 25, regularization, -0.0352132319254, 0.0014839224204, 23.7298334747, 0.0179544078052, 0.00355933607213, 5.04431372631
0, 11.0, 11, no_regularization, -0.0329026758584, 0.563445097645, 0.058395531341, -0.0361357376426, 0.670320729099, 0.0539081309498
0, 11.0, 12, no_regularization, -0.0304733853467, 0.493879054434, 0.0617021213455, 0.0679620309915, 0.73042749997, 0.093044184391
0, 11.0, 13, no_regularization, -0.0095179392037, 0.527812639701, 0.0180327989286, -0.00770613033968, 0.625050405867, 0.0123288142322
0, 11.0, 14, no_regularization, 0.00274302371406, 0.319188044978, 0.00859375455068, -0.124378821136, 0.699004416605, 0.177937103374
0, 11.0, 15, no_regularization, 0.00627100887927, 0.339269569594, 0.0184838530811, 0.00890565722204, 0.608150829648, 0.014643829767
0, 11.0, 11, regularization, -0.0307783046155, 0.531650585276, 0.0578919791832, -0.0326689857975, 0.619195362277, 0.0527603851511
0, 11.0, 12, regularization, -0.0334155051496, 0.411120862184, 0.0812790306286, 0.0667345753807, 0.706443981035, 0.0944654879542
0, 11.0, 13, regularization, -0.00884249767231, 0.453399242868, 0.0195026741032, -0.0204435815184, 0.579134749123, 0.0353002156222
0, 11.0, 14, regularization, -0.00907611975047, 0.241010616259, 0.0376585890338, 0.0320712069689, 0.353647487814, 0.0906869356462
0, 11.0, 15, regularization, -0.00275797211437, 0.223183912816, 0.0123573965506, -0.00012913112173, 0.585029304719, 0.00022072590328
0, 1.0, 26, no_regularization, -0.0122137151155, 0.000886655548389, 13.7750394025, 0.00684109747058, 0.00677248198413, 1.01013151258
0, 1.0, 27, no_regularization, -0.0118414072966, 0.00109189456882, 10.8448266296, 0.00619485393036, 0.00706364570008, 0.877005188735
0, 1.0, 28, no_regularization, -0.0116366675405, 0.00191333222115, 6.08188552508, 0.00656800297311, 0.0100077220448, 0.656293504525
0, 1.0, 29, no_regularization, -0.0123337656611, 0.000897419096129, 13.7435961796, 0.00660848152319, 0.00670317862975, 0.985872805756
0, 1.0, 30, no_regularization, -0.0120089595216, 0.00116078696736, 10.345532694, 0.00689998197926, 0.00753935220773, 0.915195601577
0, 1.0, 26, regularization, -0.0122109365715, 0.000810103627505, 15.0733019295, 0.00609361789951, 0.00242125787816, 2.51671577591
0, 1.0, 27, regularization, -0.0118287614519, 0.000968460484449, 12.2139846094, 0.00584595559345, 0.0022727597992, 2.57218364893
0, 1.0, 28, regularization, -0.0116415852123, 0.00155767636803, 7.473686737, 0.0061418336346, 0.00284313030581, 2.16023642042
0, 1.0, 29, regularization, -0.0123472908109, 0.00070758154539, 17.4499898864, 0.00623976345266, 0.00266929269957, 2.33760930514
0, 1.0, 30, regularization, -0.0120262504966, 0.0009711356451, 12.3836979492, 0.00608582513838, 0.00259507484837, 2.34514435767
0, 0.5, 26, no_regularization, -0.00622713035669, 0.000531591503331, 11.7141269521, 0.0029779424414, 0.00424890979983, 0.700872125249
0, 0.5, 27, no_regularization, -0.00597469439573, 0.00064668259439, 9.23899057677, 0.00282391616631, 0.004294233394, 0.657606587071
0, 0.5, 28, no_regularization, -0.00609393110676, 0.00104062589688, 5.85602484527, 0.00324366252331, 0.00638875466976, 0.507714365471
0, 0.5, 29, no_regularization, -0.00623628993813, 0.000583310388739, 10.6912032745, 0.00297381498301, 0.00470011539599, 0.632711057593
0, 0.5, 30, no_regularization, -0.00637889232163, 0.000711623453219, 8.96385903637, 0.0029851625454, 0.0052745501071, 0.56595586065
0, 0.5, 26, regularization, -0.00622347593088, 0.000743937073632, 8.36559455291, 0.00291520781731, 0.00207492346109, 1.40497125411
0, 0.5, 27, regularization, -0.00597877546772, 0.000934969214337, 6.39462281329, 0.00285532368045, 0.00194284575009, 1.46966051233
0, 0.5, 28, regularization, -0.00609342416069, 0.00105296920184, 5.78689685324, 0.00320471233347, 0.00255516988623, 1.25420714714
0, 0.5, 29, regularization, -0.00625501845499, 0.000653506647832, 9.57146874596, 0.00298209343574, 0.00198559418551, 1.50186450862
0, 0.5, 30, regularization, -0.00637648948673, 0.000835438722378, 7.63250411542, 0.00313728984854, 0.00194836974797, 1.61021276983
0, 5.0, 16, no_regularization, -0.0566162962288, 0.0255348962916, 2.21721269522, 0.0336882650517, 0.0314505185594, 1.07115133851
0, 5.0, 17, no_regularization, -0.056791753449, 0.00291500229638, 19.4825758867, 0.0335390477257, 0.0193462685244, 1.73361843311
0, 5.0, 18, no_regularization, -0.0566496437718, 0.00246665067163, 22.9662207233, 0.0343049083164, 0.0187749959368, 1.82715929377
0, 5.0, 19, no_regularization, -0.0557744488517, 0.00269228093741, 20.7164297294, 0.0344312426675, 0.0222444909569, 1.54785482546
0, 5.0, 20, no_regularization, -0.0565188096293, 0.0218244828234, 2.58969754687, 0.0337362940771, 0.0270337960106, 1.24793033372
0, 5.0, 16, regularization, -0.0559682796226, 0.00311223618667, 17.9833008376, 0.0293737519981, 0.00682340414913, 4.30485302586
0, 5.0, 17, regularization, -0.056740504893, 0.00275202658868, 20.6177168224, 0.0295531717997, 0.00597794932936, 4.94369727333
0, 5.0, 18, regularization, -0.0566105736809, 0.00241860825603, 23.4062600009, 0.0303953172837, 0.00535971545809, 5.67106920534
0, 5.0, 19, regularization, -0.0557603615756, 0.00254564022381, 21.9042585256, 0.0304611159612, 0.0059287288906, 5.13788309827
0, 5.0, 20, regularization, -0.0564921093754, 0.00343297973108, 16.4557072283, 0.0299344983839, 0.00924352384175, 3.23842929345
0, 5.0, 26, no_regularization, -0.0562747140452, 0.0216514749836, 2.59911687715, 0.0345180702327, 0.0300987216716, 1.14682844705
0, 5.0, 27, no_regularization, -0.056274279464, 0.0307517261249, 1.82995514579, 0.0318849304529, 0.0632494587296, 0.504113886401
0, 5.0, 28, no_regularization, -0.0550058049972, 0.166432874994, 0.330498436677, 0.0334176772182, 0.205117891495, 0.162919367855
0, 5.0, 29, no_regularization, -0.0580982632388, 0.0546788344155, 1.06253660781, 0.0353087337167, 0.0424106402017, 0.83254422826
0, 5.0, 30, no_regularization, -0.0560426619724, 0.0315809115975, 1.77457391625, 0.0343489432556, 0.053679400595, 0.639890588846
0, 5.0, 26, regularization, -0.0562892652627, 0.0028846165036, 19.5136043881, 0.0303386556094, 0.00655082606408, 4.63127173774
0, 5.0, 27, regularization, -0.0563014858185, 0.00341756246099, 16.4741643967, 0.0308055673405, 0.00949675651761, 3.24379879419
0, 5.0, 28, regularization, -0.0559397969484, 0.00747783151084, 7.48075118667, 0.03146050413, 0.0130776904327, 2.4056620924
0, 5.0, 29, regularization, -0.0577842917577, 0.0107496314243, 5.37546725807, 0.031094179863, 0.0170203909378, 1.82687812382
0, 5.0, 30, regularization, -0.0560691779141, 0.00305282789665, 18.3663081616, 0.030639781205, 0.00705300504262, 4.34421654597
0, 7.0, 26, no_regularization, -0.0546796439484, 0.214486309981, 0.254933025578, 0.0457831920391, 0.242741057302, 0.188609181109
0, 7.0, 27, no_regularization, -0.00823393579262, 0.356630126453, 0.0230881666518, 0.0607709397639, 0.553651731241, 0.109763839495
0, 7.0, 28, no_regularization, -0.00492219973051, 0.397027975056, 0.0123976143742, -0.128345756135, 0.640751733838, 0.200304968926
0, 7.0, 29, no_regularization, -0.038757730635, 0.344713853479, 0.112434502541, 0.0204010645066, 0.342997454648, 0.0594787635597
0, 7.0, 30, no_regularization, -0.0120264098875, 0.609921317393, 0.0197179694242, 0.053738015916, 0.763120788021, 0.0704187551427
0, 7.0, 26, regularization, -0.0488158068845, 0.163109300007, 0.299282793087, 0.0420671297514, 0.244094082696, 0.172339817855
0, 7.0, 27, regularization, -0.00828412804341, 0.26198674167, 0.031620409455, 0.0626169010515, 0.507973870221, 0.123267956724
0, 7.0, 28, regularization, -0.0056732717307, 0.263895597761, 0.021498167377, -0.123031101412, 0.598898215462, 0.205429066635
0, 7.0, 29, regularization, -0.0414994926699, 0.244913542995, 0.169445479259, 0.0211516626895, 0.364007633862, 0.0581077447883
0, 7.0, 30, regularization, -0.0138590411212, 0.537702886808, 0.0257745335969, 0.0596387257021, 0.715956978468, 0.0832993147573
0, 5.0, 6, no_regularization, -0.0556881809394, 0.00205077609576, 27.1546860013, 0.0330988114593, 0.0181486701586, 1.82375960167
0, 5.0, 7, no_regularization, -0.0552627051411, 0.00246823315089, 22.3895806282, 0.0335104254673, 0.0194790289392, 1.72033347103
0, 5.0, 8, no_regularization, -0.0557281410262, 0.019778628835, 2.81759375188, 0.0330468893792, 0.0236735405102, 1.39594199545
0, 5.0, 9, no_regularization, -0.0565053117066, 0.00214738844068, 26.3135027814, 0.0342937631119, 0.0187533799807, 1.82867105275
0, 5.0, 10, no_regularization, -0.0564282055696, 0.0591066060047, 0.954685260818, 0.0343540653996, 0.0769569279765, 0.446406402943
0, 5.0, 6, regularization, -0.055703018743, 0.00234601722093, 23.7436529647, 0.0290923239243, 0.00537228967533, 5.41525600489
0, 5.0, 7, regularization, -0.0552269804231, 0.00243967610327, 22.6370133105, 0.0296162784246, 0.0057831874492, 5.12109951213
0, 5.0, 8, regularization, -0.0557319608059, 0.00310004622177, 17.9777838197, 0.0297808937803, 0.00688848262523, 4.32328792865
0, 5.0, 9, regularization, -0.0565001370026, 0.00228271678368, 24.7512689294, 0.0302468917638, 0.00692968568163, 4.36482881813
0, 5.0, 10, regularization, -0.055840329879, 0.00370047214995, 15.0900554352, 0.0303390508594, 0.00814433199364, 3.72517364015
0, 1.0, 6, no_regularization, -0.0125259340922, 0.000716276984912, 17.4875562891, 0.00697454924447, 0.00629440697218, 1.10805502016
0, 1.0, 7, no_regularization, -0.0123058314607, 0.0010945453502, 11.2428703466, 0.00841212836398, 0.0111683777302, 0.753209514149
0, 1.0, 8, no_regularization, -0.0120946461764, 0.00108021590022, 11.1965081924, 0.00622170317301, 0.00667780324738, 0.931699084644
0, 1.0, 9, no_regularization, -0.0119637215598, 0.000707830544924, 16.9019571784, 0.00611387371166, 0.00574607720273, 1.06400827834
0, 1.0, 10, no_regularization, -0.0120820753945, 0.00118762548918, 10.1733042146, 0.00620950893897, 0.00796259329759, 0.77983499934
0, 1.0, 6, regularization, -0.0125183226431, 0.000563285262026, 22.2237709506, 0.00616619286577, 0.00221606349897, 2.78249827617
0, 1.0, 7, regularization, -0.0123132735902, 0.000875677574576, 14.0614239164, 0.00641549348776, 0.0025869835874, 2.4799127134
0, 1.0, 8, regularization, -0.0120821782233, 0.000948387307247, 12.7397089048, 0.00602109569933, 0.00267805151402, 2.24831212835
0, 1.0, 9, regularization, -0.0119800523021, 0.000672739631531, 17.8078587028, 0.00584681947532, 0.00209534552179, 2.79038440893
0, 1.0, 10, regularization, -0.0120953869354, 0.000993180638653, 12.1784360917, 0.00634319928978, 0.0025993954161, 2.44025947361
0, 5.0, 11, no_regularization, -0.0555856489935, 0.0467432715744, 1.18916898885, 0.0330615113253, 0.0605071744126, 0.546406465782
0, 5.0, 12, no_regularization, -0.0554107471035, 0.00204077343046, 27.1518367871, 0.0324410977588, 0.0164241590623, 1.97520601425
0, 5.0, 13, no_regularization, -0.0557799201959, 0.00209205671739, 26.6627189082, 0.0325775475444, 0.0175164277416, 1.85982827235
0, 5.0, 14, no_regularization, -0.0561716068317, 0.00267268497815, 21.0169201724, 0.0330188221123, 0.0182294914805, 1.81128596744
0, 5.0, 15, no_regularization, -0.056051001632, 0.00228826576656, 24.4949701434, 0.0337736796816, 0.018001076261, 1.8762033554
0, 5.0, 11, regularization, -0.05575733123, 0.00350685078048, 15.8995448396, 0.0299483011321, 0.00725686879347, 4.12689025866
0, 5.0, 12, regularization, -0.0554354172313, 0.00230841957334, 24.0144460182, 0.0290260871133, 0.00557042875143, 5.2107456012
0, 5.0, 13, regularization, -0.0557745292467, 0.00215659234051, 25.8623422698, 0.0290180415101, 0.00546948891278, 5.30543931486
0, 5.0, 14, regularization, -0.056158973303, 0.00262429853679, 21.3996130835, 0.0297414537275, 0.0058789097088, 5.05900842175
0, 5.0, 15, regularization, -0.0560510030191, 0.00240630087297, 23.2934308625, 0.0298551285181, 0.00612113353401, 4.87738559406
0, 5.0, 1, no_regularization, -0.055976084469, 0.00273273089871, 20.4835699319, 0.0328633535971, 0.0184462504799, 1.7815736392
0, 5.0, 2, no_regularization, -0.0555219435534, 0.0021137615011, 26.2668912857, 0.0317167590168, 0.0161637019233, 1.96222122675
0, 5.0, 3, no_regularization, -0.0557132571451, 0.00210302719657, 26.4919337401, 0.03258569914, 0.0162763640582, 2.00202569956
0, 5.0, 4, no_regularization, -0.0556750246671, 0.0025014894371, 22.2567498552, 0.0326921219257, 0.0184582025241, 1.77114331057
0, 5.0, 5, no_regularization, -0.0553991492513, 0.00217902776964, 25.4237922175, 0.0337234150892, 0.0195541693474, 1.72461506751
0, 5.0, 1, regularization, -0.0559569259326, 0.00263812897645, 21.2108378446, 0.0294031527468, 0.0060700357143, 4.84398348391
0, 5.0, 2, regularization, -0.0555495233884, 0.00232182041852, 23.9249870254, 0.0286361963394, 0.0055995555642, 5.11401235527
0, 5.0, 3, regularization, -0.0556982399677, 0.00232230105547, 23.9840738291, 0.0290796238534, 0.00565714476847, 5.14033581313
0, 5.0, 4, regularization, -0.0556977655287, 0.00238056684844, 23.3968500255, 0.0296449795352, 0.0057594341723, 5.14720346622
0, 5.0, 5, regularization, -0.0553697322875, 0.00228601896489, 24.2210292819, 0.0294287205893, 0.00556628549905, 5.28695852814
