cosine_window, strain percent, trial, regularization, mean axial strain, axial strain std, axial strain SNRe, mean lateral strain, lateral strain std, lateral strain SNRe
0, 5.0, 11, no_regularization, -0.0555926232997, 0.0467627632722, 1.18882246064, 0.033321235946, 0.0604421253481, 0.551291599263
0, 5.0, 12, no_regularization, -0.0554120371187, 0.00204900370239, 27.0434050725, 0.0323120102042, 0.0160240754253, 2.01646643232
0, 5.0, 13, no_regularization, -0.0557812327008, 0.00208799752368, 26.7151814445, 0.032586218162, 0.017231753257, 1.89105645119
0, 5.0, 14, no_regularization, -0.0561708173566, 0.00267582891446, 20.9919315293, 0.0329794095153, 0.0178134895102, 1.85137277547
0, 5.0, 15, no_regularization, -0.0560507933361, 0.0023004534662, 24.3651063408, 0.0337985828286, 0.0178704872388, 1.89130729212
0, 5.0, 11, regularization, -0.0557698288342, 0.00354316049852, 15.7401362025, 0.0300310209299, 0.00721684756294, 4.16123808463
0, 5.0, 12, regularization, -0.0554358513098, 0.00232739826967, 23.818807478, 0.0290250404258, 0.00557271071955, 5.20842403032
0, 5.0, 13, regularization, -0.0557745368149, 0.00217395735454, 25.6557639911, 0.0290162579027, 0.00547794244592, 5.29692638964
0, 5.0, 14, regularization, -0.0561586387788, 0.00263811801466, 21.287386867, 0.0297384389847, 0.00588342272011, 5.05461538282
0, 5.0, 15, regularization, -0.0560509724869, 0.00242413888193, 23.1220137199, 0.0298534591579, 0.0061178957415, 4.87969400254
0, 9.0, 1, no_regularization, -0.00590109653009, 0.456852196181, 0.0129168614695, 0.000896532143942, 0.681374952041, 0.00131576915362
0, 9.0, 2, no_regularization, 0.0159511529367, 0.518717367523, 0.0307511449113, -0.038494506352, 0.883927908927, 0.0435493731596
0, 9.0, 3, no_regularization, -0.00785609540634, 0.319048134311, 0.0246235428498, -0.0754242100853, 0.41839770549, 0.180269177138
0, 9.0, 4, no_regularization, -0.0242025775899, 0.495944378657, 0.0488009918682, -0.0401401434225, 0.748626455966, 0.0536183875183
0, 9.0, 5, no_regularization, -0.0454707821876, 0.524993776364, 0.0866120404371, -0.0584668177298, 0.745439522151, 0.078432677625
0, 9.0, 1, regularization, -0.00104797125824, 0.327941349807, 0.00319560573515, 0.0059249082146, 0.631990841027, 0.00937499063273
0, 9.0, 2, regularization, 0.021467792024, 0.428433077117, 0.0501076904905, -0.0467943898494, 0.849865745172, 0.0550609200515
0, 9.0, 3, regularization, -0.00946730530211, 0.26421962647, 0.035831196299, -0.0560519577252, 0.364986859182, 0.153572536422
0, 9.0, 4, regularization, -0.0288188964783, 0.40219254613, 0.071654476831, -0.0397052119514, 0.725699781324, 0.0547129997462
0, 9.0, 5, regularization, -0.0417484488798, 0.460805952409, 0.0905987621504, -0.0590741494826, 0.68900261585, 0.0857386432557
0, 9.0, 21, no_regularization, -0.00550297288925, 0.546116628018, 0.0100765525291, -0.100996173875, 0.843190115893, 0.119778650118
0, 9.0, 22, no_regularization, -0.000436656797036, 0.43162488324, 0.00101165807161, 0.0303707243908, 0.524318806513, 0.0579241560927
0, 9.0, 23, no_regularization, 0.0128849745024, 0.339919694318, 0.0379059369545, -0.0513802000591, 0.37894902853, 0.135586045064
0, 9.0, 24, no_regularization, -0.0856900073192, 0.191671274345, 0.447067551525, 0.0492515915803, 0.196244557868, 0.250970483541
0, 9.0, 25, no_regularization, 0.00813887875387, 0.564212485345, 0.0144252014361, -0.0295906258093, 0.703597267338, 0.0420561977469
0, 9.0, 21, regularization, -0.0129748202278, 0.445622347457, 0.0291161794327, -0.0993203738053, 0.898784326775, 0.110505235624
0, 9.0, 22, regularization, -0.0023739267505, 0.321521076795, 0.00738342498155, 0.0271435656762, 0.455104650697, 0.0596424704397
0, 9.0, 23, regularization, -0.0381173803276, 0.373075318994, 0.102170737079, -0.0186660894189, 0.756048032107, 0.0246890258636
0, 9.0, 24, regularization, -0.0858044258659, 0.132168995869, 0.64920237384, 0.0465844161135, 0.175908079167, 0.264822493283
0, 9.0, 25, regularization, 0.0109532369173, 0.516377504822, 0.0212116848913, -0.0349728828118, 0.694578534669, 0.050351228934
0, 3.0, 6, no_regularization, -0.0347679919126, 0.00138817152414, 25.0458904451, 0.02059344299, 0.0135187667011, 1.52332261111
0, 3.0, 7, no_regularization, -0.0344288715401, 0.00171181675893, 20.1124748666, 0.0214944309985, 0.0162851034772, 1.31988298561
0, 3.0, 8, no_regularization, -0.0345615941223, 0.0024087813935, 14.3481655145, 0.0204668539585, 0.0154216112663, 1.32715405706
0, 3.0, 9, no_regularization, -0.0344513732049, 0.00139741184757, 24.6537005285, 0.0208572094368, 0.0136318839411, 1.53003132413
0, 3.0, 10, no_regularization, -0.0349410409863, 0.0026782480783, 13.046230209, 0.0200340695254, 0.0168272111384, 1.19057575024
0, 3.0, 6, regularization, -0.0347656976023, 0.00134399735991, 25.8673853382, 0.0178431880812, 0.00310860737258, 5.73992979578
0, 3.0, 7, regularization, -0.0344203999253, 0.00153677889437, 22.3977567959, 0.0177856075808, 0.00360618580066, 4.93197205133
0, 3.0, 8, regularization, -0.0345733043767, 0.00197175179501, 17.5343085596, 0.0181530326475, 0.00457327452199, 3.96937305211
0, 3.0, 9, regularization, -0.0344444159947, 0.00129655794555, 26.5660444356, 0.0179126935218, 0.00316833782138, 5.65365643805
0, 3.0, 10, regularization, -0.0349218284661, 0.00212674847351, 16.4202908342, 0.0184024631418, 0.00503664659881, 3.65371339458
0, 3.0, 11, no_regularization, -0.0343548538206, 0.00256201399453, 13.4093154424, 0.0213514278415, 0.0186483947874, 1.14494722387
0, 3.0, 12, no_regularization, -0.0338447329789, 0.00139055695429, 24.3389764615, 0.0200761862916, 0.0140523807825, 1.42866796754
0, 3.0, 13, no_regularization, -0.034023087196, 0.00158343630198, 21.4868682457, 0.0197347173321, 0.0141594301907, 1.39375081245
0, 3.0, 14, no_regularization, -0.0346641042815, 0.0017509680375, 19.797108536, 0.0207287147128, 0.0146337956154, 1.41649612019
0, 3.0, 15, no_regularization, -0.0345076766954, 0.00152531491834, 22.6233129175, 0.0208908410935, 0.0145606036252, 1.43475103308
0, 3.0, 11, regularization, -0.03431378845, 0.00212718444432, 16.1310828224, 0.018033822559, 0.0042048739117, 4.28879032706
0, 3.0, 12, regularization, -0.0338266743141, 0.00134962720148, 25.0637170598, 0.0169896845601, 0.00307780650236, 5.52006259882
0, 3.0, 13, regularization, -0.0340021594242, 0.00144514715698, 23.5285100621, 0.0169716047396, 0.0031916723283, 5.3174646373
0, 3.0, 14, regularization, -0.0346598324023, 0.00159320686854, 21.75475959, 0.0176111639771, 0.0033498225667, 5.25734232978
0, 3.0, 15, regularization, -0.0344971132062, 0.00139526787181, 24.7243657675, 0.017716051319, 0.00348856545578, 5.0783198835
0, 3.0, 1, no_regularization, -0.035062621431, 0.00172913964197, 20.2774955706, 0.0203308938516, 0.0132494663319, 1.5344688867
0, 3.0, 2, no_regularization, -0.0343704396673, 0.00139206719572, 24.6902159414, 0.0192801244125, 0.0128629911218, 1.49888344242
0, 3.0, 3, no_regularization, -0.0349380597771, 0.00152348382857, 22.9330033715, 0.0205393552192, 0.0130787063505, 1.57044241753
0, 3.0, 4, no_regularization, -0.034592875562, 0.0016917760829, 20.4476679341, 0.0205315475439, 0.0136728036515, 1.50163405161
0, 3.0, 5, no_regularization, -0.0345693980019, 0.00141977732524, 24.3484646412, 0.0215182098005, 0.0148607169994, 1.44799270461
0, 3.0, 1, regularization, -0.0350463966727, 0.00151190902131, 23.1802285579, 0.0178522915807, 0.00351178849919, 5.08353267425
0, 3.0, 2, regularization, -0.0343637750384, 0.00137184222359, 25.0493638755, 0.0170469348028, 0.00319417449137, 5.33688276858
0, 3.0, 3, regularization, -0.0349357429676, 0.00143548069703, 24.3373129572, 0.0175997501313, 0.00316667242982, 5.55780571604
0, 3.0, 4, regularization, -0.034591985557, 0.0015109553322, 22.8941152791, 0.0179618009489, 0.00348743915576, 5.15042704595
0, 3.0, 5, regularization, -0.0345546405495, 0.00134382599368, 25.7136271452, 0.0180057075519, 0.00298934810897, 6.02328898994
0, 5.0, 16, no_regularization, -0.0566157848604, 0.0255456686331, 2.21625770199, 0.0335793472652, 0.0312677351367, 1.07392963124
0, 5.0, 17, no_regularization, -0.0567899726967, 0.0029161036457, 19.4746070773, 0.0335390679874, 0.0192766218258, 1.73988307135
0, 5.0, 18, no_regularization, -0.0566474774109, 0.00247856902145, 22.8549122178, 0.0341894014937, 0.0183289132086, 1.86532617098
0, 5.0, 19, no_regularization, -0.0557730855743, 0.00270188531535, 20.6422845772, 0.0343694312199, 0.0221412357237, 1.55228152795
0, 5.0, 20, no_regularization, -0.0565182459077, 0.0218191796283, 2.59030114195, 0.033771829937, 0.0266281937019, 1.26827340656
0, 5.0, 16, regularization, -0.0559679720017, 0.00312084614005, 17.933588998, 0.0293723874264, 0.00682382147737, 4.3043897798
0, 5.0, 17, regularization, -0.0567397588078, 0.00276416523694, 20.5269055733, 0.0295523105623, 0.0059780879969, 4.9434385338
0, 5.0, 18, regularization, -0.0566099938993, 0.00243335510855, 23.2641728699, 0.0303930402612, 0.00536021580838, 5.67011503785
0, 5.0, 19, regularization, -0.055759897973, 0.00255924978604, 21.7875950511, 0.030460458997, 0.00592528609435, 5.14075751145
0, 5.0, 20, regularization, -0.056491911315, 0.00344096368036, 16.4174680591, 0.0299320090848, 0.00924762993709, 3.23672219675
0, 7.0, 6, no_regularization, -0.0254358208257, 0.444271825416, 0.057252833447, -0.0511582237344, 0.647905625401, 0.078959375762
0, 7.0, 7, no_regularization, -0.0088457243641, 0.443746874424, 0.0199341671433, -0.178937894154, 0.783907321843, 0.228264093431
0, 7.0, 8, no_regularization, -0.0333631818677, 0.303963806093, 0.109760376726, 0.0181095781346, 0.369919753049, 0.0489554234002
0, 7.0, 9, no_regularization, -0.054451708125, 0.17768866077, 0.30644447366, 0.0421356703945, 0.206361254309, 0.204184019601
0, 7.0, 10, no_regularization, -0.00154753289841, 0.488783834997, 0.00316608853977, 0.0443650671984, 0.681402677682, 0.0651084427044
0, 7.0, 6, regularization, -0.0199228824082, 0.37471229462, 0.0531684780411, -0.0278323458278, 0.63308101919, 0.0439633237834
0, 7.0, 7, regularization, -0.00712598046421, 0.317652635502, 0.0224332483594, -0.153520867347, 0.709917740631, 0.216251628267
0, 7.0, 8, regularization, -0.02934459425, 0.225071285976, 0.130379111323, 0.0143523731606, 0.329755880312, 0.0435242372237
0, 7.0, 9, regularization, -0.0516641300361, 0.139945200068, 0.369174005332, 0.0426919730765, 0.171946122595, 0.248286919369
0, 7.0, 10, regularization, -0.00296989262588, 0.423681288715, 0.00700973279913, 0.0474512123035, 0.662759000721, 0.0715964811521
0, 9.0, 11, no_regularization, -0.0220586418344, 0.411683759065, 0.0535815206422, 0.0749201864585, 0.904333214995, 0.0828457754467
0, 9.0, 12, no_regularization, 0.031127334606, 0.519024800491, 0.0599727307377, 0.0163821376824, 0.626488581398, 0.0261491400942
0, 9.0, 13, no_regularization, 0.0338670235595, 0.319235471231, 0.106087908806, -0.0526141924787, 0.451638315789, 0.116496299449
0, 9.0, 14, no_regularization, 0.00311092161127, 0.375710402148, 0.00828010508488, -0.0433208198589, 0.391922274749, 0.110534212138
0, 9.0, 15, no_regularization, -0.0487351732904, 0.415965396665, 0.117161604502, -0.00947919190747, 0.731252480383, 0.0129629535103
0, 9.0, 11, regularization, -0.0316278756562, 0.330995943034, 0.0955536656018, 0.0905703286459, 0.832135260419, 0.108840873538
0, 9.0, 12, regularization, 0.0365207340583, 0.413233950453, 0.0883778644475, 0.0190195460305, 0.547394953808, 0.0347455633236
0, 9.0, 13, regularization, 0.0308707935211, 0.255461510686, 0.120843227765, -0.0431251415045, 0.437431730759, 0.0985871359391
0, 9.0, 14, regularization, -0.00278149373208, 0.3089760573, 0.00900229537651, -0.0302390728375, 0.372193395109, 0.0812455923046
0, 9.0, 15, regularization, -0.0507498249975, 0.348039756712, 0.145816171914, -0.0017678528601, 0.662849642175, 0.0026670495805
0, 3.0, 26, no_regularization, -0.0346559299745, 0.00227412973517, 15.239205327, 0.021571253453, 0.0163734213558, 1.31745546543
0, 3.0, 27, no_regularization, -0.0344224338592, 0.00262733061106, 13.10167579, 0.0204402782921, 0.0162765312686, 1.25581292198
0, 3.0, 28, no_regularization, -0.034102275302, 0.0335465422678, 1.01656603025, 0.0221766235549, 0.0676127618899, 0.327994640878
0, 3.0, 29, no_regularization, -0.0345800316111, 0.0018808035338, 18.385775542, 0.0209278444299, 0.015575777014, 1.34361479437
0, 3.0, 30, no_regularization, -0.0343687977806, 0.0024203114304, 14.2001551324, 0.0218220718376, 0.0187079437546, 1.16646020128
0, 3.0, 26, regularization, -0.0346518756272, 0.001903497808, 18.2043160131, 0.0180399805199, 0.00381378897143, 4.73019893209
0, 3.0, 27, regularization, -0.034421467191, 0.0021437923776, 16.0563436789, 0.0181813931977, 0.00407365847813, 4.46316088972
0, 3.0, 28, regularization, -0.0342135142027, 0.0034874173551, 9.81055913846, 0.0183178758302, 0.00603646572603, 3.03453654201
0, 3.0, 29, regularization, -0.034578623086, 0.00166463336196, 20.7725159643, 0.0179742239543, 0.00329909487527, 5.44822887302
0, 3.0, 30, regularization, -0.0343659095144, 0.00189948456037, 18.0922289296, 0.0182555560673, 0.00378843507649, 4.81875911787
0, 5.0, 6, no_regularization, -0.0556889384834, 0.00206956409686, 26.9085352649, 0.0329765467454, 0.0178055003509, 1.85204268881
0, 5.0, 7, no_regularization, -0.0552604526264, 0.00247795194412, 22.3008572694, 0.0334934125613, 0.0191741787683, 1.74679776203
0, 5.0, 8, no_regularization, -0.055729318561, 0.0197899104786, 2.81604702666, 0.0331069165107, 0.0236230037738, 1.40146938246
0, 5.0, 9, no_regularization, -0.0565065292903, 0.00215017172539, 26.2800076026, 0.0341747639347, 0.0187212863393, 1.82544956128
0, 5.0, 10, no_regularization, -0.0564302319834, 0.0591174096317, 0.954545071155, 0.0343486205082, 0.0766606826282, 0.448060457207
0, 5.0, 6, regularization, -0.0557031626435, 0.00236610063096, 23.542178179, 0.0290882823806, 0.00537716219583, 5.4095973529
0, 5.0, 7, regularization, -0.0552261768092, 0.00245681614645, 22.4787584895, 0.0296141574021, 0.00578197831091, 5.12180361282
0, 5.0, 8, regularization, -0.0557322478954, 0.00311077312253, 17.9158831905, 0.0297827376237, 0.00689178929275, 4.32148116528
0, 5.0, 9, regularization, -0.0565003439209, 0.00229971795065, 24.5683797463, 0.0302443034719, 0.00693233236304, 4.36278901357
0, 5.0, 10, regularization, -0.0558406712539, 0.00370690468035, 15.0639620031, 0.0303403664822, 0.00814764765248, 3.72381916552
0, 1.0, 11, no_regularization, -0.0115766978749, 0.00111618450817, 10.3716704453, 0.00630842783343, 0.00704493100731, 0.895456297142
0, 1.0, 12, no_regularization, -0.0112168424543, 0.000911960436897, 12.2997029262, 0.00575699647496, 0.00655017728656, 0.878906970469
0, 1.0, 13, no_regularization, -0.0113540137702, 0.00102838395329, 11.0406368495, 0.00579911115613, 0.00740295828583, 0.783350511001
0, 1.0, 14, no_regularization, -0.0118806504389, 0.000800510738981, 14.8413379864, 0.00629091030559, 0.00621698567532, 1.01189075126
0, 1.0, 15, no_regularization, -0.0119398169702, 0.000703671189273, 16.9678923227, 0.00624279511394, 0.00551013716217, 1.13296546533
0, 1.0, 11, regularization, -0.011588719773, 0.00100471178001, 11.5343723479, 0.00581993542017, 0.00239711243177, 2.42789422099
0, 1.0, 12, regularization, -0.0112217307716, 0.000911868972379, 12.3062974084, 0.00559307568243, 0.00225116807201, 2.48452159214
0, 1.0, 13, regularization, -0.0113310395349, 0.000944066143226, 12.0023788759, 0.00523494891498, 0.00225813686142, 2.31826024561
0, 1.0, 14, regularization, -0.0118726460977, 0.000751026729928, 15.8085533106, 0.00597276516879, 0.00218040188589, 2.73929554338
0, 1.0, 15, regularization, -0.0119058193485, 0.000699183584933, 17.0281734369, 0.00594695335463, 0.00261645901863, 2.27290139547
0, 0.5, 6, no_regularization, -0.00636666986906, 0.000512292571169, 12.427800494, 0.00306346960453, 0.00394341007607, 0.776857984698
0, 0.5, 7, no_regularization, -0.00614274162731, 0.000707515156924, 8.68213432207, 0.003590630048, 0.00533854202039, 0.672586266866
0, 0.5, 8, no_regularization, -0.00632815952093, 0.000639867325905, 9.88979943926, 0.00312259358267, 0.00400627699493, 0.779425283529
0, 0.5, 9, no_regularization, -0.00605679568913, 0.000532711398371, 11.3697505021, 0.00302627092662, 0.00365852335202, 0.827183711962
0, 0.5, 10, no_regularization, -0.00616320575518, 0.000760519777206, 8.10393883224, 0.00348518000056, 0.00501067490996, 0.69555101123
0, 0.5, 6, regularization, -0.00639415451378, 0.000617139277994, 10.3609586066, 0.003113737798, 0.00193494504332, 1.60921252453
0, 0.5, 7, regularization, -0.00611176146844, 0.000827891724546, 7.38231979766, 0.00285076401224, 0.00192905551965, 1.47780298866
0, 0.5, 8, regularization, -0.00634704745146, 0.000755479300314, 8.40135189518, 0.00331476932107, 0.00234239146741, 1.41512183903
0, 0.5, 9, regularization, -0.00602547794095, 0.000848055597533, 7.10505061046, 0.00298546814701, 0.0021872720033, 1.36492770104
0, 0.5, 10, regularization, -0.00618251120884, 0.000807941987209, 7.65217219395, 0.0031950988392, 0.00211811084039, 1.50846630794
0, 5.0, 26, no_regularization, -0.0562754773281, 0.0217156780327, 2.5914676596, 0.0345336579331, 0.0289515670156, 1.19280790275
0, 5.0, 27, no_regularization, -0.0562819460219, 0.0361488367817, 1.55695040374, 0.0342362305381, 0.0469526743016, 0.729164654567
0, 5.0, 28, no_regularization, -0.0550009913052, 0.166386715872, 0.330561193043, 0.0332884456787, 0.204955682484, 0.162417773809
0, 5.0, 29, no_regularization, -0.0580981729967, 0.0546854438224, 1.06240653702, 0.035248699817, 0.0421003393797, 0.837254528975
0, 5.0, 30, no_regularization, -0.0578911152253, 0.0411865024601, 1.40558463981, 0.0344646802138, 0.052452673321, 0.657062415159
0, 5.0, 26, regularization, -0.0562894880786, 0.00289756775398, 19.4264613834, 0.0303304907227, 0.00654449519725, 4.63450423731
0, 5.0, 27, regularization, -0.0563035404142, 0.00349703611517, 16.1003600077, 0.0307976301296, 0.00741943659005, 4.15093919272
0, 5.0, 28, regularization, -0.0559402023007, 0.00747793349532, 7.48070337021, 0.0314633294501, 0.0130758162283, 2.40622297689
0, 5.0, 29, regularization, -0.0577844391474, 0.0107521754777, 5.37420908609, 0.0310939661951, 0.0170184860905, 1.82707004781
0, 5.0, 30, regularization, -0.0570058288186, 0.0169526117686, 3.36265760089, 0.030643277216, 0.00735086652003, 4.168661903
0, 7.0, 26, no_regularization, -0.045481683272, 0.252191297894, 0.180345966145, 0.0450980610393, 0.27362729381, 0.164815652749
0, 7.0, 27, no_regularization, 0.00397844529633, 0.318013517362, 0.0125103024844, -0.00486597031142, 0.374326787498, 0.0129992575309
0, 7.0, 28, no_regularization, -0.0444575272587, 0.417905997917, 0.10638164439, -0.171460733597, 0.829398282793, 0.206729067511
0, 7.0, 29, no_regularization, -0.039696140249, 0.332859477869, 0.119257953846, 0.0128087197168, 0.366483382713, 0.0349503424193
0, 7.0, 30, no_regularization, -0.0100919142281, 0.547463940232, 0.018433934158, 0.0536595868791, 0.684412468677, 0.0784024098551
0, 7.0, 26, regularization, -0.0431468839385, 0.164813328466, 0.261792443245, 0.0475337803864, 0.254372997923, 0.186866455066
0, 7.0, 27, regularization, 0.000380630795258, 0.216599794972, 0.00175729988714, -0.00147815691823, 0.368103212409, 0.00401560450548
0, 7.0, 28, regularization, -0.0412854367369, 0.307138642527, 0.13441954551, -0.179583011422, 0.798370702304, 0.224936875694
0, 7.0, 29, regularization, -0.0363801666537, 0.266666501671, 0.136425709363, 0.016280176207, 0.353030446549, 0.0461155018388
0, 7.0, 30, regularization, -0.0104179532232, 0.460198620553, 0.0226379496981, 0.0582634735165, 0.61352662044, 0.0949648663569
0, 7.0, 1, no_regularization, -0.0429935410866, 0.276552078686, 0.155462729808, -0.00808107822839, 0.399225796536, 0.0202418738932
0, 7.0, 2, no_regularization, -0.0658611267549, 0.23828209469, 0.276399814432, 0.0320143320532, 0.3001542003, 0.106659617028
0, 7.0, 3, no_regularization, -0.0206279025758, 0.359910136373, 0.057314036175, 0.02462135008, 0.910305776463, 0.0270473402637
0, 7.0, 4, no_regularization, -0.0492230865397, 0.255271865453, 0.192826132454, 0.0364713990297, 0.287069038378, 0.127047483894
0, 7.0, 5, no_regularization, -0.0198893834658, 0.552282796454, 0.0360130418574, -0.0385512156941, 0.822188570623, 0.0468885327181
0, 7.0, 1, regularization, -0.0330621371852, 0.229474460295, 0.144077633488, 0.00122990970461, 0.370710870633, 0.00331770606701
0, 7.0, 2, regularization, -0.065669108181, 0.0979572408173, 0.670385441986, 0.0282694847851, 0.216345782694, 0.130668064952
0, 7.0, 3, regularization, -0.0154043091049, 0.29350808367, 0.052483423667, 0.00325296815605, 0.868833029758, 0.00374406594205
0, 7.0, 4, regularization, -0.0453793804682, 0.190526531365, 0.238178799262, 0.0341336932293, 0.249258433219, 0.136940976433
0, 7.0, 5, regularization, -0.0543098819965, 0.377404365036, 0.143903693301, 0.0460342819225, 0.544537033377, 0.0845383860065
0, 0.5, 21, no_regularization, -0.00614308627816, 0.000642030792952, 9.56821128455, 0.0030280628183, 0.00450744568595, 0.671791304714
0, 0.5, 22, no_regularization, -0.00579359665471, 0.000621766500814, 9.31796204383, 0.00299570286626, 0.00452124682141, 0.662583350255
0, 0.5, 23, no_regularization, -0.00531593826404, 0.000693399269685, 7.66648956301, 0.0028119148087, 0.00503354072395, 0.558635553562
0, 0.5, 24, no_regularization, -0.00610869868471, 0.000565236889963, 10.8073248459, 0.00303141898406, 0.00340043045549, 0.891480953294
0, 0.5, 25, no_regularization, -0.00569529096698, 0.000508948984848, 11.1902983138, 0.00292477204761, 0.00408892134226, 0.715291834397
0, 0.5, 21, regularization, -0.00617242697475, 0.000757019626415, 8.15358910043, 0.00310275533155, 0.00199353326942, 1.5564101082
0, 0.5, 22, regularization, -0.00579556391313, 0.00098437629905, 5.88754922149, 0.00297666047852, 0.00219008492192, 1.3591529939
0, 0.5, 23, regularization, -0.00526464506737, 0.0010935778531, 4.81414748156, 0.00246205602112, 0.0023029971814, 1.0690660158
0, 0.5, 24, regularization, -0.00610192305407, 0.000832431176138, 7.33024330297, 0.00290797580473, 0.00197530562162, 1.47216500217
0, 0.5, 25, regularization, -0.00569711200162, 0.000942080194322, 6.04737477335, 0.00291781728333, 0.00220536318756, 1.32305522273
0, 11.0, 26, no_regularization, -0.0322369050143, 0.526572510561, 0.0612202581177, 0.0220166192536, 0.853498205951, 0.0257957416901
0, 11.0, 27, no_regularization, -0.0553500839132, 0.497852644633, 0.111177643646, -0.0967730908233, 0.716022604466, 0.13515368121
0, 11.0, 28, no_regularization, -0.0159615147968, 0.488020494063, 0.0327066485751, 0.0638185374538, 0.803424608654, 0.0794331375544
0, 11.0, 29, no_regularization, -0.0120095521628, 0.325001134993, 0.0369523391452, 0.0311462636964, 0.444367936853, 0.0700911589549
0, 11.0, 30, no_regularization, 0.0136011613308, 0.320452760217, 0.0424435767742, 0.0712509090395, 0.438684102181, 0.162419628806
0, 11.0, 26, regularization, -0.0261759693487, 0.4701946292, 0.0556704983919, 0.0259183075471, 0.805069343996, 0.0321938821051
0, 11.0, 27, regularization, -0.0515862610765, 0.429969082701, 0.119976675422, -0.0863477848693, 0.715215070294, 0.120729817443
0, 11.0, 28, regularization, -0.0115480639613, 0.408512237369, 0.0282685875843, 0.0632892006211, 0.758648374518, 0.0834236291105
0, 11.0, 29, regularization, -0.0148674320052, 0.219415638485, 0.0677592176559, 0.0144957622755, 0.414928424789, 0.0349355730037
0, 11.0, 30, regularization, 0.0160982472715, 0.24863172119, 0.0647473588425, 0.0669725783112, 0.410823754513, 0.163020218708
0, 1.0, 26, no_regularization, -0.0122141474816, 0.000884710395321, 13.8058143616, 0.00675794456827, 0.00623764567456, 1.08341270423
0, 1.0, 27, no_regularization, -0.0118405036458, 0.00108878424507, 10.8749770208, 0.00625441514674, 0.00665869738186, 0.939285086567
0, 1.0, 28, no_regularization, -0.0116362498106, 0.00191258879338, 6.08403115759, 0.00651694636657, 0.00974521215184, 0.668733144547
0, 1.0, 29, no_regularization, -0.0123328050602, 0.000896374531409, 13.7585402397, 0.00661107327836, 0.00647051928464, 1.02172221232
0, 1.0, 30, no_regularization, -0.0120082146848, 0.00115590846295, 10.3885515763, 0.00690875947251, 0.00747611743357, 0.924110614086
0, 1.0, 26, regularization, -0.0122111053955, 0.00080964598305, 15.0820304815, 0.00609912724168, 0.00239816695424, 2.54324546959
0, 1.0, 27, regularization, -0.0118283864798, 0.000968606675569, 12.2117540361, 0.00584835032846, 0.00223972432534, 2.61119203926
0, 1.0, 28, regularization, -0.0116413515879, 0.00155781331748, 7.47287974579, 0.0061401609959, 0.00281214328903, 2.1834452817
0, 1.0, 29, regularization, -0.0123470024808, 0.000708384391823, 17.4298059406, 0.00623946981564, 0.00263076550559, 2.37173165088
0, 1.0, 30, regularization, -0.0120260830451, 0.000972101104684, 12.371226601, 0.00608933744168, 0.00255591200591, 2.38245191055
0, 1.0, 16, no_regularization, -0.011890502274, 0.000853571820471, 13.9302891554, 0.00623694704624, 0.00631982374843, 0.986886232038
0, 1.0, 17, no_regularization, -0.0118206500142, 0.000853256321238, 13.8535745004, 0.00655723777246, 0.00613275540943, 1.06921560289
0, 1.0, 18, no_regularization, -0.0117386632395, 0.000677217303096, 17.3336729375, 0.00599909839317, 0.0052997938692, 1.13194938166
0, 1.0, 19, no_regularization, -0.011982516034, 0.000913799717978, 13.1128471571, 0.00655204489502, 0.00660748623613, 0.991609314173
0, 1.0, 20, no_regularization, -0.0118708374811, 0.00106332560024, 11.1638781935, 0.00663407427043, 0.00728458403108, 0.910700493278
0, 1.0, 16, regularization, -0.0119122441857, 0.000752760930149, 15.8247375874, 0.00549426787901, 0.00236597657656, 2.32219876285
0, 1.0, 17, regularization, -0.0117969100259, 0.000778266145428, 15.1579380591, 0.00595538108913, 0.00254153233148, 2.34322460327
0, 1.0, 18, regularization, -0.0117375652718, 0.000714891402782, 16.4186689421, 0.00555351074726, 0.00224981680025, 2.4684279834
0, 1.0, 19, regularization, -0.0119992830905, 0.000835680857512, 14.3586908598, 0.00606269656168, 0.00240836162093, 2.51735308726
0, 1.0, 20, regularization, -0.0118565145257, 0.000964124635385, 12.2976989598, 0.00592542871906, 0.00232688647007, 2.54650529593
0, 5.0, 21, no_regularization, -0.0566592449273, 0.0237585148591, 2.38479741951, 0.034305866289, 0.0262308455448, 1.30784446999
0, 5.0, 22, no_regularization, -0.0561023740707, 0.00344089155782, 16.3046039458, 0.0341822300942, 0.0379257039205, 0.901294545933
0, 5.0, 23, no_regularization, -0.0563726716864, 0.060672932638, 0.929123898176, 0.0294673860498, 0.0768664133234, 0.383358410725
0, 5.0, 24, no_regularization, -0.0557039256394, 0.0022299458286, 24.9799456673, 0.0337159279447, 0.0177610339921, 1.8983088462
0, 5.0, 25, no_regularization, -0.0570673075339, 0.00265772364012, 21.4722504148, 0.0340124093344, 0.0185254304909, 1.83598482913
0, 5.0, 21, regularization, -0.0566736606404, 0.00311261812681, 18.2077139988, 0.0305027803527, 0.00730880729757, 4.17342790839
0, 5.0, 22, regularization, -0.0560466434937, 0.00294863961069, 19.0076275481, 0.0297971847287, 0.00795133397639, 3.74744474539
0, 5.0, 23, regularization, -0.0561587343486, 0.00396438497223, 14.1658125389, 0.0297827329835, 0.00840239887935, 3.54455119438
0, 5.0, 24, regularization, -0.055723611569, 0.00233668304817, 23.847312802, 0.0302637003356, 0.00584092640149, 5.18131855383
0, 5.0, 25, regularization, -0.0570441654004, 0.00252093149131, 22.6282092937, 0.0301846126796, 0.00562564049383, 5.36554241471
0, 9.0, 26, no_regularization, -0.0391697445086, 0.568202301325, 0.0689362651599, -0.0519694539093, 0.538166946119, 0.0965675322204
0, 9.0, 27, no_regularization, -0.0223762850046, 0.532854834833, 0.0419932100488, -0.028621065125, 0.815366384466, 0.0351020911215
0, 9.0, 28, no_regularization, -0.00239445465393, 0.33203532368, 0.00721144553956, -0.00388911407668, 0.412191869522, 0.00943520327364
0, 9.0, 29, no_regularization, -0.00464860178987, 0.317055575807, 0.0146617884831, -0.0474214093241, 0.400746876064, 0.118332573893
0, 9.0, 30, no_regularization, 0.0270137205121, 0.519039863503, 0.0520455602963, 0.00571964584379, 0.642528550675, 0.00890177695261
0, 9.0, 26, regularization, -0.0416540000051, 0.473216511055, 0.0880231332426, -0.0549330261221, 0.528641512854, 0.103913568621
0, 9.0, 27, regularization, -0.0200753716999, 0.437644421287, 0.0458714214634, -0.0178193792968, 0.78621713349, 0.0226647048732
0, 9.0, 28, regularization, -0.00267079450915, 0.271157263955, 0.00984961446429, -0.00767890678674, 0.354385712669, 0.0216682177419
0, 9.0, 29, regularization, -0.00194264296931, 0.247291094032, 0.00785569321415, -0.0626005011142, 0.309125173636, 0.202508583749
0, 9.0, 30, regularization, 0.0351689397324, 0.463766160271, 0.0758333460807, -0.00161444767099, 0.609907753046, 0.00264703582292
0, 7.0, 11, no_regularization, -0.0229104696509, 0.503077591517, 0.0455406283985, 0.00939769955749, 0.671331419138, 0.013998599335
0, 7.0, 12, no_regularization, 0.0215585710192, 0.437537308793, 0.0492725319326, 0.0208368284047, 0.617446121901, 0.0337467961424
0, 7.0, 13, no_regularization, -0.012886833668, 0.327946567941, 0.0392955283811, 0.014090856542, 0.359090594494, 0.0392403943686
0, 7.0, 14, no_regularization, -0.0759515732387, 0.116103251178, 0.654172665001, 0.0425012753701, 0.110999947124, 0.3828945551
0, 7.0, 15, no_regularization, -0.0446262485596, 0.250539938565, 0.178120298166, 0.045463047682, 0.23206527715, 0.195906290852
0, 7.0, 11, regularization, -0.0159991912557, 0.425527299361, 0.0375985072632, 0.00716753193311, 0.650999743805, 0.0110100380243
0, 7.0, 12, regularization, 0.0774916216144, 0.315424115709, 0.245674372235, 0.014335853123, 0.625434261731, 0.0229214387509
0, 7.0, 13, regularization, -0.0167070251459, 0.240937823511, 0.069341645502, 0.0109436312738, 0.313160179209, 0.0349457945178
0, 7.0, 14, regularization, -0.0757628426888, 0.0262198017013, 2.88952767653, 0.0414326222464, 0.0191988027262, 2.15808364914
0, 7.0, 15, regularization, -0.0511507938388, 0.183484787606, 0.27877403084, 0.0415030306157, 0.217802247005, 0.190553730213
0, 0.5, 11, no_regularization, -0.00582203456367, 0.000696427433588, 8.3598581602, 0.0030196495975, 0.0046555426303, 0.648613886134
0, 0.5, 12, no_regularization, -0.00574979099921, 0.000633400440779, 9.07765550674, 0.0026713438349, 0.00470565138483, 0.567688427475
0, 0.5, 13, no_regularization, -0.00606696122014, 0.000762268939115, 7.95908229868, 0.00286836937759, 0.00496213858344, 0.578051041776
0, 0.5, 14, no_regularization, -0.00604394687838, 0.000588188410268, 10.275528679, 0.00290999109993, 0.00406067920986, 0.716626689659
0, 0.5, 15, no_regularization, -0.00558348355768, 0.000502501497614, 11.1113769495, 0.00284874743931, 0.00408251626925, 0.697792060442
0, 0.5, 11, regularization, -0.00581336216904, 0.000978169729748, 5.94310168496, 0.00296924950481, 0.00220623744837, 1.34584312627
0, 0.5, 12, regularization, -0.00574462181915, 0.000961920619824, 5.97203313949, 0.00246892455499, 0.0022020617281, 1.12118771399
0, 0.5, 13, regularization, -0.00603483023052, 0.000950697342185, 6.34779331207, 0.00287304608593, 0.00194999750639, 1.47335885123
0, 0.5, 14, regularization, -0.006021112196, 0.00079118319885, 7.61026296407, 0.00268777422238, 0.00199049806371, 1.35030235466
0, 0.5, 15, regularization, -0.00559318836661, 0.000968020444585, 5.77796512243, 0.00258335403671, 0.00204032398862, 1.26614893082
0, 9.0, 6, no_regularization, -0.0591125098599, 0.568130629664, 0.104047391169, 0.0172668369388, 0.778244441845, 0.0221869068514
0, 9.0, 7, no_regularization, -0.025690527812, 0.496879548691, 0.0517037335903, 0.0324510521485, 0.671219248814, 0.0483464266048
0, 9.0, 8, no_regularization, -0.0313179233781, 0.489978681023, 0.0639169102475, -0.0347078485719, 0.865146189395, 0.040117900301
0, 9.0, 9, no_regularization, -0.032716702151, 0.443883600404, 0.0737055888553, 0.0220464587062, 0.831325362068, 0.0265196512848
0, 9.0, 10, no_regularization, 0.00737146300556, 0.82177149023, 0.00897021020223, 0.0254963933492, 0.678161907945, 0.0375963218377
0, 9.0, 6, regularization, -0.0531351935124, 0.528878945721, 0.100467590821, 0.0187808651017, 0.734199809979, 0.0255800462577
0, 9.0, 7, regularization, -0.0284030514213, 0.42947273496, 0.0661347021805, 0.0319388536282, 0.65959586098, 0.0484218527094
0, 9.0, 8, regularization, -0.0301887021321, 0.407584829146, 0.0740672860551, -0.0537686313521, 0.840780054641, 0.0639508882915
0, 9.0, 9, regularization, -0.0388203372622, 0.339112699347, 0.114476211999, 0.023616931677, 0.745084288246, 0.0316969932793
0, 9.0, 10, regularization, 0.00153830418755, 0.706249401657, 0.00217813166841, 0.0254120330253, 0.723135460687, 0.0351414560713
0, 11.0, 21, no_regularization, 0.0161070484001, 0.358952157265, 0.0448724100805, 0.00542860572544, 0.411361174747, 0.0131966895728
0, 11.0, 22, no_regularization, -0.0762544194739, 0.430262283922, 0.177227756937, 0.0272758896574, 0.617169068184, 0.0441951663872
0, 11.0, 23, no_regularization, 0.0181320520359, 0.462526567876, 0.0392021849019, -0.017765643571, 0.865036661132, 0.0205374458323
0, 11.0, 24, no_regularization, 0.007079805347, 0.450465463857, 0.0157166440383, 0.00432360774858, 0.665487909281, 0.00649689902444
0, 11.0, 25, no_regularization, -0.0559464449859, 0.327927329407, 0.170606228786, 0.0632444239621, 0.451441222585, 0.140094481403
0, 11.0, 21, regularization, 0.0137634068842, 0.270744903673, 0.0508353313302, -0.0069483931228, 0.379358449981, 0.0183161680546
0, 11.0, 22, regularization, -0.0654558615592, 0.319518535866, 0.204857791369, 0.013475744542, 0.558111596585, 0.024145250922
0, 11.0, 23, regularization, 0.0175960684784, 0.362382191032, 0.0485566590021, -0.00794654674376, 0.819978582507, 0.0096911637856
0, 11.0, 24, regularization, 0.0152252361899, 0.288871288901, 0.052705951664, 0.0307170136303, 0.677735847914, 0.0453229878939
0, 11.0, 25, regularization, -0.0575547375464, 0.268648422593, 0.214238136934, 0.0256854927923, 0.458921396411, 0.0559692640029
0, 11.0, 6, no_regularization, 0.0215082246573, 0.577423351403, 0.0372486228778, -0.0136488062183, 0.692371096779, 0.0197131369027
0, 11.0, 7, no_regularization, 0.0124924241717, 0.475025392576, 0.0262984344982, 0.0111754428959, 0.487769411536, 0.0229113237353
0, 11.0, 8, no_regularization, -0.0569610085745, 0.522626647674, 0.108989866529, -0.0637001354917, 0.73262694973, 0.0869475734072
0, 11.0, 9, no_regularization, 0.0225937138457, 0.561437844604, 0.0402425915226, 0.0323048744934, 0.704372939031, 0.0458633100497
0, 11.0, 10, no_regularization, -0.0715388121126, 0.690415234622, 0.103617082192, 0.0748705800746, 0.517608561281, 0.144647105313
0, 11.0, 6, regularization, 0.0210176948369, 0.51173551691, 0.0410714014219, -0.00435235024243, 0.656195923056, 0.00663269930444
0, 11.0, 7, regularization, 0.00857002901502, 0.351292348718, 0.0243957178296, -0.00511185538938, 0.459956677762, 0.0111137757892
0, 11.0, 8, regularization, -0.0593599330989, 0.41743224784, 0.142202557196, -0.0674941576991, 0.671524755384, 0.100508815435
0, 11.0, 9, regularization, 0.0230979255556, 0.471822984297, 0.0489546425766, 0.0329174801333, 0.624745998195, 0.05268938133
0, 11.0, 10, regularization, -0.0827293770894, 0.667573677611, 0.123925463007, 0.0554436522862, 0.469401737995, 0.118115566685
0, 5.0, 1, no_regularization, -0.0559763309052, 0.0027417721749, 20.4161131321, 0.0328655952798, 0.0181421411079, 1.81156099957
0, 5.0, 2, no_regularization, -0.0555226742837, 0.00212309062846, 26.1518154427, 0.0316955507118, 0.0159904652295, 1.98215313043
0, 5.0, 3, no_regularization, -0.0557125619389, 0.00211632629411, 26.3251286411, 0.0325922134706, 0.0160489830589, 2.03079617886
0, 5.0, 4, no_regularization, -0.0556765521169, 0.00249336519013, 22.3298826571, 0.0327014162757, 0.0181665056457, 1.80009391533
0, 5.0, 5, no_regularization, -0.0553983831228, 0.00218529216342, 25.3505613804, 0.0337019487052, 0.0193500986073, 1.74169389982
0, 5.0, 1, regularization, -0.0559567795275, 0.00265336814634, 21.0889618181, 0.0294011839688, 0.00606783234542, 4.84541798374
0, 5.0, 2, regularization, -0.0555500130782, 0.00234149812085, 23.7241331024, 0.028635305664, 0.00559914365903, 5.11422949791
0, 5.0, 3, regularization, -0.0556978950501, 0.00234316924833, 23.770325208, 0.0290803241252, 0.00566207055805, 5.13598759096
0, 5.0, 4, regularization, -0.0556982417319, 0.00239369551377, 23.2687246191, 0.0296445688199, 0.00575210436731, 5.15369105408
0, 5.0, 5, regularization, -0.0553694853125, 0.00230323994179, 24.0398250777, 0.0294256160114, 0.00557287489325, 5.28015011552
0, 1.0, 1, no_regularization, -0.0124113239643, 0.000799330542966, 15.5271484038, 0.00649155930064, 0.006018341481, 1.07862927372
0, 1.0, 2, no_regularization, -0.0121023073493, 0.000663100626187, 18.2510871976, 0.0059051079108, 0.00533315896385, 1.10724393382
0, 1.0, 3, no_regularization, -0.0121635523429, 0.000707024481105, 17.2038630458, 0.00656830055428, 0.0060586510123, 1.08411930988
0, 1.0, 4, no_regularization, -0.0120807518364, 0.000762065219605, 15.852648206, 0.00635038435056, 0.00567036822128, 1.11992450979
0, 1.0, 5, no_regularization, -0.0122415308797, 0.000783888435029, 15.6164198025, 0.00675225513854, 0.0058709379893, 1.15011522023
0, 1.0, 1, regularization, -0.0124284338887, 0.00071402138036, 17.4062489312, 0.00612150494374, 0.00240719900121, 2.54299912084
0, 1.0, 2, regularization, -0.0121109901957, 0.000634386065388, 19.0908830702, 0.00563279626611, 0.00210009552429, 2.68216193072
0, 1.0, 3, regularization, -0.0121782463523, 0.000654525950893, 18.6062085632, 0.00597982267659, 0.00218568273351, 2.73590607864
0, 1.0, 4, regularization, -0.0120916592953, 0.000705664774823, 17.1351323273, 0.0060780499212, 0.00235773044127, 2.5779240132
0, 1.0, 5, regularization, -0.0122480182222, 0.000664017451968, 18.4453257756, 0.00637492964383, 0.00242284525314, 2.63117491122
0, 0.5, 1, no_regularization, -0.00680154161624, 0.000598951920433, 11.3557388902, 0.00307009728884, 0.00384336810923, 0.798803862025
0, 0.5, 2, no_regularization, -0.00597591940433, 0.000493744512628, 12.1032624191, 0.00288592963021, 0.00415626751561, 0.694356082559
0, 0.5, 3, no_regularization, -0.00645586346316, 0.000541578329701, 11.9204611948, 0.00307904870287, 0.00375122458982, 0.820811612087
0, 0.5, 4, no_regularization, -0.00619766070723, 0.000518133839373, 11.96150538, 0.00309052159705, 0.00343873217571, 0.898738674352
0, 0.5, 5, no_regularization, -0.00609926841089, 0.000533357210809, 11.4356162948, 0.00299711661063, 0.00417119680388, 0.718526780574
0, 0.5, 1, regularization, -0.00680255599251, 0.000708928320035, 9.59554837953, 0.00310918021842, 0.00197804373847, 1.57184604058
0, 0.5, 2, regularization, -0.00599083939947, 0.000779278327367, 7.68767613455, 0.00271373926534, 0.0022044897865, 1.23100559683
0, 0.5, 3, regularization, -0.00645777662056, 0.000700470447148, 9.21919924939, 0.0030894657929, 0.00188350835413, 1.64027188206
0, 0.5, 4, regularization, -0.00621329527886, 0.000800859331819, 7.75828542167, 0.00312113061676, 0.00205543107921, 1.51847982077
0, 0.5, 5, regularization, -0.00613047304527, 0.000758567717876, 8.08164241742, 0.00305677059204, 0.00200185215569, 1.52697120182
0, 1.0, 6, no_regularization, -0.0125256213205, 0.000717609483691, 17.4546485312, 0.00701646314309, 0.00594859143717, 1.17951673387
0, 1.0, 7, no_regularization, -0.0123053043634, 0.00109612673657, 11.2261693404, 0.00832950184783, 0.0110289483874, 0.755239897337
0, 1.0, 8, no_regularization, -0.0120952949235, 0.00108090491605, 11.1899712398, 0.00621301472609, 0.00668221307665, 0.929783988451
0, 1.0, 9, no_regularization, -0.0119642053735, 0.000707255192681, 16.9163909963, 0.00615266200211, 0.00526918453345, 1.16766872806
0, 1.0, 10, no_regularization, -0.0120811479702, 0.00118273217185, 10.2146100848, 0.00615486303313, 0.00743666820697, 0.827637170549
0, 1.0, 6, regularization, -0.0125182132291, 0.000564674637534, 22.1688958509, 0.00616876761744, 0.00218780793268, 2.8196111392
0, 1.0, 7, regularization, -0.0123129099996, 0.000877906443148, 14.0253099812, 0.0064199000906, 0.00255266090626, 2.51498351185
0, 1.0, 8, regularization, -0.0120821880829, 0.000947074901302, 12.7573733253, 0.00602133942409, 0.00263211935761, 2.28763920097
0, 1.0, 9, regularization, -0.0119801752385, 0.000670943379742, 17.855717189, 0.00584879045232, 0.0020448980396, 2.86018683527
0, 1.0, 10, regularization, -0.0120949387081, 0.000992926982742, 12.1810958089, 0.00633317353013, 0.00255847484027, 2.47537065069
0, 11.0, 1, no_regularization, -0.0580194616758, 0.522037799538, 0.111140346019, -0.0339329512603, 0.705660805074, 0.0480867734417
0, 11.0, 2, no_regularization, -0.0318508723785, 0.50250798818, 0.0633838130492, 0.0273597395767, 0.777278259894, 0.0351994144033
0, 11.0, 3, no_regularization, -0.0696663799559, 0.5594475945, 0.124527088222, 0.0316509206084, 0.591647659681, 0.0534962322432
0, 11.0, 4, no_regularization, 0.0323248885936, 0.394360675697, 0.0819678294152, 0.0144130620918, 0.38502081971, 0.0374345005619
0, 11.0, 5, no_regularization, 0.0281571730948, 0.498389510064, 0.0564963196981, 0.00653619914634, 0.736316523952, 0.00887688777003
0, 11.0, 1, regularization, -0.0579671175613, 0.457969596107, 0.126574161372, -0.0248804122366, 0.647508758457, 0.0384248273272
0, 11.0, 2, regularization, -0.0331538437817, 0.400463084075, 0.0827887640587, 0.040263089958, 0.744919375569, 0.0540502654093
0, 11.0, 3, regularization, -0.0711306951507, 0.497179839601, 0.143068341644, 0.0247606734638, 0.564281842941, 0.0438799755363
0, 11.0, 4, regularization, 0.0317825267502, 0.280196723084, 0.113429330651, 0.00565130756716, 0.346476600651, 0.0163107914259
0, 11.0, 5, regularization, 0.0319137764839, 0.464176760012, 0.0687534991692, 0.0188434556679, 0.693750904986, 0.0271617024676
0, 0.5, 26, no_regularization, -0.00622800495097, 0.000553278985198, 11.2565362459, 0.00298415571857, 0.00366243501307, 0.814801002044
0, 0.5, 27, no_regularization, -0.00597512024732, 0.000662319385084, 9.02150893041, 0.00289849092177, 0.0041156425683, 0.70426206204
0, 0.5, 28, no_regularization, -0.0060915626063, 0.00105722068211, 5.76186477371, 0.00326349432904, 0.00613019925716, 0.532363499478
0, 0.5, 29, no_regularization, -0.00623964870867, 0.000599865679798, 10.4017431215, 0.00298144580258, 0.00436678892611, 0.682754731917
0, 0.5, 30, no_regularization, -0.00637791224731, 0.000737437235182, 8.64875265722, 0.0030448508243, 0.0047843555563, 0.636418173455
0, 0.5, 26, regularization, -0.00622390397458, 0.000763783321711, 8.1487822497, 0.00291637175216, 0.00204262126173, 1.42775942207
0, 0.5, 27, regularization, -0.00597872719098, 0.000956506670942, 6.25058598399, 0.0028524108791, 0.00193236962271, 1.47612074086
0, 0.5, 28, regularization, -0.0060922840575, 0.00107272463042, 5.67926183917, 0.00320660294577, 0.00254691164293, 1.25901617147
0, 0.5, 29, regularization, -0.00625620240726, 0.000671871275269, 9.31160869283, 0.00297983761389, 0.00196916543542, 1.51324899386
0, 0.5, 30, regularization, -0.00637589555393, 0.000854197753091, 7.46419143677, 0.00313302228744, 0.00192427928288, 1.62815362371
0, 3.0, 16, no_regularization, -0.0348271109803, 0.00215802929596, 16.1383865573, 0.0202977899126, 0.0152292756204, 1.3328138789
0, 3.0, 17, no_regularization, -0.0347295306191, 0.00184247047635, 18.849436702, 0.0206065041012, 0.014493003222, 1.42182429587
0, 3.0, 18, no_regularization, -0.0344712947775, 0.00156216225359, 22.0663984795, 0.0205875818531, 0.0135173047355, 1.52305376375
0, 3.0, 19, no_regularization, -0.0343456446339, 0.00189695601267, 18.1056621263, 0.0208904507247, 0.0151540790526, 1.37853647537
0, 3.0, 20, no_regularization, -0.0346515030071, 0.00255304815958, 13.5726006096, 0.0212405362048, 0.0166721032248, 1.27401659637
0, 3.0, 16, regularization, -0.0348247288212, 0.00179314485469, 19.4210349098, 0.0174404328953, 0.00407767425876, 4.27705397455
0, 3.0, 17, regularization, -0.0347230005189, 0.00162009349486, 21.432713994, 0.0175530898549, 0.00342325885639, 5.12759641947
0, 3.0, 18, regularization, -0.0344753758499, 0.0014652579788, 23.5285365094, 0.0179946008854, 0.0032022897929, 5.61929183465
0, 3.0, 19, regularization, -0.0343430901764, 0.00168141743502, 20.4250827077, 0.0180893327259, 0.00356149822602, 5.07913568332
0, 3.0, 20, regularization, -0.0346263800489, 0.0021343191076, 16.2236190107, 0.0181840336494, 0.00404729779041, 4.49288255796
0, 11.0, 11, no_regularization, -0.032912671919, 0.563414298374, 0.0584164654927, -0.0362392251367, 0.670822011668, 0.0540221169049
0, 11.0, 12, no_regularization, -0.0319864362618, 0.521628783726, 0.0613203052817, 0.0694164050096, 0.730310681859, 0.0950505130678
0, 11.0, 13, no_regularization, -0.00951828337415, 0.527825949059, 0.0180329962767, -0.00770925454158, 0.625148396101, 0.012331879262
0, 11.0, 14, no_regularization, 0.00274566095528, 0.31924810461, 0.00860039861044, -0.12438551154, 0.698582642485, 0.178054111246
0, 11.0, 15, no_regularization, 0.00627858571312, 0.339242097267, 0.0185076845229, 0.00882429333147, 0.607674025591, 0.0145214258959
0, 11.0, 11, regularization, -0.0307841411953, 0.53166450562, 0.0579014413598, -0.0326513922297, 0.619131115757, 0.0527374434893
0, 11.0, 12, regularization, -0.0334146252385, 0.411120798326, 0.0812769029797, 0.0667461920245, 0.706395717754, 0.0944883870995
0, 11.0, 13, regularization, -0.00884010835261, 0.453372791974, 0.0194985418382, -0.0204356106596, 0.578924703005, 0.0352992549005
0, 11.0, 14, regularization, -0.000470857582581, 0.206641095337, 0.00227862508091, -0.125715327288, 0.693191474222, 0.181357290104
0, 11.0, 15, regularization, -0.0027578300399, 0.22318163482, 0.0123568860947, -0.000125193640147, 0.584975710997, 0.000214015108309
0, 7.0, 21, no_regularization, -0.0536406553273, 0.221908148601, 0.241724585895, 0.0445763101668, 0.243300936378, 0.183214708625
0, 7.0, 22, no_regularization, 0.033582993666, 0.604828872216, 0.0555247859498, 0.039830838689, 0.681407312, 0.0584537881932
0, 7.0, 23, no_regularization, 0.0306251625057, 0.519791550623, 0.058918161461, 0.00937366100617, 0.48994257197, 0.0191321627114
0, 7.0, 24, no_regularization, -0.0724284034991, 0.0354297968647, 2.04427938934, 0.0447707473739, 0.0498839091702, 0.897498775029
0, 7.0, 25, no_regularization, -0.057686784175, 0.142069903965, 0.406045070525, 0.0333913788877, 0.152474492983, 0.218996490721
0, 7.0, 21, regularization, -0.0521195967601, 0.139891312207, 0.372572077122, 0.0416848570997, 0.193241422959, 0.215713879879
0, 7.0, 22, regularization, 0.0314084242492, 0.527221353803, 0.0595735055544, 0.0353393367559, 0.61455818755, 0.0575036464762
0, 7.0, 23, regularization, 0.0324403094875, 0.431560382092, 0.0751698043511, 0.0181023006826, 0.426512826462, 0.0424425704447
0, 7.0, 24, regularization, -0.0741636070319, 0.0131697599003, 5.63135604546, 0.0427300032454, 0.0131953531162, 3.2382614447
0, 7.0, 25, regularization, -0.0565619845211, 0.0980178440004, 0.577058035686, 0.0297301080729, 0.13707467103, 0.216889873596
0, 11.0, 16, no_regularization, -0.0244044011795, 0.504070520247, 0.0484146566785, -0.0345623908629, 0.720360255543, 0.0479793139571
0, 11.0, 17, no_regularization, 0.0131049302489, 0.500039379936, 0.0262077963752, 0.081789787868, 0.780227366375, 0.104828145478
0, 11.0, 18, no_regularization, 0.00620584699585, 0.348785480284, 0.0177927332032, -0.101925555402, 0.746242441351, 0.136585042278
0, 11.0, 19, no_regularization, -0.0106522931028, 0.357380583916, 0.0298065803857, 0.0280601903162, 0.577028251447, 0.0486287980629
0, 11.0, 20, no_regularization, -0.0315839615962, 0.470843664599, 0.0670795084883, -0.0265009662022, 0.673259094002, 0.0393622105342
0, 11.0, 16, regularization, -0.0218347828513, 0.405584261051, 0.0538353800878, -0.0248178837293, 0.692974698538, 0.0358135495879
0, 11.0, 17, regularization, 0.0111896658802, 0.430059226871, 0.026018895029, 0.07905984584, 0.746592932647, 0.105894179255
0, 11.0, 18, regularization, 0.00896226821226, 0.230998021648, 0.0387980301663, -0.0828299012175, 0.715369816143, 0.115786128165
0, 11.0, 19, regularization, -0.0132749586705, 0.257066981925, 0.0516400767266, 0.025516218699, 0.551075725262, 0.0463025633853
0, 11.0, 20, regularization, -0.0296955985723, 0.355542887134, 0.0835218468626, -0.0210134066455, 0.663761946074, 0.0316580466383
0, 1.0, 21, no_regularization, -0.0119638106936, 0.00105747893256, 11.3135215514, 0.00659087182802, 0.00740256379403, 0.890349885717
0, 1.0, 22, no_regularization, -0.0119411009038, 0.000948991331651, 12.5829399126, 0.0061899152762, 0.00657353870032, 0.94164126179
0, 1.0, 23, no_regularization, -0.0119279074378, 0.00125396092058, 9.51218434489, 0.00611323799166, 0.00754377152456, 0.810368921137
0, 1.0, 24, no_regularization, -0.0120629470601, 0.000718147889002, 16.7973021223, 0.0063346873369, 0.0055001566846, 1.15172852342
0, 1.0, 25, no_regularization, -0.0120516491822, 0.000751818867217, 16.0299903444, 0.00637431650458, 0.00583731920996, 1.09199382033
0, 1.0, 21, regularization, -0.011976521365, 0.000932836025267, 12.8388280905, 0.00616909974526, 0.00255469333827, 2.41481028382
0, 1.0, 22, regularization, -0.0119252199583, 0.000835480003419, 14.2734953674, 0.00579198003442, 0.00248586002401, 2.32997030343
0, 1.0, 23, regularization, -0.0119469008212, 0.00107938246003, 11.0682740026, 0.00578876983276, 0.00286957496315, 2.01729172686
0, 1.0, 24, regularization, -0.0120372452823, 0.000731667355736, 16.4518003816, 0.00600587877166, 0.00223064805894, 2.69243673272
0, 1.0, 25, regularization, -0.0120439957707, 0.000699868355806, 17.2089446119, 0.0056771508926, 0.00192159377651, 2.95439700211
0, 7.0, 16, no_regularization, -0.0178037962856, 0.44127631563, 0.0403461406265, -0.152418762505, 0.568603887907, 0.268057897152
0, 7.0, 17, no_regularization, -0.0658001327628, 0.24658962479, 0.266840637837, 0.0327191704834, 0.286904546305, 0.114042007716
0, 7.0, 18, no_regularization, -0.0497593397214, 0.156680853216, 0.317584048722, 0.0394554521396, 0.181124334589, 0.217836284832
0, 7.0, 19, no_regularization, -0.0527670891747, 0.26955465275, 0.195756551172, 0.0437924772582, 0.282655991985, 0.154932067601
0, 7.0, 20, no_regularization, -0.0237531951592, 0.383673310397, 0.061909949208, 0.0319722372685, 0.550045220732, 0.0581265613506
0, 7.0, 16, regularization, -0.0191588650114, 0.304020177071, 0.0630183996207, -0.141922659704, 0.477872893633, 0.296988302947
0, 7.0, 17, regularization, -0.06454406281, 0.198068906929, 0.325866708767, 0.0360065559939, 0.26267387679, 0.137077034207
0, 7.0, 18, regularization, -0.0502852935584, 0.122031431721, 0.41206837328, 0.0448694429099, 0.155447206711, 0.288647469834
0, 7.0, 19, regularization, -0.0464520187877, 0.192539236951, 0.241260012885, 0.0375850051804, 0.209382677946, 0.179503889955
0, 7.0, 20, regularization, -0.0160484299941, 0.271528860234, 0.0591039566852, 0.0354474018757, 0.512989565754, 0.0690996547339
0, 0.5, 16, no_regularization, -0.00612714776716, 0.000593044293538, 10.3316865771, 0.00295285557402, 0.00391853997698, 0.753560150302
0, 0.5, 17, no_regularization, -0.0061624789751, 0.000588305624002, 10.4749618628, 0.00294445740511, 0.00455562305657, 0.646334731506
0, 0.5, 18, no_regularization, -0.00538184619141, 0.000511668727266, 10.5182238128, 0.00279863955137, 0.00359722317804, 0.777999977442
0, 0.5, 19, no_regularization, -0.00612268718148, 0.000622591328201, 9.83419926386, 0.00302493188697, 0.00408984966149, 0.739619335024
0, 0.5, 20, no_regularization, -0.00631769196764, 0.000634243085331, 9.96099463087, 0.00311053959834, 0.00419715601191, 0.741106499144
0, 0.5, 16, regularization, -0.00611994395404, 0.000816236789299, 7.49775559529, 0.00282327946514, 0.00212686132079, 1.3274393763
0, 0.5, 17, regularization, -0.00617669123052, 0.00080875414402, 7.63729159992, 0.00297750510082, 0.00200681744804, 1.48369504348
0, 0.5, 18, regularization, -0.0053439257546, 0.00106541927122, 5.01579603349, 0.0023996671991, 0.0021697307528, 1.10597464501
0, 0.5, 19, regularization, -0.00610313445615, 0.000913324265489, 6.68233034724, 0.00290618053555, 0.00191009056928, 1.52148834317
0, 0.5, 20, regularization, -0.00634753313249, 0.000802754602997, 7.90718995418, 0.00335139411425, 0.00217922561785, 1.53788303827
0, 9.0, 16, no_regularization, -0.00962532100606, 0.357681314592, 0.0269103266327, 0.012481977683, 0.381414718402, 0.03272547461
0, 9.0, 17, no_regularization, -0.0480810410836, 0.450662017937, 0.106689801159, 0.0225781957242, 0.877999036398, 0.0257155131022
0, 9.0, 18, no_regularization, -0.0177840664634, 0.529782962954, 0.0335685888505, 0.0528573166473, 0.435839015817, 0.121277156769
0, 9.0, 19, no_regularization, 0.00651984636503, 0.542558117216, 0.012016862633, 0.0167098162372, 0.687651447784, 0.0242998342999
0, 9.0, 20, no_regularization, 0.0116086598902, 0.811740462653, 0.0143009501488, 0.0617202773459, 0.68305036253, 0.0903597754011
0, 9.0, 16, regularization, -0.00896883022092, 0.258206688032, 0.0347350809899, 0.00981269522702, 0.326321219436, 0.0300706624104
0, 9.0, 17, regularization, -0.0494279894924, 0.376400095024, 0.13131768601, 0.0226056624863, 0.86214989325, 0.0262201070409
0, 9.0, 18, regularization, -0.010330674965, 0.488177551231, 0.0211617165495, 0.0607512662749, 0.351212495307, 0.172975811187
0, 9.0, 19, regularization, 0.00614676332216, 0.457146696067, 0.013445931853, 0.0270087502343, 0.656171712216, 0.0411611011743
0, 9.0, 20, regularization, 0.015591252727, 0.756041000896, 0.0206222317421, 0.0570382827306, 0.654950998203, 0.0870878628891
0, 3.0, 21, no_regularization, -0.035004212369, 0.00241906571226, 14.4701370416, 0.0216959081615, 0.018315665121, 1.18455475235
0, 3.0, 22, no_regularization, -0.0346089267812, 0.00220462223746, 15.6983478589, 0.0210886200337, 0.0153074860085, 1.37766711151
0, 3.0, 23, no_regularization, -0.0343138711677, 0.00310803517937, 11.040374123, 0.0203700357675, 0.0184736002013, 1.10265652312
0, 3.0, 24, no_regularization, -0.0337769728334, 0.0014486645169, 23.3159385347, 0.0201585191574, 0.0139950677722, 1.4404016819
0, 3.0, 25, no_regularization, -0.0352269244418, 0.00167122298611, 21.0785303544, 0.0211978660931, 0.0139557526379, 1.51893392231
0, 3.0, 21, regularization, -0.034988764783, 0.00199633087764, 17.5265358939, 0.0183680912204, 0.00444697674686, 4.13046711642
0, 3.0, 22, regularization, -0.0345991740512, 0.001851943304, 18.6826313615, 0.0177670838007, 0.00427527111911, 4.15577943614
0, 3.0, 23, regularization, -0.0343191095845, 0.00241375987057, 14.2181125815, 0.0175544846731, 0.00456416634846, 3.84615356515
0, 3.0, 24, regularization, -0.0337625065059, 0.00143203762763, 23.5765498437, 0.0177426342034, 0.00367011663005, 4.83435160021
0, 3.0, 25, regularization, -0.0352134759851, 0.0014819723814, 23.7612228319, 0.0179524863123, 0.00353975981191, 5.07166792841
