cosine, strain percent, trial, regularization, mean axial strain, axial strain std, axial strain SNRe, mean lateral strain, lateral strain std, lateral strain SNRe
0, 11.0, 16, no_regularization, -0.0199239905259, 0.382883804595, 0.0520366499883, -0.068740277905, 0.555761768386, 0.123686589858
0, 11.0, 17, no_regularization, 0.0140137119509, 0.534527165432, 0.0262170247971, -0.0168823824698, 0.865727441354, 0.0195008055231
0, 11.0, 18, no_regularization, 0.00213359102168, 0.488640361944, 0.00436638310677, 0.0300998641424, 0.791721154064, 0.0380182643698
0, 11.0, 19, no_regularization, -0.0184309693022, 0.395061492814, 0.0466534188662, -0.00877353103025, 0.561282847759, 0.0156312117238
0, 11.0, 20, no_regularization, -0.0337719616965, 0.451546429727, 0.074791781029, -0.0249800029886, 0.758527496838, 0.0329322313202
0, 11.0, 16, regularization, -0.0202677157016, 0.358657958557, 0.0565098730366, -0.0518102150795, 0.826786421782, 0.0626645693671
0, 11.0, 17, regularization, 0.0138588663897, 0.409084112811, 0.0338777917687, 0.0798346429711, 0.730292709734, 0.109318690858
0, 11.0, 18, regularization, 0.01009738474, 0.335679957012, 0.0300803921387, 0.0173539826287, 0.703035835618, 0.0246843499997
0, 11.0, 19, regularization, 0.00203450731756, 0.286162351422, 0.0071096260827, 0.0167969876762, 0.705147021931, 0.0238205468559
0, 11.0, 20, regularization, -0.000252606601323, 0.241166502553, 0.00104743651647, -0.00382805140307, 0.37338410777, 0.0102523147702
0, 3.0, 6, no_regularization, -0.0348658101511, 0.00520517405599, 6.69829861136, 0.0207968853077, 0.0171227390025, 1.21457701975
0, 3.0, 7, no_regularization, -0.0343828523244, 0.00555720885064, 6.1870721883, 0.0217164881674, 0.0202943617109, 1.07007495366
0, 3.0, 8, no_regularization, -0.0345983948184, 0.0056189926302, 6.15740170799, 0.0205496643033, 0.019568508284, 1.05013954079
0, 3.0, 9, no_regularization, -0.0344286908851, 0.00553255380174, 6.22292925091, 0.0205714069738, 0.0174637996314, 1.17794565948
0, 3.0, 10, no_regularization, -0.0349531763362, 0.00550894690623, 6.34480181623, 0.0204081975707, 0.0217769302296, 0.937147584876
0, 3.0, 6, regularization, -0.0348685618504, 0.0050418755372, 6.91579187014, 0.0178783024981, 0.00967023061694, 1.8487979456
0, 3.0, 7, regularization, -0.0343601320182, 0.00543320706875, 6.32409764314, 0.0175846478915, 0.0101562893049, 1.73140478413
0, 3.0, 8, regularization, -0.0346234922226, 0.00533966468048, 6.48420721045, 0.0181381972179, 0.0100090063498, 1.81218760225
0, 3.0, 9, regularization, -0.0344021682473, 0.0054103699573, 6.35856115548, 0.0182130030284, 0.00951648419456, 1.91383736431
0, 3.0, 10, regularization, -0.0349245708685, 0.00529793297465, 6.59211262876, 0.0183727207434, 0.0102161579313, 1.79839826937
0, 11.0, 11, no_regularization, -0.0316264093626, 0.56885440625, 0.0555966676448, -0.03634710322, 0.669004671123, 0.0543301187403
0, 11.0, 12, no_regularization, -0.0264471851582, 0.49372908492, 0.0535661883529, 0.0376768103347, 0.740643516519, 0.0508703708253
0, 11.0, 13, no_regularization, -0.0221102416142, 0.528891179217, 0.0418048976483, 0.0285324691896, 0.642597697783, 0.0444017606786
0, 11.0, 14, no_regularization, -0.0459297837385, 0.538361020617, 0.0853140958939, -0.0282827529936, 0.967912459933, 0.0292203625476
0, 11.0, 15, no_regularization, -0.00249127126159, 0.443765368231, 0.00561393799503, 0.00432548710022, 0.663138947921, 0.00652274627177
0, 11.0, 11, regularization, -0.0295362634871, 0.535526294225, 0.0551537129093, -0.0316695915446, 0.622875405817, 0.0508441836824
0, 11.0, 12, regularization, -0.0110431007713, 0.246964987304, 0.0447152484727, -0.0228128047394, 0.377333340424, 0.0604579619541
0, 11.0, 13, regularization, -0.0104576889389, 0.308097705569, 0.0339427679915, -0.121875600781, 0.46802820376, 0.26040225739
0, 11.0, 14, regularization, -0.0184822410678, 0.354053944902, 0.0522017656742, -0.0578174773591, 0.806753518624, 0.0716668425045
0, 11.0, 15, regularization, -0.00967275714459, 0.413540983464, 0.0233900811077, 0.0061552158569, 0.582121196039, 0.0105737703742
0, 3.0, 21, no_regularization, -0.0350641286756, 0.00543102975277, 6.45625788695, 0.0216080515805, 0.0202563346984, 1.066730576
0, 3.0, 22, no_regularization, -0.0346428342456, 0.00553447189302, 6.25946520557, 0.0206706313315, 0.019133553748, 1.0803341399
0, 3.0, 23, no_regularization, -0.0343577267942, 0.00597750420466, 5.7478381642, 0.0206876740389, 0.0225220916651, 0.918550299259
0, 3.0, 24, no_regularization, -0.0337891122809, 0.00585825508214, 5.76777757321, 0.0203044209587, 0.0176083656303, 1.15311218457
0, 3.0, 25, no_regularization, -0.0353300795464, 0.0048331565467, 7.30993900261, 0.0212691936099, 0.0190922865197, 1.11402023995
0, 3.0, 21, regularization, -0.0350002870582, 0.00523626314637, 6.68421087325, 0.0182718864942, 0.0101855419491, 1.79390420123
0, 3.0, 22, regularization, -0.0346384730995, 0.00532935283378, 6.49956461505, 0.0176685327502, 0.0103741905534, 1.7031239844
0, 3.0, 23, regularization, -0.0343807216249, 0.00566443686386, 6.06957451398, 0.0173492560465, 0.0102935807182, 1.68544421241
0, 3.0, 24, regularization, -0.0337608890075, 0.00575726364937, 5.86405123399, 0.0177352319451, 0.0100268371363, 1.76877630543
0, 3.0, 25, regularization, -0.0353222928938, 0.00467779442864, 7.55105711306, 0.0178938338058, 0.00982960797564, 1.82040157147
0, 11.0, 21, no_regularization, -0.00421093089587, 0.422442069999, 0.00996806709114, 0.0357033589386, 0.70738223903, 0.0504725125521
0, 11.0, 22, no_regularization, -0.0323452220511, 0.440610497032, 0.0734100124008, 0.0198894900433, 0.663089407252, 0.0299951859066
0, 11.0, 23, no_regularization, 0.0184554703698, 0.46077271206, 0.0400533058637, -0.0111637972198, 0.867172508008, 0.0128737905281
0, 11.0, 24, no_regularization, -0.0142857138017, 0.47821658575, 0.029872894892, -0.0892027137887, 0.78882622316, 0.113082845334
0, 11.0, 25, no_regularization, -0.0165307151625, 0.468531018494, 0.0352820080421, 0.0388975795825, 0.5355292597, 0.0726339016551
0, 11.0, 21, regularization, 0.00128549792447, 0.298103710568, 0.00431225066613, 0.0297544092138, 0.654422301095, 0.0454666797938
0, 11.0, 22, regularization, -0.0678844454988, 0.312841209037, 0.216993297359, 0.0152241362511, 0.553845185972, 0.0274880718235
0, 11.0, 23, regularization, 0.0165825890284, 0.360586245453, 0.0459878579327, -0.00720568158522, 0.822236411316, 0.0087635155608
0, 11.0, 24, regularization, 0.00768849412084, 0.262574547578, 0.0292811858261, -0.00762623102682, 0.639404317511, 0.0119270871622
0, 11.0, 25, regularization, -0.123140278862, 0.23458422233, 0.52492992768, -0.0589755938846, 0.389203851429, 0.151528803397
0, 5.0, 6, no_regularization, -0.0557616594842, 0.00602812931521, 9.25024274836, 0.0333119150767, 0.0221198874538, 1.50597127342
0, 5.0, 7, no_regularization, -0.0551304798043, 0.00599551515259, 9.19528654356, 0.0339553759084, 0.0222982379687, 1.52278291926
0, 5.0, 8, no_regularization, -0.0557885123497, 0.0209058468881, 2.66856026681, 0.0328539576936, 0.0267318486068, 1.22901929368
0, 5.0, 9, no_regularization, -0.0565021626449, 0.00615738051451, 9.17633115442, 0.0345209506673, 0.0235206456307, 1.46768720593
0, 5.0, 10, no_regularization, -0.0565354655344, 0.059431062877, 0.951278048845, 0.0349887823232, 0.0772360520947, 0.453011014601
0, 5.0, 6, regularization, -0.0557477655841, 0.00618766686766, 9.00949691966, 0.0291342772649, 0.0106328518284, 2.74002475865
0, 5.0, 7, regularization, -0.0551311077811, 0.00601885331872, 9.15973605963, 0.0299351492964, 0.0112348524339, 2.66448976277
0, 5.0, 8, regularization, -0.0557931675819, 0.00632585581714, 8.81986077373, 0.0296954968446, 0.011606497675, 2.55852348194
0, 5.0, 9, regularization, -0.0564625275514, 0.00630433996201, 8.95613623181, 0.0304384100637, 0.0120003490501, 2.53646039267
0, 5.0, 10, regularization, -0.0559011630438, 0.00644969041837, 8.66726298747, 0.0302462079607, 0.0123794785815, 2.44325378985
0, 1.0, 26, no_regularization, -0.0122465937815, 0.002336100701, 5.2423227202, 0.00675239788804, 0.0124376371739, 0.542900375178
0, 1.0, 27, no_regularization, -0.011739259242, 0.0038054823585, 3.0848281863, 0.00593128404291, 0.01251982633, 0.473751303457
0, 1.0, 28, no_regularization, -0.0116826025897, 0.00391242588791, 2.98602527545, 0.00701176808841, 0.0140397728612, 0.499421761146
0, 1.0, 29, no_regularization, -0.0123495995552, 0.00146908302495, 8.40633194003, 0.00678424332358, 0.0132021974996, 0.513872279504
0, 1.0, 30, no_regularization, -0.0120263057323, 0.00307954139291, 3.90522620022, 0.00644596468177, 0.0118906110451, 0.542105418917
0, 1.0, 26, regularization, -0.0122651660465, 0.00232266022182, 5.28065445441, 0.00578164789229, 0.00870231998604, 0.664380062048
0, 1.0, 27, regularization, -0.0117457533117, 0.00309079232526, 3.80024022182, 0.00567093005666, 0.00862687495725, 0.657356236733
0, 1.0, 28, regularization, -0.0116838264847, 0.00351679508926, 3.3222937897, 0.00636292277144, 0.00917906356739, 0.693199554042
0, 1.0, 29, regularization, -0.0123807542625, 0.00108515037389, 11.4092521741, 0.0063682923053, 0.00918123354459, 0.693620554838
0, 1.0, 30, regularization, -0.0120490398458, 0.00286716759385, 4.20241909529, 0.00582625746232, 0.00901383920398, 0.646368027039
0, 0.5, 16, no_regularization, -0.00606029476604, 0.0058767725545, 1.03122840128, 0.00300810987318, 0.00976890511969, 0.307927023175
0, 0.5, 17, no_regularization, -0.00642142579588, 0.00582975692593, 1.10149117321, 0.00294893140373, 0.0116589908701, 0.252931959256
0, 0.5, 18, no_regularization, -0.00520800315182, 0.00561263097396, 0.927907638323, 0.00270699603319, 0.00926274103151, 0.292245678032
0, 0.5, 19, no_regularization, -0.00606717282342, 0.00587126986554, 1.03336636918, 0.00306115225517, 0.0104860664671, 0.29192569633
0, 0.5, 20, no_regularization, -0.00643287882738, 0.00592340168146, 1.08601090612, 0.00393319890808, 0.0116162448076, 0.338594698477
0, 0.5, 16, regularization, -0.00609414253054, 0.00597039277815, 1.02072723805, 0.00315918400204, 0.00743007141463, 0.425188914849
0, 0.5, 17, regularization, -0.00642750978852, 0.00591518271119, 1.0866122151, 0.002959897563, 0.00766755186335, 0.386029024094
0, 0.5, 18, regularization, -0.005199944212, 0.00574055174305, 0.905826555486, 0.00219302086226, 0.00563882883794, 0.388914245367
0, 0.5, 19, regularization, -0.00606288731711, 0.00595773651574, 1.01764945481, 0.00280166669858, 0.00634830008581, 0.441325498276
0, 0.5, 20, regularization, -0.00643269829775, 0.00598877761922, 1.07412542371, 0.00394774115415, 0.00771687268701, 0.511572668652
0, 9.0, 6, no_regularization, 0.0162564809682, 0.576699856699, 0.0281888070188, 0.0684591326211, 0.71904015781, 0.0952090531767
0, 9.0, 7, no_regularization, -0.0119498067096, 0.457921154792, 0.0260957734417, 0.0324474550626, 0.799078681009, 0.0406060827723
0, 9.0, 8, no_regularization, -0.0195708150401, 0.564378292822, 0.0346767678506, -0.0323992147299, 0.802241645341, 0.0403858549579
0, 9.0, 9, no_regularization, -0.0350143004092, 0.422523731909, 0.0828694290164, 0.0078656857249, 0.806955638461, 0.00974735828093
0, 9.0, 10, no_regularization, 0.00195536961541, 0.699894193415, 0.0027938074552, 0.00542243653422, 0.747370663905, 0.00725535105417
0, 9.0, 6, regularization, -0.0282327934938, 0.451850707631, 0.0624825700546, 0.0648484631539, 0.486049041713, 0.133419588536
0, 9.0, 7, regularization, -0.0300521788403, 0.429300160784, 0.0700027197413, 0.0246425298488, 0.665096332456, 0.0370510686141
0, 9.0, 8, regularization, -0.0218496738348, 0.387396493984, 0.0564013205439, -0.0461541645166, 0.533124815741, 0.0865729059197
0, 9.0, 9, regularization, -0.0337728968348, 0.289324952575, 0.116729983136, 0.0107144445593, 0.489312278663, 0.0218969460333
0, 9.0, 10, regularization, 0.00507592556648, 0.704654651044, 0.0072034230654, -0.0040418874349, 0.676754302678, 0.00597245916118
0, 11.0, 26, no_regularization, -0.0312835916462, 0.524086430877, 0.059691664968, 0.0221765589033, 0.864209418902, 0.0256610937329
0, 11.0, 27, no_regularization, 0.00400810721375, 0.426144896854, 0.00940550325334, -0.150539250601, 0.83057881956, 0.181246194889
0, 11.0, 28, no_regularization, -0.00495752910292, 0.483942586489, 0.0102440439038, 0.0908573620002, 0.795718787179, 0.114182753335
0, 11.0, 29, no_regularization, -0.00552476246994, 0.409693763415, 0.0134851026871, -0.0732294002919, 0.44305819259, 0.165281675222
0, 11.0, 30, no_regularization, 0.00831737884494, 0.341840141599, 0.0243311941249, 0.0763702909334, 0.466687978278, 0.163643150216
0, 11.0, 26, regularization, -0.024493310216, 0.469962202541, 0.0521176172967, 0.0191129404815, 0.817392147267, 0.0233828286036
0, 11.0, 27, regularization, -0.00795948379554, 0.330957572653, 0.0240498615328, -0.0648335062142, 0.624886355318, 0.10375247541
0, 11.0, 28, regularization, -0.0120211313379, 0.375033121756, 0.0320535191175, 0.0686856363512, 0.671726952365, 0.102252315631
0, 11.0, 29, regularization, -0.026555936765, 0.44748638134, 0.059344681475, -0.0781161324217, 0.417363659259, 0.187165630473
0, 11.0, 30, regularization, 0.00261956191781, 0.325925191635, 0.00803731035537, 0.0966311829532, 0.402925741793, 0.239823801088
0, 9.0, 11, no_regularization, -0.0198932176135, 0.509523497831, 0.0390427874244, 0.0878014080893, 0.825100239413, 0.10641301977
0, 9.0, 12, no_regularization, -0.0297286999177, 0.529824415987, 0.0561104755098, -0.00910280257417, 0.678718370249, 0.0134117521688
0, 9.0, 13, no_regularization, 0.0180662385301, 0.411772789898, 0.0438742893491, -0.0286458140666, 0.566165047401, 0.0505962248961
0, 9.0, 14, no_regularization, -0.00679010001389, 0.44891857624, 0.0151254601018, -0.041651890593, 0.423985378358, 0.0982389787931
0, 9.0, 15, no_regularization, -0.0223084930954, 0.384970419535, 0.057948590238, -0.117306463952, 0.902029883982, 0.130047203574
0, 9.0, 11, regularization, -0.0334616100671, 0.512839955189, 0.0652476659209, 0.056007779274, 0.858865662067, 0.0652113383357
0, 9.0, 12, regularization, -0.0309922091854, 0.391265702251, 0.079210135228, 0.0253555284642, 0.533178398165, 0.0475554308867
0, 9.0, 13, regularization, 0.0224783060799, 0.457587816952, 0.0491234802308, -0.0351757339569, 0.636253027921, 0.0552857627599
0, 9.0, 14, regularization, -0.00726876811966, 0.289064408435, 0.0251458426135, 0.0172850633723, 0.503277939019, 0.0343449653407
0, 9.0, 15, regularization, -0.026366308149, 0.283959235486, 0.0928524409637, -0.0099588711689, 0.549341176811, 0.0181287542046
0, 9.0, 21, no_regularization, -0.0124991360307, 0.553647686964, 0.0225759744419, -0.0935669492069, 0.874418087656, 0.107004819008
0, 9.0, 22, no_regularization, -0.0107607050333, 0.461323720285, 0.0233257137237, 0.0301163106231, 0.57384205895, 0.0524818809521
0, 9.0, 23, no_regularization, -0.0223665258835, 0.504806887718, 0.0443070933215, -0.0351675128989, 0.548939626115, 0.0640644457529
0, 9.0, 24, no_regularization, -0.0667314359857, 0.19506874328, 0.342091894702, 0.0551132981044, 0.208991627338, 0.263710555329
0, 9.0, 25, no_regularization, 0.0129293362044, 0.550152224468, 0.0235013794898, -0.0844287917397, 0.780719054982, 0.108142348007
0, 9.0, 21, regularization, -0.0197756315986, 0.40438308881, 0.048903211202, -0.124661662075, 0.81433114864, 0.153084727612
0, 9.0, 22, regularization, -0.00714663074837, 0.425787818556, 0.0167844885103, -0.166698036242, 0.767838474004, 0.217100395312
0, 9.0, 23, regularization, -0.00693647853422, 0.242165845063, 0.0286435047536, 0.0511744746012, 0.330888261261, 0.15465787274
0, 9.0, 24, regularization, -0.0923245402365, 0.0759691600921, 1.21528973237, 0.0534593817019, 0.139930572558, 0.382042185097
0, 9.0, 25, regularization, -0.00793898373238, 0.318563962247, 0.024921160813, -0.0607030313696, 0.697931832104, 0.0869755878401
0, 5.0, 21, no_regularization, -0.0567060628221, 0.0245991863407, 2.30520075082, 0.0343656059607, 0.0294944486177, 1.16515505701
0, 5.0, 22, no_regularization, -0.0560543383783, 0.00650840658943, 8.61260549846, 0.0341158381123, 0.0397600992974, 0.858042075227
0, 5.0, 23, no_regularization, -0.0563652035626, 0.0608207047249, 0.926743677462, 0.0297703283395, 0.0783221494127, 0.380101013094
0, 5.0, 24, no_regularization, -0.0558002780857, 0.00604156799065, 9.23605894564, 0.0337768826805, 0.0195940886703, 1.72383024538
0, 5.0, 25, no_regularization, -0.0570230972123, 0.00627515317577, 9.08712434821, 0.0334722332878, 0.0207658852005, 1.61188569448
0, 5.0, 21, regularization, -0.0566921034871, 0.00647022467793, 8.76199920545, 0.0305026555465, 0.0119646950979, 2.54938845468
0, 5.0, 22, regularization, -0.055962917284, 0.00627723021425, 8.91522460925, 0.0298457460679, 0.0123334978666, 2.41989307418
0, 5.0, 23, regularization, -0.0561434629621, 0.00672539369715, 8.34798161867, 0.029481110843, 0.0128378519396, 2.29642084841
0, 5.0, 24, regularization, -0.0557630057354, 0.00617159373766, 9.03543041, 0.0304917275649, 0.0112202494384, 2.71756236191
0, 5.0, 25, regularization, -0.0570096947042, 0.00643404783949, 8.86062648684, 0.0301145009141, 0.0111845283784, 2.69251414948
0, 3.0, 1, no_regularization, -0.0349072398304, 0.00529068784184, 6.59786418588, 0.0207115526175, 0.0184671235537, 1.12153647303
0, 3.0, 2, no_regularization, -0.0343122753335, 0.00559678732992, 6.13070915703, 0.0191432559928, 0.0160977552279, 1.18918791607
0, 3.0, 3, no_regularization, -0.0350345639972, 0.00509601191135, 6.87489837283, 0.0209123873616, 0.0173047081764, 1.20847963158
0, 3.0, 4, no_regularization, -0.0345734429278, 0.00543200956485, 6.36476105482, 0.0207989982715, 0.0172545245618, 1.20542285573
0, 3.0, 5, no_regularization, -0.0346135901424, 0.00538780237216, 6.42443574421, 0.0213271000086, 0.0185098668814, 1.15220169573
0, 3.0, 1, regularization, -0.0348866432546, 0.00504467346884, 6.91554041506, 0.0178847952941, 0.00976346109006, 1.83180893836
0, 3.0, 2, regularization, -0.0343281982566, 0.00543926758184, 6.31118027199, 0.0174286002653, 0.010020502691, 1.73929400576
0, 3.0, 3, regularization, -0.0350326625929, 0.00493821516006, 7.09419526233, 0.0177223852649, 0.00987328914156, 1.79498290902
0, 3.0, 4, regularization, -0.0345441262942, 0.00531113170179, 6.50409898188, 0.0183804840763, 0.00970056901008, 1.89478411599
0, 3.0, 5, regularization, -0.0346133663777, 0.00527384699227, 6.56321020091, 0.0179355137953, 0.00962527714007, 1.86337635107
0, 9.0, 26, no_regularization, -0.036306562927, 0.508196152486, 0.07144202637, -0.00395392782083, 0.793732574926, 0.00498143574515
0, 9.0, 27, no_regularization, -0.0266088679517, 0.476629255452, 0.0558271814987, -0.169779201325, 0.851070889246, 0.199488906824
0, 9.0, 28, no_regularization, 0.0010030598518, 0.478713213982, 0.00209532518114, 0.0376527696257, 0.690487755693, 0.0545306840205
0, 9.0, 29, no_regularization, 0.0203333659816, 0.388928617948, 0.052280457244, -0.100160443329, 0.5597949683, 0.178923443404
0, 9.0, 30, no_regularization, 0.0160693306317, 0.41473721431, 0.0387458131974, 0.0244965055115, 0.549168967202, 0.0446064999562
0, 9.0, 26, regularization, -0.0602300786856, 0.416742456196, 0.144525900326, -0.0729871610916, 0.84040000887, 0.0868481203252
0, 9.0, 27, regularization, -0.0196417632995, 0.437218077576, 0.0449244079943, -0.0178707462096, 0.784818803244, 0.0227705377798
0, 9.0, 28, regularization, -0.00355566893935, 0.367348268497, 0.0096792859645, 0.0137778204098, 0.638249167913, 0.0215868991336
0, 9.0, 29, regularization, -0.00648969093446, 0.268999374143, 0.0241253012396, -0.00789062513213, 0.499650998093, 0.0157922733313
0, 9.0, 30, regularization, 0.0315726373643, 0.464567194588, 0.0679614009169, 0.0130923847197, 0.613615644423, 0.0213364584797
0, 7.0, 6, no_regularization, -0.00289126944355, 0.308525877629, 0.00937123804905, 0.0207611944491, 0.508896831958, 0.0407964702183
0, 7.0, 7, no_regularization, 0.0187300498505, 0.683337761276, 0.0274096514372, -0.0303924014784, 0.619720162331, 0.0490421376063
0, 7.0, 8, no_regularization, -0.00724596716232, 0.34906919788, 0.0207579677792, 0.0197452469332, 0.478080463428, 0.041301095618
0, 7.0, 9, no_regularization, -0.0432534148335, 0.340790941581, 0.126920670581, -0.00327117014427, 0.41549348544, 0.00787297577196
0, 7.0, 10, no_regularization, 0.00349628158176, 0.497461746237, 0.00702824208738, 0.0452354590722, 0.67293031529, 0.0672216097929
0, 7.0, 6, regularization, -0.00136362946895, 0.350375290715, 0.00389191105961, 0.02033628295, 0.531385340822, 0.0382703123096
0, 7.0, 7, regularization, -0.0112715580249, 0.390480991581, 0.0288658302657, -0.0997961186791, 0.743830473467, 0.13416513875
0, 7.0, 8, regularization, 0.0208580323911, 0.246105026485, 0.0847525655569, 0.0522125114489, 0.344796698601, 0.151429847388
0, 7.0, 9, regularization, -0.0543147768918, 0.115338888216, 0.470914690888, 0.035160487663, 0.157580261784, 0.22312748605
0, 7.0, 10, regularization, 0.0163456301401, 0.273390096106, 0.0597886696442, 0.056099885887, 0.497299030076, 0.112809160071
0, 11.0, 1, no_regularization, -0.0385222546288, 0.434280933206, 0.0887035365436, 0.0231600934375, 0.678251330911, 0.0341467718262
0, 11.0, 2, no_regularization, -0.0371836392219, 0.500707552287, 0.0742621896795, 0.0174063156821, 0.765728422528, 0.0227317090106
0, 11.0, 3, no_regularization, -0.0714136312484, 0.556268990613, 0.12837967324, 0.0315839681257, 0.592089763737, 0.0533432091891
0, 11.0, 4, no_regularization, -0.0419565290399, 0.443389739543, 0.0946267477527, 0.0177113578577, 0.514727364912, 0.034409201968
0, 11.0, 5, no_regularization, 0.000305355837638, 0.542786141884, 0.000562571175046, -0.0346479632653, 0.783076280671, 0.0442459618821
0, 11.0, 1, regularization, -0.0333635445741, 0.345430363158, 0.0965854427766, 0.0322393480748, 0.648183711321, 0.0497379793903
0, 11.0, 2, regularization, -0.0360978640921, 0.433973475393, 0.0831798857278, 0.0505142569065, 0.700056561802, 0.072157393649
0, 11.0, 3, regularization, -0.0850748977794, 0.414141953288, 0.205424485744, -0.0121722898984, 0.74354708775, 0.0163705703363
0, 11.0, 4, regularization, -0.0388928982772, 0.3654909108, 0.106412764662, -0.18988989734, 0.848533946561, 0.223785858079
0, 11.0, 5, regularization, 0.00182334626257, 0.482779043878, 0.00377677176689, -0.0283595642664, 0.740294321996, 0.0383084989629
0, 11.0, 6, no_regularization, 0.0206739387702, 0.63345023871, 0.0326370368292, 0.0134758357915, 0.703723774688, 0.0191493257387
0, 11.0, 7, no_regularization, 0.0130623199686, 0.328309819787, 0.0397865649497, 0.00978190597, 0.385410788681, 0.0253804674319
0, 11.0, 8, no_regularization, -0.00258293829652, 0.424637613862, 0.00608268841998, -0.0956111908164, 0.731917997154, 0.130631014934
0, 11.0, 9, no_regularization, -0.00331845615377, 0.493157141939, 0.00672900353977, -0.0460453293666, 0.871057923043, 0.052861386308
0, 11.0, 10, no_regularization, -0.116300516781, 0.509746108433, 0.228153810019, 0.0805842898173, 0.747339177721, 0.107828268903
0, 11.0, 6, regularization, -0.0167058444194, 0.370459795614, 0.0450948918538, 0.00537508950234, 0.590331850557, 0.00910519989268
0, 11.0, 7, regularization, -0.0197272860493, 0.422137568194, 0.0467318891652, -0.0105776551604, 0.69206081647, 0.0152842855839
0, 11.0, 8, regularization, -0.0616818399853, 0.428737039808, 0.143868698662, -0.0397539134061, 0.641332958817, 0.0619863876627
0, 11.0, 9, regularization, 0.023130771427, 0.471672913729, 0.0490398552762, 0.0328601909177, 0.624028018295, 0.0526581979564
0, 11.0, 10, regularization, -0.130887163, 0.456712899517, 0.286585211712, 0.0731300470091, 0.54703657396, 0.133684017651
0, 3.0, 16, no_regularization, -0.034929857768, 0.00538035495922, 6.49211028506, 0.0201913216309, 0.019511812324, 1.0348255352
0, 3.0, 17, no_regularization, -0.0347287930651, 0.00532653436052, 6.51996039349, 0.0202621006783, 0.0184256233173, 1.09966975496
0, 3.0, 18, no_regularization, -0.0344761994009, 0.00556667972613, 6.19331470411, 0.020623606716, 0.0167698155281, 1.22980522246
0, 3.0, 19, no_regularization, -0.0343553164139, 0.00562213502292, 6.11072417754, 0.0211282836159, 0.0193317256272, 1.09293314127
0, 3.0, 20, no_regularization, -0.0346771633813, 0.00547233913149, 6.33680818167, 0.0216012272639, 0.0206205074981, 1.04756040878
0, 3.0, 16, regularization, -0.0349051358905, 0.00512435792588, 6.8116116, 0.017443505999, 0.0100577166849, 1.73434056112
0, 3.0, 17, regularization, -0.0347475402212, 0.00515803223838, 6.73658841499, 0.0177020997105, 0.00976103888092, 1.8135466856
0, 3.0, 18, regularization, -0.0344790008607, 0.00538303735232, 6.40512012161, 0.0182312305178, 0.00983607131161, 1.85350735474
0, 3.0, 19, regularization, -0.0343534120066, 0.00541784696304, 6.34078670751, 0.0182117991627, 0.00955986283586, 1.90502724521
0, 3.0, 20, regularization, -0.0346663645795, 0.0052764077942, 6.57006924629, 0.0182986445881, 0.0095799365588, 1.91010081077
0, 1.0, 11, no_regularization, -0.0116978856793, 0.00308780800393, 3.78841095833, 0.00666344758977, 0.012285975423, 0.542362112928
0, 1.0, 12, no_regularization, -0.0112615643928, 0.00368794739316, 3.05361307857, 0.00569004992292, 0.0119100516952, 0.477751908097
0, 1.0, 13, no_regularization, -0.0113168679138, 0.00368736642421, 3.06909230378, 0.00577322440006, 0.0133880680265, 0.43122162127
0, 1.0, 14, no_regularization, -0.0119009593067, 0.00273067556796, 4.35824725806, 0.00643376759596, 0.0127698448476, 0.503825040379
0, 1.0, 15, no_regularization, -0.0118567904231, 0.00290342321874, 4.08372790663, 0.00635505451102, 0.0126872815302, 0.500899621082
0, 1.0, 11, regularization, -0.0116977760487, 0.00318508000921, 3.67267886987, 0.00589960903501, 0.00891274387817, 0.66192960503
0, 1.0, 12, regularization, -0.0112587119764, 0.00359066741002, 3.13554854591, 0.00540109122276, 0.00848848927147, 0.636284154933
0, 1.0, 13, regularization, -0.0113114478376, 0.00361112373396, 3.13238999019, 0.00558935891587, 0.00864715310373, 0.646381398459
0, 1.0, 14, regularization, -0.0119132103406, 0.00260054076009, 4.58105118881, 0.00585559577719, 0.00864994964987, 0.676951429108
0, 1.0, 15, regularization, -0.0118478329902, 0.00289328973741, 4.0949348546, 0.0057810771524, 0.00904141093872, 0.639399889197
0, 3.0, 26, no_regularization, -0.0346817682363, 0.00547458501095, 6.33504971918, 0.0212808799234, 0.0191869950135, 1.10913042446
0, 3.0, 27, no_regularization, -0.0343802000008, 0.00562302521518, 6.11418207908, 0.0205794386566, 0.0196206386446, 1.04886691149
0, 3.0, 28, no_regularization, -0.0340777953156, 0.0336507071229, 1.0126918044, 0.0220346684054, 0.0684364307247, 0.321972788061
0, 3.0, 29, no_regularization, -0.0345787305919, 0.00547032147561, 6.32115146177, 0.0210539065283, 0.0194307476022, 1.08353558799
0, 3.0, 30, no_regularization, -0.0344216969167, 0.00568984542583, 6.04967171171, 0.0215981952611, 0.0223303012635, 0.967214683143
0, 3.0, 26, regularization, -0.0346735770172, 0.00532984827222, 6.50554673347, 0.0179655694488, 0.00954595763511, 1.88200808504
0, 3.0, 27, regularization, -0.034366827127, 0.00546902934849, 6.2838988305, 0.0184388065567, 0.00950433914463, 1.94004088828
0, 3.0, 28, regularization, -0.0341791373987, 0.00616415646067, 5.5448198982, 0.0184129592797, 0.0105674147452, 1.74242799433
0, 3.0, 29, regularization, -0.0345591574704, 0.00530914544542, 6.50936347962, 0.0179919766517, 0.00958540398753, 1.87701808657
0, 3.0, 30, regularization, -0.034401471881, 0.00551703065122, 6.23550494022, 0.0183577593664, 0.00942500712719, 1.94777140416
0, 1.0, 1, no_regularization, -0.0124339677237, 0.00276637009791, 4.49468700269, 0.00617791221699, 0.0118499817441, 0.521343606294
0, 1.0, 2, no_regularization, -0.0120826900285, 0.00229033442287, 5.27551343936, 0.0061456140061, 0.0109969269361, 0.558848307517
0, 1.0, 3, no_regularization, -0.0121613493543, 0.00244991631623, 4.96398561606, 0.00641421290478, 0.0118436887004, 0.541572230326
0, 1.0, 4, no_regularization, -0.0121747310625, 0.00306537966763, 3.97168781116, 0.00692690527042, 0.0128235306218, 0.540171460942
0, 1.0, 5, no_regularization, -0.012132688925, 0.0023739264943, 5.11081069869, 0.00651721360204, 0.012209675303, 0.533774522281
0, 1.0, 1, regularization, -0.0124179114505, 0.00265255721486, 4.68148674832, 0.00608501811212, 0.00908882569524, 0.669505425251
0, 1.0, 2, regularization, -0.0120853492558, 0.00209283609483, 5.77462768618, 0.00516790612198, 0.00833122041045, 0.620306013691
0, 1.0, 3, regularization, -0.0121718154314, 0.0024062323947, 5.05845381277, 0.00589256004138, 0.0088246233099, 0.667740688124
0, 1.0, 4, regularization, -0.0122534862267, 0.00236631712033, 5.178294203, 0.00573248843613, 0.00873084986792, 0.656578514446
0, 1.0, 5, regularization, -0.0121304287413, 0.00218700973773, 5.54658195254, 0.00621123078279, 0.0090410026099, 0.687006856518
0, 7.0, 26, no_regularization, -0.0647343190155, 0.245884508394, 0.263271238349, 0.0250996925728, 0.256454011386, 0.0978720997079
0, 7.0, 27, no_regularization, 0.00676278196103, 0.329593285966, 0.0205185671219, -0.000540623010267, 0.35694877218, 0.00151456750212
0, 7.0, 28, no_regularization, -0.0280812406103, 0.392289626577, 0.0715829293151, -0.143541149626, 0.799740010053, 0.179484767327
0, 7.0, 29, no_regularization, -0.0268141039401, 0.336359975472, 0.079718473943, 0.0150930428288, 0.37424762035, 0.0403290281838
0, 7.0, 30, no_regularization, -0.0131483740155, 0.608970059844, 0.0215911665983, 0.0531739755494, 0.761217405113, 0.0698538619746
0, 7.0, 26, regularization, -0.0433019138848, 0.162575306686, 0.266349882817, 0.0446054290935, 0.247278382657, 0.180385477348
0, 7.0, 27, regularization, 0.00553265389023, 0.237528860548, 0.0232925543341, -0.000672301485015, 0.340346013718, 0.00197534702308
0, 7.0, 28, regularization, -0.039835033452, 0.322475753056, 0.123528770999, -0.181812410588, 0.815147090564, 0.223042457849
0, 7.0, 29, regularization, -0.0273197035466, 0.348531940829, 0.0783850785142, -0.036032169673, 0.495828424607, 0.0726706414656
0, 7.0, 30, regularization, -0.00800903455596, 0.531131707116, 0.0150791874193, 0.0581545217352, 0.755488969364, 0.0769760037452
0, 3.0, 11, no_regularization, -0.0342653978583, 0.00571316546438, 5.99762042111, 0.0212984285202, 0.0218349402153, 0.975428753649
0, 3.0, 12, no_regularization, -0.0338440641494, 0.00582901685963, 5.80613591698, 0.0202892171777, 0.0176171477273, 1.15167435114
0, 3.0, 13, no_regularization, -0.034020403093, 0.00578721308333, 5.87854682437, 0.0197630989139, 0.0171673243271, 1.15120437741
0, 3.0, 14, no_regularization, -0.0346589471325, 0.00538283035302, 6.43879610901, 0.0210417237354, 0.0177821495222, 1.18330597261
0, 3.0, 15, no_regularization, -0.0345117897229, 0.00547226979755, 6.30666816507, 0.0207424026903, 0.018506927703, 1.12079125305
0, 3.0, 11, regularization, -0.0342101643317, 0.00555999745812, 6.15291006684, 0.0181207397485, 0.00986710706651, 1.83647948952
0, 3.0, 12, regularization, -0.0338358860479, 0.00575197964344, 5.8824766681, 0.0171445949499, 0.0100199713776, 1.71104230779
0, 3.0, 13, regularization, -0.0340353884353, 0.00566727346667, 6.005601924, 0.016947722513, 0.0105397702992, 1.6079783555
0, 3.0, 14, regularization, -0.0346578051002, 0.00523269054888, 6.62332403885, 0.0176976424705, 0.0099072751275, 1.78632795019
0, 3.0, 15, regularization, -0.0345377509571, 0.00532822355766, 6.48203863508, 0.017486465939, 0.0100870651337, 1.73355338815
0, 9.0, 16, no_regularization, 0.00693697037922, 0.327770079034, 0.0211641355418, -0.0459553828066, 0.386607362471, 0.118868359136
0, 9.0, 17, no_regularization, -0.0457966811109, 0.443965781935, 0.103153627992, 0.023699544123, 0.856010960911, 0.0276860288071
0, 9.0, 18, no_regularization, -0.0762638098678, 0.393251017414, 0.193931627614, 0.0355005917334, 0.520950548834, 0.0681457996596
0, 9.0, 19, no_regularization, -0.028071895193, 0.335374323093, 0.0837031736184, -0.0110274120261, 0.377552877375, 0.0292075963049
0, 9.0, 20, no_regularization, -0.00242010171194, 0.511062487522, 0.00473543210671, 0.0693096001749, 0.763919867333, 0.0907288881187
0, 9.0, 16, regularization, -0.0094750236005, 0.257267265625, 0.0368294954956, 0.00727767078288, 0.321232913331, 0.0226554331168
0, 9.0, 17, regularization, -0.0527969511431, 0.348990471087, 0.151284792902, -0.0441280317569, 0.960539599766, 0.0459408771566
0, 9.0, 18, regularization, -0.0507501201717, 0.434056460007, 0.116920550315, 0.0306328077079, 0.587859013063, 0.0521091061415
0, 9.0, 19, regularization, -0.00788913766489, 0.29931161588, 0.0263576060745, 0.0531787399338, 0.63904012106, 0.083216590291
0, 9.0, 20, regularization, 0.0183654105324, 0.604850076843, 0.0303635747693, 0.0456076649999, 0.674842940456, 0.0675826362933
0, 5.0, 16, no_regularization, -0.0566019528725, 0.0263477034265, 2.14826893852, 0.0339492746008, 0.0338651939142, 1.00248280541
0, 5.0, 17, no_regularization, -0.056688659636, 0.00630941586202, 8.98477147104, 0.0331579650938, 0.0229092617313, 1.44736069991
0, 5.0, 18, no_regularization, -0.0565206845906, 0.00623483736367, 9.06530215526, 0.0337490565474, 0.0215785087039, 1.56401246307
0, 5.0, 19, no_regularization, -0.0557300588889, 0.00613280669275, 9.08720292044, 0.0344434588366, 0.0254170385535, 1.35513265104
0, 5.0, 20, no_regularization, -0.0563943886216, 0.0223215487063, 2.52645501276, 0.0338052100499, 0.0302843755707, 1.11625910764
0, 5.0, 16, regularization, -0.0559417735605, 0.0063225142484, 8.84802649115, 0.0294255319691, 0.0115201626858, 2.55426357871
0, 5.0, 17, regularization, -0.0566121850913, 0.00642387218805, 8.81278198477, 0.0298109691046, 0.0109401336064, 2.72491819362
0, 5.0, 18, regularization, -0.0565284733441, 0.00636851795555, 8.87623678518, 0.0303361605355, 0.01126295892, 2.69344501307
0, 5.0, 19, regularization, -0.0557160386381, 0.00617029662155, 9.02971802742, 0.0303638812394, 0.0114751704156, 2.64605057177
0, 5.0, 20, regularization, -0.0564350245786, 0.00655129796305, 8.61432725193, 0.0298894266539, 0.0127486174348, 2.344522989
0, 0.5, 11, no_regularization, -0.00564658277543, 0.00580859918853, 0.97210748963, 0.00301802219239, 0.0105078240165, 0.287216667089
0, 0.5, 12, no_regularization, -0.0057788539174, 0.0057609765547, 1.00310318269, 0.00258950719626, 0.0122026964723, 0.212207785561
0, 0.5, 13, no_regularization, -0.00584900240998, 0.00587294804588, 0.995922723014, 0.0032015389239, 0.0111718826705, 0.286571119507
0, 0.5, 14, no_regularization, -0.00566916232708, 0.00584867023184, 0.969307911431, 0.002433119387, 0.00956731782059, 0.254315727001
0, 0.5, 15, no_regularization, -0.00559774526546, 0.00573427841128, 0.976190004038, 0.00267119706038, 0.0106613592434, 0.250549390506
0, 0.5, 11, regularization, -0.00567016966615, 0.0059106948848, 0.959306778079, 0.00288337255977, 0.00711863155948, 0.405045904634
0, 0.5, 12, regularization, -0.00573395663745, 0.00580708771678, 0.987406582629, 0.00247894432465, 0.00754981966363, 0.32834483936
0, 0.5, 13, regularization, -0.00584418185824, 0.00594730121284, 0.982661151519, 0.00325463762707, 0.0070722980158, 0.46019520385
0, 0.5, 14, regularization, -0.00566444303806, 0.00591547028174, 0.95756427947, 0.00225474236805, 0.00566479295961, 0.398027321408
0, 0.5, 15, regularization, -0.00557505007774, 0.00582486595402, 0.957112167344, 0.00237639818323, 0.0060910827491, 0.390143802196
0, 7.0, 11, no_regularization, -0.00652888662139, 0.451717724253, 0.014453465673, 0.0429001768098, 0.654879810133, 0.0655084736863
0, 7.0, 12, no_regularization, 0.0072140103619, 0.453717249156, 0.0158997930436, -0.119373509623, 0.884295521894, 0.134992778622
0, 7.0, 13, no_regularization, -0.00845115427676, 0.512446895241, 0.0164917659864, 0.00987390653213, 0.708391130377, 0.0139384954282
0, 7.0, 14, no_regularization, -0.0607492420985, 0.129343979865, 0.469671972068, 0.0480804524167, 0.14372232034, 0.334537128978
0, 7.0, 15, no_regularization, -0.0752785747163, 0.167059995462, 0.450608025627, 0.042240556483, 0.1439716983, 0.293394861502
0, 7.0, 11, regularization, -0.0015706312819, 0.326275293884, 0.00481382228853, -0.118629147314, 0.816784717942, 0.145239185685
0, 7.0, 12, regularization, 0.0154712890092, 0.374730799146, 0.041286408922, 4.82555067015e-05, 0.599020963515, 8.05572920491e-05
0, 7.0, 13, regularization, 0.00947649967352, 0.488308302001, 0.0194067961464, 0.00111460997096, 0.631011053045, 0.00176638739619
0, 7.0, 14, regularization, -0.0751837692398, 0.0653318637423, 1.15079786391, 0.0438175889229, 0.0948260321754, 0.462083964895
0, 7.0, 15, regularization, -0.0605048067022, 0.144293233737, 0.419318391688, 0.0257991996852, 0.192801927359, 0.133811938701
0, 1.0, 6, no_regularization, -0.0125500002989, 0.00114061779143, 11.0028095241, 0.00678783078581, 0.0117243712175, 0.578950517675
0, 1.0, 7, no_regularization, -0.0122433889419, 0.00221471863211, 5.5281916016, 0.00774456703688, 0.0141619745862, 0.546856442212
0, 1.0, 8, no_regularization, -0.0120188499805, 0.00289227064472, 4.15550667864, 0.00667432934831, 0.0122364887122, 0.545444817159
0, 1.0, 9, no_regularization, -0.0120696826107, 0.00226918834315, 5.31894262861, 0.00633300360201, 0.0117729405534, 0.537928784512
0, 1.0, 10, no_regularization, -0.0120057146532, 0.00421730087926, 2.84677688333, 0.00708189366847, 0.0127371049911, 0.556004969214
0, 1.0, 6, regularization, -0.012504012262, 0.000201860411147, 61.943856108, 0.00587070877417, 0.00875386294084, 0.670642071261
0, 1.0, 7, regularization, -0.0122639038533, 0.0022271846438, 5.50646031413, 0.00594838902058, 0.00885635926089, 0.67165173017
0, 1.0, 8, regularization, -0.0120168933111, 0.00248381141602, 4.83808602921, 0.00579889524488, 0.00890286748101, 0.651351405292
0, 1.0, 9, regularization, -0.0120688671161, 0.00222084322465, 5.43436248994, 0.00556148820574, 0.00860365644847, 0.646409842031
0, 1.0, 10, regularization, -0.0120683606201, 0.00365623134618, 3.30076504396, 0.00690106391838, 0.00951649278965, 0.725168827521
0, 5.0, 1, no_regularization, -0.0559961891324, 0.00620634246323, 9.02241367829, 0.0327803082463, 0.0227233858485, 1.44258027676
0, 5.0, 2, no_regularization, -0.0555962864529, 0.00594754912565, 9.34776414256, 0.0314104146279, 0.0203496089093, 1.54353898239
0, 5.0, 3, no_regularization, -0.0556758144957, 0.00601491221957, 9.25629709349, 0.0323914302696, 0.0191604810787, 1.69053324582
0, 5.0, 4, no_regularization, -0.0558314642201, 0.00594755297297, 9.38730003311, 0.0328193545928, 0.021126551798, 1.55346480138
0, 5.0, 5, no_regularization, -0.0553563779914, 0.00589638260509, 9.38819301577, 0.0336839361326, 0.022886182563, 1.47180229992
0, 5.0, 1, regularization, -0.0559675272546, 0.00628698160115, 8.90212995762, 0.0291938748517, 0.01126854287, 2.59074089601
0, 5.0, 2, regularization, -0.0556781095441, 0.00613537241107, 9.07493560516, 0.0285523590222, 0.0107584370016, 2.65395047794
0, 5.0, 3, regularization, -0.0556582912018, 0.0061768671191, 9.0107638919, 0.0290718946194, 0.0110820490599, 2.62333206272
0, 5.0, 4, regularization, -0.0557504945121, 0.00613474700791, 9.08765992147, 0.0296684124978, 0.0114641755503, 2.58792377765
0, 5.0, 5, regularization, -0.0553661126284, 0.0060661399769, 9.12707468656, 0.0295008543637, 0.011055840213, 2.66835028322
0, 1.0, 16, no_regularization, -0.0120271153511, 0.00220983914847, 5.44252976936, 0.00573819875641, 0.0121224715093, 0.473352216337
0, 1.0, 17, no_regularization, -0.0118622397088, 0.00300726529759, 3.94452718166, 0.00635982014195, 0.0130118128152, 0.488772796865
0, 1.0, 18, no_regularization, -0.0118784665687, 0.00261084254727, 4.5496679151, 0.00571500139398, 0.0109617497207, 0.521358500204
0, 1.0, 19, no_regularization, -0.0120674723875, 0.00217664635143, 5.54406662321, 0.0062398675193, 0.0126829477664, 0.491988742226
0, 1.0, 20, no_regularization, -0.0119013077321, 0.00330778033804, 3.59797402361, 0.00660241187719, 0.0129835741266, 0.508520366795
0, 1.0, 16, regularization, -0.0120334358615, 0.00215017169954, 5.59649997443, 0.00560588362112, 0.0087251540967, 0.642496803952
0, 1.0, 17, regularization, -0.0118133177929, 0.00302384139968, 3.90672533095, 0.0058564371157, 0.00911287217335, 0.642655466279
0, 1.0, 18, regularization, -0.0118514083673, 0.00261208315791, 4.53714818819, 0.00556011819606, 0.00873438467559, 0.63657812228
0, 1.0, 19, regularization, -0.0120493415469, 0.00217789055613, 5.53257440464, 0.00590934502806, 0.00893654941005, 0.661255788663
0, 1.0, 20, regularization, -0.0118385996334, 0.00290848235721, 4.07037010351, 0.00586983105174, 0.0089097097448, 0.658812825543
0, 5.0, 26, no_regularization, -0.0563395738964, 0.0219878416702, 2.56230578433, 0.0342364378032, 0.0338671684503, 1.01090346107
0, 5.0, 27, no_regularization, -0.0563374954037, 0.031072664086, 1.81308867652, 0.0322724951508, 0.063261973663, 0.510140504352
0, 5.0, 28, no_regularization, -0.0542790903188, 0.166601348755, 0.325802226239, 0.034313538164, 0.198402374338, 0.172949231472
0, 5.0, 29, no_regularization, -0.058059888557, 0.0549484868436, 1.05662397442, 0.0355669075923, 0.0430699216055, 0.825794574647
0, 5.0, 30, no_regularization, -0.0560962258048, 0.0316514241058, 1.77231285447, 0.034440025843, 0.0530395085667, 0.649327770443
0, 5.0, 26, regularization, -0.0563645042815, 0.00635599210172, 8.86793176886, 0.0304947669548, 0.0112518725376, 2.7101948456
0, 5.0, 27, regularization, -0.0563773294001, 0.00641198129373, 8.79249748517, 0.0307482528663, 0.0132058090477, 2.32838842022
0, 5.0, 28, regularization, -0.0558923723214, 0.00906883859757, 6.16312350473, 0.0309854038519, 0.0163125671214, 1.8994805429
0, 5.0, 29, regularization, -0.0577921862226, 0.0122871266055, 4.70347446382, 0.0310804789734, 0.0197556343226, 1.57324631879
0, 5.0, 30, regularization, -0.0561016172842, 0.00634281492443, 8.84490844406, 0.030594071161, 0.0119536341216, 2.55939497978
0, 0.5, 1, no_regularization, -0.00697842386939, 0.0059914793522, 1.16472467969, 0.00338841906055, 0.0107025180453, 0.316600172614
0, 0.5, 2, no_regularization, -0.00603634863718, 0.00583084552172, 1.0352441365, 0.00297221938346, 0.0114801635424, 0.258900439221
0, 0.5, 3, no_regularization, -0.00646833395406, 0.00591913404579, 1.09278382683, 0.00303625297346, 0.00975384432735, 0.311287823709
0, 0.5, 4, no_regularization, -0.0063911145418, 0.00586872746655, 1.08901198398, 0.00334782825689, 0.0106208873951, 0.315211726888
0, 0.5, 5, no_regularization, -0.00641392366308, 0.00582899745678, 1.10034765166, 0.00333321342218, 0.0116843307908, 0.285272086341
0, 0.5, 1, regularization, -0.00699971763062, 0.0059981219744, 1.16698487635, 0.00341082884131, 0.00724937600331, 0.470499645729
0, 0.5, 2, regularization, -0.00604449917663, 0.00589300947715, 1.02570667841, 0.00299722476364, 0.00693693568083, 0.432067544164
0, 0.5, 3, regularization, -0.00649953654865, 0.00598052119577, 1.08678430122, 0.00301018863651, 0.0069944290258, 0.430369459094
0, 0.5, 4, regularization, -0.00639739037044, 0.00594768305026, 1.0756105052, 0.00343480255777, 0.00762373631902, 0.450540576699
0, 0.5, 5, regularization, -0.0063796712556, 0.00592708525205, 1.07635894952, 0.00305228275165, 0.00712922454409, 0.428136711471
0, 5.0, 11, no_regularization, -0.0555134813428, 0.047258373196, 1.17468032834, 0.0328845675995, 0.0614247205574, 0.535363731428
0, 5.0, 12, no_regularization, -0.0554748058768, 0.00586769444446, 9.45427653091, 0.032288790915, 0.0204220447124, 1.58107532178
0, 5.0, 13, no_regularization, -0.0557833220728, 0.00592649156434, 9.41253715916, 0.0323042282786, 0.0207344131018, 1.55800061087
0, 5.0, 14, no_regularization, -0.0561696746423, 0.00619070179383, 9.07323216543, 0.0328166042439, 0.021671540146, 1.51427189867
0, 5.0, 15, no_regularization, -0.0560427531395, 0.00609457446193, 9.19551537019, 0.0336763969019, 0.0218020873728, 1.54464094773
0, 5.0, 11, regularization, -0.055703810082, 0.0063775304821, 8.73438554914, 0.0300105299162, 0.0120347613636, 2.49365392545
0, 5.0, 12, regularization, -0.0555123305536, 0.00610960930816, 9.0860688063, 0.0290143007892, 0.0106442694948, 2.72581418606
0, 5.0, 13, regularization, -0.0557288849484, 0.0061160268827, 9.11194244519, 0.0292339881196, 0.0108170084513, 2.70259455295
0, 5.0, 14, regularization, -0.0561198711205, 0.00629589135369, 8.91372928277, 0.029891167806, 0.0116290375276, 2.570390519
0, 5.0, 15, regularization, -0.0560200721261, 0.00625031779098, 8.96275581492, 0.0299328864108, 0.0112621137474, 2.65783911281
0, 0.5, 6, no_regularization, -0.00642706569016, 0.00591841421198, 1.08594387955, 0.00325528011902, 0.0103210911586, 0.315400771973
0, 0.5, 7, no_regularization, -0.00581089381009, 0.00582701411251, 0.997233522675, 0.00334999283888, 0.010408403339, 0.321854633201
0, 0.5, 8, no_regularization, -0.00643035906063, 0.00592708193744, 1.08491145027, 0.00362626536782, 0.0107640027006, 0.336888188221
0, 0.5, 9, no_regularization, -0.0057017425567, 0.00581641696857, 0.980284355043, 0.00297071169972, 0.0113836945967, 0.260961999154
0, 0.5, 10, no_regularization, -0.00643582620352, 0.00584293935462, 1.10147064909, 0.00337955335597, 0.0120172252224, 0.281225764968
0, 0.5, 6, regularization, -0.0064336730915, 0.0059881693393, 1.07439732028, 0.00318926171518, 0.0070783463583, 0.450565930762
0, 0.5, 7, regularization, -0.00580302425384, 0.00589009197439, 0.985217935318, 0.00284133199653, 0.00643404154861, 0.441609208623
0, 0.5, 8, regularization, -0.00643634791711, 0.00597475946885, 1.07725640684, 0.0036899924322, 0.00748061327266, 0.493274053571
0, 0.5, 9, regularization, -0.00573718366262, 0.00589492233466, 0.973241603013, 0.00270002846844, 0.0071831935481, 0.375881347253
0, 0.5, 10, regularization, -0.00645164035804, 0.00586984492632, 1.0991159799, 0.00310293367842, 0.00670595412562, 0.462713227721
0, 7.0, 16, no_regularization, -0.0217302472723, 0.454001219966, 0.0478638521587, -0.152211928653, 0.58308594917, 0.261045440848
0, 7.0, 17, no_regularization, -0.0253801153016, 0.316481798313, 0.0801945496927, -0.0199296264919, 0.366734649974, 0.0543434510302
0, 7.0, 18, no_regularization, -0.0313790739542, 0.234672297157, 0.133714436405, 0.038907232458, 0.241818624755, 0.160894275606
0, 7.0, 19, no_regularization, -0.011012510844, 0.361774883813, 0.0304402304769, 0.0415841161638, 0.592668394541, 0.0701642209149
0, 7.0, 20, no_regularization, 0.0161454340655, 0.451272631948, 0.0357775608855, 0.0193456590396, 0.506722476408, 0.0381780164493
0, 7.0, 16, regularization, -0.0192838966861, 0.305251243533, 0.0631738513593, -0.141430507606, 0.482314402823, 0.293233017256
0, 7.0, 17, regularization, -0.040457041761, 0.233806886593, 0.173036142564, 0.0341423183663, 0.304569509419, 0.112100250716
0, 7.0, 18, regularization, -0.048103647125, 0.158980113351, 0.302576505395, 0.0418933608473, 0.23686308004, 0.176867415725
0, 7.0, 19, regularization, -0.0259733655136, 0.230116563483, 0.112870473644, 0.0592935610134, 0.422204188294, 0.140438116573
0, 7.0, 20, regularization, -0.0168629929133, 0.253566117357, 0.0665033368383, 0.0318307039518, 0.32819922242, 0.0969859212862
0, 1.0, 21, no_regularization, -0.0120012748838, 0.00273136958876, 4.39386706697, 0.00652294752575, 0.0115523263781, 0.564643632134
0, 1.0, 22, no_regularization, -0.0119986887777, 0.00266325166551, 4.50527786504, 0.0062877383443, 0.0117212788489, 0.536437911371
0, 1.0, 23, no_regularization, -0.0119684375215, 0.00321129290119, 3.72698408079, 0.0059267226147, 0.013343025808, 0.444181304899
0, 1.0, 24, no_regularization, -0.0119938820152, 0.00301369269135, 3.97979596579, 0.00645369002782, 0.012543003433, 0.514525094589
0, 1.0, 25, no_regularization, -0.0120408912614, 0.00251048161209, 4.79624754208, 0.00587514994651, 0.0122037756207, 0.481420679069
0, 1.0, 21, regularization, -0.0119835548461, 0.00236134318432, 5.07488912485, 0.00571706618803, 0.00867059056568, 0.659362951661
0, 1.0, 22, regularization, -0.0119934178129, 0.0024675384246, 4.86047864276, 0.0058802787493, 0.00892253199203, 0.659037003683
0, 1.0, 23, regularization, -0.0119898308665, 0.00306521751882, 3.91157586465, 0.00598215516718, 0.00908344635047, 0.658577695774
0, 1.0, 24, regularization, -0.0119692879809, 0.00277303212494, 4.31631782165, 0.00569638970345, 0.00870378771035, 0.654472500137
0, 1.0, 25, regularization, -0.0120621144546, 0.00238961452642, 5.04772394094, 0.00567587418708, 0.00871983626618, 0.650915225219
0, 0.5, 26, no_regularization, -0.00627970073253, 0.00587377057134, 1.06910895757, 0.0031569284017, 0.0110635935273, 0.285343852691
0, 0.5, 27, no_regularization, -0.00598213005707, 0.00582871179749, 1.02632112633, 0.00336022278086, 0.011194966093, 0.300154797517
0, 0.5, 28, no_regularization, -0.00596776470284, 0.00591144157416, 1.00952781618, 0.00314698045355, 0.0129756705535, 0.242529312114
0, 0.5, 29, no_regularization, -0.00643102606231, 0.00586624549348, 1.0962763269, 0.00332279380945, 0.010446163231, 0.318087486859
0, 0.5, 30, no_regularization, -0.00632593104222, 0.00593904385003, 1.06514300988, 0.00342775870321, 0.0109677778684, 0.312529916666
0, 0.5, 26, regularization, -0.00628051487101, 0.00594790750276, 1.055920064, 0.00274890871798, 0.00737287022172, 0.372841055832
0, 0.5, 27, regularization, -0.00600706920561, 0.00591951331582, 1.01479106222, 0.00300058323605, 0.00691945253018, 0.433644601646
0, 0.5, 28, regularization, -0.00598684963195, 0.00593627847521, 1.00851900007, 0.00307709587172, 0.00769000062021, 0.400142473803
0, 0.5, 29, regularization, -0.00644328509742, 0.00593768874078, 1.08515036384, 0.00346082148992, 0.00716051130239, 0.483320442322
0, 0.5, 30, regularization, -0.0063290844511, 0.00600808014689, 1.05342876532, 0.00352046209011, 0.00719947294022, 0.488988863398
0, 9.0, 1, no_regularization, 0.00928833764276, 0.423639376193, 0.0219251046167, -0.0153993942684, 0.871749970025, 0.0176649209038
0, 9.0, 2, no_regularization, -0.0447407414733, 0.554572063997, 0.0806761544223, -0.14811623549, 0.920916477113, 0.160835688329
0, 9.0, 3, no_regularization, -0.0128271237896, 0.490093411231, 0.0261728141934, 0.0455167237635, 0.849548431819, 0.0535775502123
0, 9.0, 4, no_regularization, -0.0475185261719, 0.431323808446, 0.110169031343, -0.0237429021566, 0.70250574384, 0.0337974491523
0, 9.0, 5, no_regularization, -0.052603011707, 0.529999347228, 0.0992510877271, -0.0584400441106, 0.739485124301, 0.0790280185363
0, 9.0, 1, regularization, 0.00938858025847, 0.449641094454, 0.0208801650344, -0.0372495335597, 0.672477414091, 0.0553915013042
0, 9.0, 2, regularization, 0.0162001096937, 0.362018462802, 0.044749401918, -0.0637642373854, 0.574352198748, 0.111019401553
0, 9.0, 3, regularization, -0.0170375664067, 0.421748829473, 0.0403974242868, -0.013764194567, 0.8614903594, 0.0159771893171
0, 9.0, 4, regularization, -0.0198673869511, 0.411679296627, 0.0482593783897, -0.0431754089634, 0.720744954709, 0.0599038656896
0, 9.0, 5, regularization, -0.0464490354628, 0.452354496744, 0.102682820215, -0.0590858418071, 0.688596074369, 0.0858062425946
0, 0.5, 21, no_regularization, -0.00643689041665, 0.0058610341562, 1.09825164725, 0.00349245570366, 0.0120287620852, 0.290342071687
0, 0.5, 22, no_regularization, -0.00565543763018, 0.00577422659258, 0.979427727594, 0.00330362104753, 0.0107331698596, 0.307795468696
0, 0.5, 23, no_regularization, -0.00498569385613, 0.00559537494012, 0.891038386074, 0.00247514732615, 0.0104692327982, 0.236421080118
0, 0.5, 24, no_regularization, -0.00614961054984, 0.00587601693338, 1.04656106672, 0.00319575116818, 0.0103030164763, 0.310176264935
0, 0.5, 25, no_regularization, -0.00566023528442, 0.00574713348617, 0.984879731441, 0.00285315768106, 0.0100960518084, 0.282601331213
0, 0.5, 21, regularization, -0.00643642995658, 0.00591021018228, 1.08903571245, 0.00320313502494, 0.00740088818055, 0.432804137396
0, 0.5, 22, regularization, -0.00565424373162, 0.00588075382039, 0.961482813991, 0.00309694902818, 0.00691484853286, 0.447869394891
0, 0.5, 23, regularization, -0.00494631144475, 0.00569294513788, 0.868849308214, 0.00210853145379, 0.00571677691684, 0.36883220816
0, 0.5, 24, regularization, -0.00610537117335, 0.0059349930098, 1.02870739077, 0.0031010774366, 0.00692055981824, 0.448096327182
0, 0.5, 25, regularization, -0.0056565507476, 0.00584322282074, 0.968053233829, 0.0029913278934, 0.00678339155327, 0.440978214202
0, 7.0, 1, no_regularization, -0.0133687039945, 0.326212348726, 0.0409816000123, 0.0295901487122, 0.368229689921, 0.0803578568544
0, 7.0, 2, no_regularization, -0.0690451342999, 0.220798730438, 0.312706210597, 0.0406147577652, 0.26299688671, 0.154430564838
0, 7.0, 3, no_regularization, -0.034143102067, 0.530672501289, 0.0643393090543, -0.000173923328812, 0.82601340687, 0.00021055751319
0, 7.0, 4, no_regularization, -0.0447408253306, 0.26847857424, 0.166645794575, 0.0420941944992, 0.310998359082, 0.135351821866
0, 7.0, 5, no_regularization, -0.055796530734, 0.486138298642, 0.114775015443, 0.0728795656427, 0.517058964641, 0.140950202253
0, 7.0, 1, regularization, -0.0293906791617, 0.223852211338, 0.131295013732, 0.0367713908886, 0.301301224259, 0.122041956448
0, 7.0, 2, regularization, -0.0569506807894, 0.136282732552, 0.417886255456, 0.0741842218066, 0.179384750023, 0.413548095907
0, 7.0, 3, regularization, -0.0201780459431, 0.310885656019, 0.0649050400122, 0.0192038766876, 0.853708503048, 0.0224946531738
0, 7.0, 4, regularization, -0.0464084611381, 0.156338392598, 0.296846221628, 0.0442889492252, 0.183152439829, 0.241814683258
0, 7.0, 5, regularization, -0.0556759866721, 0.373024734903, 0.149255482177, 0.0712543515751, 0.482321929421, 0.147731934272
0, 7.0, 21, no_regularization, -0.0186255409545, 0.303117572963, 0.061446589099, 0.0432346861031, 0.340322100684, 0.127040489043
0, 7.0, 22, no_regularization, 0.0363337843107, 0.463242060453, 0.0784336903156, -0.0148041883636, 0.655548337662, 0.0225829088612
0, 7.0, 23, no_regularization, 0.025823042031, 0.564883292898, 0.0457139418986, 0.0158641501579, 0.496333855896, 0.031962659749
0, 7.0, 24, no_regularization, -0.053761462865, 0.169477929585, 0.317218076695, 0.0472177068599, 0.190312988117, 0.248105540915
0, 7.0, 25, no_regularization, -0.0452949400862, 0.209506940556, 0.216197802163, 0.0372937646016, 0.198875173052, 0.187523480328
0, 7.0, 21, regularization, -0.0336875944147, 0.181076619085, 0.186040553357, 0.0390257148877, 0.283862433108, 0.137481083567
0, 7.0, 22, regularization, -0.00622592790197, 0.475653286397, 0.0130892145183, 0.0406762319368, 0.681291570539, 0.0597045871339
0, 7.0, 23, regularization, 0.0270243474623, 0.442681393768, 0.0610469467268, 0.0219929708323, 0.440152203588, 0.0499667402618
0, 7.0, 24, regularization, -0.0764033116657, 0.081454527342, 0.937987293756, 0.0373252530022, 0.0776321843493, 0.480796119742
0, 7.0, 25, regularization, -0.0689821285019, 0.0519291615192, 1.32838903005, 0.0407490464355, 0.0702379658493, 0.580156984087
