sinc, strain percent, trial, regularization, mean axial strain, axial strain std, axial strain SNRe, mean lateral strain, lateral strain std, lateral strain SNRe
0, 0.5, 21, no_regularization, -0.00614619818726, 0.000647079043982, 9.4983731036, 0.00305037905068, 0.00386639739209, 0.788946075982
0, 0.5, 22, no_regularization, -0.00579225580505, 0.000638624743487, 9.06988942117, 0.00301000063281, 0.00373849475021, 0.805137049514
0, 0.5, 23, no_regularization, -0.00531283438271, 0.000689382454876, 7.70665737883, 0.00280118562736, 0.00399424117394, 0.701306081774
0, 0.5, 24, no_regularization, -0.0061081205984, 0.000584437341808, 10.4512839298, 0.0030340560415, 0.00277323479616, 1.09404946372
0, 0.5, 25, no_regularization, -0.00569386739983, 0.000521373376757, 10.9209017063, 0.00293471199479, 0.00307781527063, 0.953504917206
0, 0.5, 21, regularization, -0.00617345392684, 0.000767484933051, 8.04374608671, 0.00310265681232, 0.00198297638631, 1.56464637388
0, 0.5, 22, regularization, -0.00579511372067, 0.000999364810201, 5.7987970574, 0.00297614344708, 0.00218049065061, 1.36489622014
0, 0.5, 23, regularization, -0.00526343989319, 0.00110702263842, 4.75459101787, 0.00246306103593, 0.00230119565551, 1.07033968625
0, 0.5, 24, regularization, -0.00610174731934, 0.000848208660451, 7.19368665263, 0.00290672625813, 0.00196321388731, 1.48059581124
0, 0.5, 25, regularization, -0.00569669599365, 0.000957148029957, 5.95173976789, 0.00291732593947, 0.00219306406158, 1.33025112699
0, 0.5, 16, no_regularization, -0.00612524802082, 0.000610386765075, 10.0350275781, 0.00297715981388, 0.00340023864114, 0.875573784105
0, 0.5, 17, no_regularization, -0.00616560136778, 0.00060194828492, 10.2427426446, 0.00296157253873, 0.00394673751829, 0.750384976201
0, 0.5, 18, no_regularization, -0.00538053171577, 0.000526588180747, 10.2177221451, 0.00278212189817, 0.0029365677291, 0.947406004161
0, 0.5, 19, no_regularization, -0.00612075605003, 0.000645893685906, 9.47641412757, 0.0030464243076, 0.00346856304778, 0.878295785787
0, 0.5, 20, no_regularization, -0.0063199007447, 0.000645572286204, 9.78960974589, 0.00314404039441, 0.00377332423507, 0.833228262015
0, 0.5, 16, regularization, -0.0061191602307, 0.000832629427567, 7.34920005, 0.00282212089814, 0.00211952109325, 1.33148988568
0, 0.5, 17, regularization, -0.00617787049727, 0.000826854225089, 7.47153525957, 0.0029775761841, 0.00199763386227, 1.49055151714
0, 0.5, 18, regularization, -0.00534348911753, 0.00108012231698, 4.9471148161, 0.00240016388549, 0.00216741691014, 1.10738449731
0, 0.5, 19, regularization, -0.00610237120792, 0.000931390319813, 6.55189460112, 0.00290606700359, 0.00190214441673, 1.52778462983
0, 0.5, 20, regularization, -0.00634846829684, 0.000818214741164, 7.75892681646, 0.00334843492651, 0.00216485600255, 1.54672408814
0, 11.0, 1, no_regularization, -0.0338494903018, 0.44183188802, 0.0766116960309, 0.027247183625, 0.662005170175, 0.0411585662054
0, 11.0, 2, no_regularization, -0.0441769613601, 0.501201835555, 0.0881420582013, 0.0262443488786, 0.683757814862, 0.038382521279
0, 11.0, 3, no_regularization, -0.0598405535072, 0.500456637518, 0.119571904979, 0.0515983830351, 0.676903351797, 0.0762271052405
0, 11.0, 4, no_regularization, -0.0361782232576, 0.366086674601, 0.0988242013917, 0.0150568474317, 0.424679982742, 0.0354545729573
0, 11.0, 5, no_regularization, 0.0343001836622, 0.587828220675, 0.0583506923551, -0.0409822344877, 0.705975349149, 0.0580505176804
0, 11.0, 1, regularization, -0.101418919075, 0.567920421253, 0.178579454585, 0.0240128041918, 0.584460765343, 0.0410853997662
0, 11.0, 2, regularization, -0.0223245830827, 0.401837232537, 0.055556283179, -0.00659844472778, 0.690084292309, 0.00956179527823
0, 11.0, 3, regularization, -0.0355141117838, 0.330649581751, 0.107407097253, -0.00494409319517, 0.570609322234, 0.00866458538709
0, 11.0, 4, regularization, 0.0318400811658, 0.555958206907, 0.0572706379189, 0.0172885198592, 0.447674428668, 0.0386185110251
0, 11.0, 5, regularization, 0.00403350075879, 0.370885779556, 0.0108753179041, -0.0262302801028, 0.667434587854, 0.0393001510262
0, 9.0, 11, no_regularization, -0.0329306629552, 0.548238634846, 0.0600662938767, 0.066255245903, 0.81200194109, 0.0815949353693
0, 9.0, 12, no_regularization, -0.0274598294615, 0.507494694371, 0.054108604023, -0.0465281211306, 0.707742321687, 0.0657416120314
0, 9.0, 13, no_regularization, -0.00843553394794, 0.56633531521, 0.0148949460177, -0.125144377121, 0.716719009107, 0.174607308487
0, 9.0, 14, no_regularization, -0.0378085990872, 0.526277413572, 0.0718415765376, -0.0643940974968, 0.776856050813, 0.0828906429053
0, 9.0, 15, no_regularization, -0.0211626392395, 0.412326763628, 0.0513249226252, -0.0755603836043, 0.94526967071, 0.0799352670942
0, 9.0, 11, regularization, -0.0315403464822, 0.513509962322, 0.0614210994847, 0.0565570946999, 0.853413438368, 0.0662716242294
0, 9.0, 12, regularization, 0.03750404693, 0.415750338313, 0.0902080972012, -0.00389249497375, 0.571951329385, 0.00680564022456
0, 9.0, 13, regularization, -0.00600082624776, 0.570115313776, 0.0105256359595, -0.0862252596458, 0.749852312103, 0.114989656302
0, 9.0, 14, regularization, 0.0171410401596, 0.343144773204, 0.0499527939754, -0.0213352109648, 0.537374006128, 0.0397027223527
0, 9.0, 15, regularization, -0.0361175862714, 0.327532186418, 0.110271868748, -0.0451631563941, 0.914301731713, 0.0493963369286
0, 3.0, 21, no_regularization, -0.0350041608373, 0.00241334068749, 14.5044423354, 0.0216952189731, 0.017535349634, 1.23722762454
0, 3.0, 22, no_regularization, -0.0346083221136, 0.00219647139906, 15.7563272294, 0.021031151832, 0.0151244940288, 1.39053589442
0, 3.0, 23, no_regularization, -0.0343162032931, 0.00309954729578, 11.0713597885, 0.0203188204173, 0.0179039236925, 1.13488086558
0, 3.0, 24, no_regularization, -0.0337763903119, 0.00145156820279, 23.2688965266, 0.0201806088377, 0.013524757142, 1.49212356465
0, 3.0, 25, no_regularization, -0.035228041478, 0.0016694575572, 21.1014897181, 0.021202040597, 0.0135934986769, 1.55971917907
0, 3.0, 21, regularization, -0.0349889991477, 0.00199607215102, 17.528925059, 0.0183683727589, 0.00443818393837, 4.13871372029
0, 3.0, 22, regularization, -0.0345989446621, 0.001853299877, 18.6688323307, 0.0177668677986, 0.00426690978685, 4.16387237745
0, 3.0, 23, regularization, -0.0343194468367, 0.00241326677965, 14.2211574477, 0.0175546696917, 0.00455831976283, 3.85112730239
0, 3.0, 24, regularization, -0.0337623804778, 0.00143805123617, 23.4778703489, 0.0177421106467, 0.00365875446173, 4.84922145836
0, 3.0, 25, regularization, -0.0352137028142, 0.00148045463036, 23.7857358761, 0.0179513313675, 0.00353039998168, 5.0847868402
0, 3.0, 1, no_regularization, -0.0350591460969, 0.00173230961502, 20.2383833657, 0.0203142145717, 0.0129859651529, 1.56432073647
0, 3.0, 2, no_regularization, -0.0343699463969, 0.00139767708484, 24.5907633242, 0.0192944345161, 0.0123688917311, 1.55991619425
0, 3.0, 3, no_regularization, -0.03494015491, 0.00152242079718, 22.9503925423, 0.020537659462, 0.0127900546161, 1.60575228789
0, 3.0, 4, no_regularization, -0.0345908490317, 0.00169401540973, 20.419441779, 0.0205025459526, 0.0134025646704, 1.5297479592
0, 3.0, 5, no_regularization, -0.0345698761119, 0.00142554416263, 24.2503017572, 0.0214645123336, 0.0146290868742, 1.4672489485
0, 3.0, 1, regularization, -0.0350458725729, 0.00151231996454, 23.1735832328, 0.0178509000097, 0.00350288861226, 5.09605128387
0, 3.0, 2, regularization, -0.0343636934355, 0.00137367913783, 25.0158079054, 0.0170442164399, 0.00318332274267, 5.35422193026
0, 3.0, 3, regularization, -0.0349360733331, 0.00143478417007, 24.3493579466, 0.0175983071533, 0.0031581094985, 5.57241829696
0, 3.0, 4, regularization, -0.0345920975431, 0.00151191350226, 22.8796802802, 0.0179574101936, 0.00347765393045, 5.16365646287
0, 3.0, 5, regularization, -0.0345546926329, 0.00134630945449, 25.6662333595, 0.0180045375783, 0.00297880910608, 6.04420657287
0, 3.0, 11, no_regularization, -0.0343535662787, 0.00256369921342, 13.3999987592, 0.0213567534935, 0.0183236785088, 1.16552762499
0, 3.0, 12, no_regularization, -0.0338453187931, 0.00138606626096, 24.4182545571, 0.0199500522715, 0.0132679857578, 1.50362328055
0, 3.0, 13, no_regularization, -0.0340224340076, 0.00158073195379, 21.5232151953, 0.0197640756877, 0.0136952862308, 1.44312980062
0, 3.0, 14, no_regularization, -0.0346633482619, 0.00176244493508, 19.6677624203, 0.0207564557189, 0.0141679146182, 1.46503252443
0, 3.0, 15, no_regularization, -0.0345080423052, 0.00152802935718, 22.5833634302, 0.0208786987397, 0.0141696012806, 1.47348526795
0, 3.0, 11, regularization, -0.0343131271759, 0.0021290750863, 16.1164476522, 0.0180322859352, 0.00420110175058, 4.29227545673
0, 3.0, 12, regularization, -0.0338266937352, 0.00135104128091, 25.0374982714, 0.0169895582894, 0.00306774220446, 5.53813102832
0, 3.0, 13, regularization, -0.0340021536435, 0.00144788440129, 23.4840251151, 0.016970212425, 0.00317619830915, 5.34293226469
0, 3.0, 14, regularization, -0.0346600080734, 0.00159565678894, 21.7214681213, 0.017610530265, 0.00333856972883, 5.27487268363
0, 3.0, 15, regularization, -0.0344972754605, 0.00139719137022, 24.6904441266, 0.0177155311862, 0.00347470188952, 5.0984319661
0, 11.0, 21, no_regularization, -0.000802874755539, 0.338393843935, 0.002372604496, -0.0547684729345, 0.452721560659, 0.120976064967
0, 11.0, 22, no_regularization, -0.0771380947386, 0.421232260544, 0.183124850502, 0.0223968086006, 0.611381192895, 0.0366331330778
0, 11.0, 23, no_regularization, 0.0158234551943, 0.44733631357, 0.0353726149976, -0.104829330488, 0.864801392066, 0.121217809604
0, 11.0, 24, no_regularization, 0.003988515275, 0.39631176588, 0.0100640849412, -0.00134839414225, 0.647691364938, 0.00208184671781
0, 11.0, 25, no_regularization, -0.0100640105835, 0.357476512937, 0.0281529281486, 0.0370338071517, 0.444042541687, 0.0834014844861
0, 11.0, 21, regularization, 0.00232069035781, 0.231739923802, 0.0100142017816, -0.0960956818278, 0.638506363241, 0.150500742608
0, 11.0, 22, regularization, -0.0696845295043, 0.31523791023, 0.221053773175, 0.0167513063472, 0.556835625332, 0.0300830363309
0, 11.0, 23, regularization, 0.0114068840627, 0.305068338188, 0.0373912420097, -0.0273518272158, 0.785967695305, 0.0348001926532
0, 11.0, 24, regularization, -0.020706312528, 0.35842033871, 0.057771031082, -0.0996369058445, 0.800338773028, 0.124493413542
0, 11.0, 25, regularization, -0.0205708108906, 0.263514181218, 0.0780633922452, 0.0122295883164, 0.577869492156, 0.0211632357866
0, 0.5, 11, no_regularization, -0.00582191542689, 0.000713507130536, 8.15957567588, 0.00304408537363, 0.00383847396072, 0.793045727229
0, 0.5, 12, no_regularization, -0.00575103229992, 0.000644972435245, 8.91671021217, 0.00267720601779, 0.00403642555463, 0.663261586659
0, 0.5, 13, no_regularization, -0.00606469158543, 0.000778773585709, 7.78749009561, 0.00292525049107, 0.00424030319, 0.68986823819
0, 0.5, 14, no_regularization, -0.00604037561769, 0.000602330921817, 10.0283339256, 0.00292433458552, 0.00336356074017, 0.869416315453
0, 0.5, 15, no_regularization, -0.00558154186501, 0.000516996821135, 10.7960854629, 0.00285179293572, 0.00343908021112, 0.829231294605
0, 0.5, 11, regularization, -0.00581305667895, 0.00099404085139, 5.84790521519, 0.00297012847778, 0.00219490545487, 1.35319198884
0, 0.5, 12, regularization, -0.00574533825464, 0.000978569439525, 5.87116051512, 0.00246961708834, 0.00220026248744, 1.12241930335
0, 0.5, 13, regularization, -0.00603378613511, 0.000966510650479, 6.24285529821, 0.00287166279127, 0.00194093773154, 1.47952339975
0, 0.5, 14, regularization, -0.00601998035151, 0.000804936706201, 7.47882449034, 0.00268875482111, 0.00197971930543, 1.35814951834
0, 0.5, 15, regularization, -0.00559285835917, 0.000984023944852, 5.68366083817, 0.00258412010446, 0.0020329790492, 1.27110021398
0, 0.5, 6, no_regularization, -0.00636782692515, 0.00052072143846, 12.2288549209, 0.00309088728849, 0.00293047785321, 1.05473832027
0, 0.5, 7, no_regularization, -0.00613924195194, 0.000734510695525, 8.35827441227, 0.00358258130614, 0.00441474714335, 0.811503171033
0, 0.5, 8, no_regularization, -0.0063298111727, 0.000654246206273, 9.67496809612, 0.00320153700787, 0.00331197399028, 0.966655238619
0, 0.5, 9, no_regularization, -0.00605358137541, 0.000555327556548, 10.9009201939, 0.00305174520445, 0.0031999913417, 0.95367295676
0, 0.5, 10, no_regularization, -0.00616650738461, 0.000769901628079, 8.00947440518, 0.00342388748476, 0.00445650533768, 0.768289775357
0, 0.5, 6, regularization, -0.00639465980426, 0.000628323471713, 10.1773371395, 0.00311285073215, 0.00192430650474, 1.6176480849
0, 0.5, 7, regularization, -0.00611044459017, 0.000843344803243, 7.24548792697, 0.00284953685648, 0.00192814622638, 1.47786346155
0, 0.5, 8, regularization, -0.00634766428547, 0.000768137493486, 8.26370843672, 0.00331135357305, 0.00233280450544, 1.41947324147
0, 0.5, 9, regularization, -0.00602424491187, 0.000864569345578, 6.967914075, 0.00298748802604, 0.00218134490927, 1.36956242608
0, 0.5, 10, regularization, -0.00618379611934, 0.000819085970767, 7.54963012436, 0.00319576673741, 0.00211688477369, 1.50965549808
0, 3.0, 6, no_regularization, -0.0347680215651, 0.00139113656057, 24.9925295262, 0.0206388955396, 0.0134440169231, 1.53517327877
0, 3.0, 7, no_regularization, -0.0344269288882, 0.00171657691443, 20.055570245, 0.0214223795761, 0.0158181776051, 1.35428872472
0, 3.0, 8, no_regularization, -0.0345621296578, 0.0024199778371, 14.2820025572, 0.0204248629737, 0.0149070457443, 1.37014827244
0, 3.0, 9, no_regularization, -0.0344505826062, 0.00140043835468, 24.5998565314, 0.0208683530891, 0.0135885723068, 1.53572815583
0, 3.0, 10, no_regularization, -0.0349413712295, 0.0026739164544, 13.0674880182, 0.0201060924773, 0.0165940057235, 1.21164791747
0, 3.0, 6, regularization, -0.0347656837277, 0.00134459771568, 25.8558253686, 0.0178434815113, 0.00309703251108, 5.76147697755
0, 3.0, 7, regularization, -0.0344198575241, 0.00153819275834, 22.376816779, 0.0177852299841, 0.00359205624583, 4.95126712025
0, 3.0, 8, regularization, -0.0345733656281, 0.00197367931802, 17.5172153411, 0.0181525441435, 0.00456791552446, 3.97392290779
0, 3.0, 9, regularization, -0.0344442263039, 0.00129778336339, 26.5408135714, 0.0179098117978, 0.00316024010366, 5.6672313528
0, 3.0, 10, regularization, -0.0349219967662, 0.00212630994054, 16.4237565278, 0.0183950864693, 0.00503077716979, 3.65650988872
0, 1.0, 21, no_regularization, -0.0119635088965, 0.00105416494798, 11.3488016458, 0.00651701597575, 0.00664767818769, 0.980344684527
0, 1.0, 22, no_regularization, -0.0119419724869, 0.000947779208831, 12.5999519462, 0.00624221128888, 0.00578888595071, 1.07830959912
0, 1.0, 23, no_regularization, -0.011928241053, 0.00125407385988, 9.5115937223, 0.00620624748214, 0.00671978482831, 0.923578305066
0, 1.0, 24, no_regularization, -0.01206289184, 0.000718920687021, 16.7791691876, 0.00638328090156, 0.00486720028663, 1.31148925987
0, 1.0, 25, no_regularization, -0.0120515116608, 0.000743031799161, 16.2193753679, 0.0062376620136, 0.00508698528189, 1.22620012993
0, 1.0, 21, regularization, -0.0119765239526, 0.000932013782494, 12.8501575594, 0.00617027865023, 0.00253586076655, 2.43320876746
0, 1.0, 22, regularization, -0.0119252691599, 0.000835033064682, 14.2811939602, 0.00579128118883, 0.00246258659475, 2.3517066166
0, 1.0, 23, regularization, -0.0119469304355, 0.00107881950997, 11.0740771047, 0.00578744310786, 0.0028468779572, 2.03290874947
0, 1.0, 24, regularization, -0.0120373071318, 0.000730827838327, 16.4707835424, 0.00600788481308, 0.00221287403774, 2.71496918063
0, 1.0, 25, regularization, -0.012043969985, 0.000699235473176, 17.224483664, 0.00567654600282, 0.00190043137493, 2.98697762925
0, 9.0, 21, no_regularization, -0.0085013165011, 0.545584714097, 0.0155820283843, -0.0852829320061, 0.870646442755, 0.0979535754333
0, 9.0, 22, no_regularization, -0.0342263181538, 0.516129976065, 0.0663133701606, 0.0165348226645, 0.619243452237, 0.0267016511919
0, 9.0, 23, no_regularization, -0.0227625534582, 0.535459556737, 0.0425103131914, 0.0231676331986, 0.758824064364, 0.0305309679629
0, 9.0, 24, no_regularization, -0.0502680667432, 0.239871769527, 0.209562245871, 0.0534987780463, 0.242577224527, 0.220543285342
0, 9.0, 25, no_regularization, -0.0733246343774, 0.638538320516, 0.114832003063, -0.159854294811, 0.66608194463, 0.239991935076
0, 9.0, 21, regularization, -0.0122041577575, 0.401349676269, 0.0304077927033, -0.0707184603015, 0.789981470078, 0.0895191380811
0, 9.0, 22, regularization, -0.00416732530264, 0.478241106695, 0.00871385843732, -0.0515016845204, 0.569591145535, 0.0904186887808
0, 9.0, 23, regularization, -0.0173397740084, 0.307085505732, 0.0564656217397, -0.0388313567362, 0.461466857958, 0.0841476610217
0, 9.0, 24, regularization, -0.0848174945821, 0.079977742139, 1.06051374187, 0.0413690482158, 0.124189856274, 0.33311133016
0, 9.0, 25, regularization, 0.00339728124167, 0.413578103244, 0.00821436438492, -0.0285442631873, 0.693717761196, 0.0411467959795
0, 7.0, 6, no_regularization, -0.0356926167298, 0.274057808943, 0.130237546842, 0.0445745578051, 0.303536541406, 0.146850713916
0, 7.0, 7, no_regularization, -0.0385635573324, 0.443920025945, 0.0868705061239, -0.0305046502788, 0.704489433429, 0.0433003659548
0, 7.0, 8, no_regularization, -0.0637768009216, 0.224794398215, 0.283711700238, 0.0813543194731, 0.318489403282, 0.255438073088
0, 7.0, 9, no_regularization, -0.0419758983673, 0.221884821429, 0.18917877346, 0.0446673980952, 0.226079680619, 0.197573696021
0, 7.0, 10, no_regularization, 0.00179681699544, 0.542004550712, 0.00331513267385, 0.0449341640751, 0.654933695739, 0.0686087223293
0, 7.0, 6, regularization, -0.0394790337123, 0.302495821103, 0.130511005304, 0.0209228162648, 0.407944130194, 0.0512884356365
0, 7.0, 7, regularization, -0.0328954786112, 0.218185226544, 0.150768588379, -0.00950808303081, 0.36645860218, 0.0259458584796
0, 7.0, 8, regularization, -0.0940181813217, 0.210964469294, 0.445658843104, 0.0122826671314, 0.329631650691, 0.0372617954181
0, 7.0, 9, regularization, -0.0174127708861, 0.394492202566, 0.0441397086503, -0.187044345656, 0.773592184212, 0.241786757252
0, 7.0, 10, regularization, -0.0125490033162, 0.437220570784, 0.028701767837, 0.0530279561309, 0.654077809406, 0.0810728561164
0, 9.0, 16, no_regularization, -0.0164161399256, 0.519858793364, 0.0315780749218, -0.012684386861, 0.670117876124, 0.0189285904957
0, 9.0, 17, no_regularization, -0.0429190409993, 0.433332211151, 0.0990441972574, 0.0259285658385, 0.879227313796, 0.0294901732825
0, 9.0, 18, no_regularization, -0.00846941486104, 0.384961269958, 0.0220006933736, 0.054042104246, 0.576376302064, 0.0937618428317
0, 9.0, 19, no_regularization, 0.00112989601575, 0.537172256583, 0.00210341469037, 0.0318632078575, 0.691110936339, 0.0461043317102
0, 9.0, 20, no_regularization, 0.0117130572533, 0.810788185428, 0.0144465070703, 0.0613546234916, 0.682987713358, 0.0898326899469
0, 9.0, 16, regularization, 0.00900180117049, 0.281164019204, 0.0320161918157, 0.0318514167177, 0.35130139174, 0.090666924375
0, 9.0, 17, regularization, -0.0483144079474, 0.352152581032, 0.137197369975, -0.0302817811102, 0.942410557493, 0.0321322600532
0, 9.0, 18, regularization, -0.00786450708225, 0.428575399596, 0.018350346496, 0.0424744867422, 0.46536248458, 0.0912718324954
0, 9.0, 19, regularization, 0.000624711886312, 0.326913410516, 0.00191093991931, 0.0370846504857, 0.746078102137, 0.0497061237683
0, 9.0, 20, regularization, -0.014314898206, 0.552102740841, 0.0259279607708, 0.0545286000532, 0.719055108464, 0.0758336870309
0, 9.0, 6, no_regularization, -0.0514494675907, 0.545907843275, 0.0942457014027, 0.0612919247234, 0.736000539945, 0.0832770105412
0, 9.0, 7, no_regularization, -0.0270830917648, 0.5047857788, 0.0536526441557, 0.0324115425009, 0.666200084313, 0.048651363553
0, 9.0, 8, no_regularization, 0.0112346158936, 0.393826957053, 0.0285267823658, -0.0641343793296, 0.635433370256, 0.100930140486
0, 9.0, 9, no_regularization, -0.0333327359372, 0.403029359725, 0.0827054782311, 0.01483823182, 0.561842159212, 0.0264099651063
0, 9.0, 10, no_regularization, 0.00246200857906, 0.731484421052, 0.00336577035436, 0.0177367363158, 1.05872215641, 0.0167529660246
0, 9.0, 6, regularization, 0.0167073740326, 0.501457894821, 0.0333176009494, 0.0634154746978, 0.585817429877, 0.108251259631
0, 9.0, 7, regularization, -0.0255553698759, 0.428752623587, 0.0596039965006, 0.0301655289431, 0.642528965076, 0.0469481230928
0, 9.0, 8, regularization, -0.0673342422391, 0.198758051841, 0.33877491561, 0.0414241767003, 0.314904971256, 0.131545007165
0, 9.0, 9, regularization, -0.0394472402648, 0.305521849966, 0.129114301544, 0.0164311709459, 0.525198754531, 0.0312856243548
0, 9.0, 10, regularization, 0.00103851905781, 0.341357448269, 0.00304232136454, -0.000843362996289, 0.594884210379, 0.00141769268973
0, 1.0, 11, no_regularization, -0.0115776911135, 0.00110999710449, 10.4303795628, 0.00626423152169, 0.00643700695644, 0.973159041786
0, 1.0, 12, no_regularization, -0.0112162651556, 0.000908194005979, 12.3500761751, 0.00572920648906, 0.00570366295548, 1.00447844373
0, 1.0, 13, no_regularization, -0.0113539256716, 0.00102785242137, 11.0462605676, 0.00572456694733, 0.00652826953232, 0.876888878284
0, 1.0, 14, no_regularization, -0.0118814031349, 0.000793884498022, 14.9661609019, 0.0062495578942, 0.00541822612576, 1.15343246095
0, 1.0, 15, no_regularization, -0.0119395094541, 0.000683285958383, 17.4736642947, 0.00623370976681, 0.00489031455382, 1.27470527677
0, 1.0, 11, regularization, -0.0115889825466, 0.00100312353137, 11.5528967113, 0.00581743304574, 0.0023765219895, 2.44787680124
0, 1.0, 12, regularization, -0.0112217011381, 0.000909193281742, 12.3424813661, 0.00559313926661, 0.00223426971102, 2.50334113157
0, 1.0, 13, regularization, -0.0113309699214, 0.000942143553979, 12.0267976929, 0.0052340021954, 0.00224536485885, 2.33102525622
0, 1.0, 14, regularization, -0.0118726235427, 0.000749807486523, 15.8342291269, 0.00597270249836, 0.0021727553083, 2.74890710221
0, 1.0, 15, regularization, -0.0119059557403, 0.00069786987877, 17.0604235868, 0.00594754517508, 0.00260267115444, 2.28516966691
0, 7.0, 1, no_regularization, -0.0136157507587, 0.303641612017, 0.0448415178282, 0.0282399803474, 0.367819588715, 0.076776716667
0, 7.0, 2, no_regularization, -0.0652857652627, 0.308782714523, 0.211429468659, 0.0459213850018, 0.352777583406, 0.130170926844
0, 7.0, 3, no_regularization, -0.0584355411651, 0.24070463075, 0.242768662086, 0.0423216609962, 0.377597168797, 0.112081510386
0, 7.0, 4, no_regularization, -0.0743239125749, 0.314590799279, 0.236255836932, 0.040543555514, 0.233681965839, 0.173498863588
0, 7.0, 5, no_regularization, -0.00561438742213, 0.323340380341, 0.017363706371, 0.01295832483, 0.383012527897, 0.0338326396298
0, 7.0, 1, regularization, -0.010092455704, 0.245778555974, 0.0410632069343, 0.0250852197761, 0.316192905504, 0.0793351758989
0, 7.0, 2, regularization, -0.0452024133536, 0.245178832682, 0.18436507287, 0.0413532370406, 0.340908669918, 0.12130297845
0, 7.0, 3, regularization, -0.00344040867747, 0.303287648011, 0.0113437151168, -0.00197766583726, 0.658033565279, 0.00300541787169
0, 7.0, 4, regularization, -0.0648777166175, 0.127218431608, 0.509971045844, 0.0254505631728, 0.186136414325, 0.136730705086
0, 7.0, 5, regularization, -0.022620668822, 0.363541874887, 0.0622230075395, 0.0725683778588, 0.48263150835, 0.150359801636
0, 11.0, 26, no_regularization, -0.033813883925, 0.538441872155, 0.0627995066387, -0.00117193972705, 0.871423274302, 0.00134485704205
0, 11.0, 27, no_regularization, -0.0375185912796, 0.457930178614, 0.0819308117958, -0.0716652499882, 0.641894783721, 0.111646412786
0, 11.0, 28, no_regularization, -0.0133945530492, 0.50011343039, 0.0267830300792, 0.0978232013713, 0.815980554844, 0.119884231052
0, 11.0, 29, no_regularization, -0.00888271982305, 0.334016063214, 0.0265936905476, -0.075617321652, 0.432240644662, 0.174942644996
0, 11.0, 30, no_regularization, 0.0019105009217, 0.527621448475, 0.0036209690247, 0.0276324531327, 0.798970337842, 0.0345850801011
0, 11.0, 26, regularization, -0.0218764235944, 0.407385411724, 0.0536995753035, -0.00209069658307, 0.764475563212, 0.00273481152789
0, 11.0, 27, regularization, -0.0532483714844, 0.428984104135, 0.124126677355, -0.028792585512, 0.658978775228, 0.043692735782
0, 11.0, 28, regularization, -0.00946748383742, 0.421008702059, 0.022487620306, 0.0944775302585, 0.78226210211, 0.120774776131
0, 11.0, 29, regularization, 0.0218116900882, 0.473524396964, 0.0460624420368, -0.0825517990132, 0.414501411608, 0.199159271118
0, 11.0, 30, regularization, -0.00374461145674, 0.3094698387, 0.0121000853346, 0.106467810212, 0.406275956598, 0.262057866046
0, 3.0, 16, no_regularization, -0.0348288875274, 0.00215409617521, 16.1686780415, 0.0203229447805, 0.0148335414898, 1.3700669388
0, 3.0, 17, no_regularization, -0.0347301778808, 0.00184072935528, 18.8676177631, 0.0206231872333, 0.0142496780332, 1.44727390929
0, 3.0, 18, no_regularization, -0.034470678848, 0.00156951777766, 21.9625921659, 0.0206111805904, 0.0132615285885, 1.55420851019
0, 3.0, 19, no_regularization, -0.0343444332195, 0.00189392653675, 18.1339838441, 0.0208263127492, 0.0148625069841, 1.40126512784
0, 3.0, 20, no_regularization, -0.0346508408429, 0.00255824352097, 13.54477811, 0.0212281614524, 0.0162753270975, 1.30431550317
0, 3.0, 16, regularization, -0.0348251848468, 0.00179381964326, 19.413983439, 0.0174403301499, 0.00407102703998, 4.2840123582
0, 3.0, 17, regularization, -0.0347230839976, 0.0016205912844, 21.4261821175, 0.0175514546723, 0.00341705897537, 5.13642134912
0, 3.0, 18, regularization, -0.0344756123575, 0.00146884892623, 23.4711764715, 0.0179922526135, 0.00319296096439, 5.63497418669
0, 3.0, 19, regularization, -0.0343431013692, 0.00168380239122, 20.3961590435, 0.0180876279253, 0.00355242700613, 5.09162549831
0, 3.0, 20, regularization, -0.0346261115637, 0.00213549178859, 16.2145842699, 0.0181811551492, 0.00404233743903, 4.4976836851
0, 5.0, 21, no_regularization, -0.0566592125764, 0.0237611296905, 2.38453361917, 0.034357478604, 0.0256615995666, 1.338867381
0, 5.0, 22, no_regularization, -0.0560995011126, 0.00343625465873, 16.3257693868, 0.0340932009304, 0.0376664094706, 0.905135408701
0, 5.0, 23, no_regularization, -0.0563714868948, 0.0581023524738, 0.970210060259, 0.0294831146661, 0.0714154215186, 0.412839608577
0, 5.0, 24, no_regularization, -0.0557052789509, 0.00223762612284, 24.8948107917, 0.0336782520764, 0.0174364902425, 1.93148114145
0, 5.0, 25, no_regularization, -0.057074399534, 0.00261259874077, 21.8458344342, 0.0338871506839, 0.0176907521756, 1.91552910512
0, 5.0, 21, regularization, -0.0566739295158, 0.0031198564326, 18.1655568902, 0.0305024679454, 0.00730937789435, 4.17305937472
0, 5.0, 22, regularization, -0.0560461921763, 0.00295635291972, 18.957882803, 0.0297967783122, 0.00795275617058, 3.74672348468
0, 5.0, 23, regularization, -0.056158125418, 0.00397101705953, 14.1420005445, 0.0297794556616, 0.00840446647544, 3.54328924371
0, 5.0, 24, regularization, -0.0557239944778, 0.00235026229815, 23.7096916891, 0.0302627761295, 0.00584583281623, 5.17681177016
0, 5.0, 25, regularization, -0.0570488400351, 0.0025240377389, 22.6022135707, 0.0301943514736, 0.0056385160637, 5.35501737203
0, 0.5, 26, no_regularization, -0.00622848384789, 0.000572956916858, 10.8707717188, 0.00300145495772, 0.00305452744111, 0.982624977377
0, 0.5, 27, no_regularization, -0.00597522452019, 0.000671334399815, 8.90051890956, 0.00293143985029, 0.00326841356559, 0.896899915346
0, 0.5, 28, no_regularization, -0.00609007527193, 0.00106242669318, 5.73223104333, 0.00336508798431, 0.00561696995943, 0.599093106891
0, 0.5, 29, no_regularization, -0.00624191250837, 0.000611718133531, 10.2039030171, 0.00299153935701, 0.00340443481451, 0.878718354149
0, 0.5, 30, no_regularization, -0.00637746675257, 0.000757929168519, 8.41433080749, 0.00311638516193, 0.00444679057703, 0.700816714425
0, 0.5, 26, regularization, -0.00622417536897, 0.000778296868852, 7.99717385237, 0.00291703438108, 0.00202612012817, 1.43971442785
0, 0.5, 27, regularization, -0.00597874453854, 0.000971614223366, 6.15341397312, 0.00285087605813, 0.00192759215473, 1.47898301575
0, 0.5, 28, regularization, -0.00609148376713, 0.0010865809178, 5.60610228594, 0.00320767950069, 0.0025436618107, 1.2610479456
0, 0.5, 29, regularization, -0.00625705438295, 0.000685286878807, 9.13056207036, 0.00297871277331, 0.00196138229294, 1.51868036335
0, 0.5, 30, regularization, -0.00637550581026, 0.000868075318179, 7.34441548647, 0.00313080192664, 0.00191213550754, 1.63733266513
0, 1.0, 26, no_regularization, -0.0122143749038, 0.000885244692826, 13.7977386398, 0.00663275278859, 0.00546081083051, 1.21460951394
0, 1.0, 27, no_regularization, -0.0118399089928, 0.00108207506358, 10.9418555064, 0.00624453431716, 0.005838979502, 1.06945645468
0, 1.0, 28, no_regularization, -0.0116360369361, 0.00190859921598, 6.09663717697, 0.00653349429731, 0.0094103290588, 0.694289674302
0, 1.0, 29, no_regularization, -0.0123312585052, 0.00089026756844, 13.8511824336, 0.00656289656277, 0.00565701122775, 1.16013497208
0, 1.0, 30, no_regularization, -0.0120076901797, 0.00115489041089, 10.3972550699, 0.00683948481394, 0.00686372725884, 0.996468034933
0, 1.0, 26, regularization, -0.0122112316609, 0.000809365687861, 15.0874096147, 0.00610208389084, 0.002387319344, 2.55604006485
0, 1.0, 27, regularization, -0.0118281187241, 0.000968621193535, 12.2112945731, 0.0058497032496, 0.00222323011336, 2.6311730911
0, 1.0, 28, regularization, -0.0116411776454, 0.00155793869255, 7.47216671691, 0.00613926615547, 0.00279667597579, 2.1952010918
0, 1.0, 29, regularization, -0.0123467710946, 0.000709072872307, 17.4125559965, 0.00623928272033, 0.00261105846489, 2.38956071043
0, 1.0, 30, regularization, -0.012025918093, 0.000972770195299, 12.3625478568, 0.00609106390848, 0.00253607170085, 2.40177117486
0, 11.0, 11, no_regularization, -0.0321996039876, 0.566320375674, 0.0568575763309, -0.0362310938188, 0.672696877596, 0.053859464828
0, 11.0, 12, no_regularization, -0.0226077190229, 0.477736051704, 0.0473226145321, 0.0475780398053, 0.657155668714, 0.0723999534211
0, 11.0, 13, no_regularization, -0.00794635747399, 0.324913908572, 0.0244568092173, 0.0121635138222, 0.40240140838, 0.0302273142413
0, 11.0, 14, no_regularization, -0.0163201408201, 0.503475840086, 0.0324149433214, -0.0796215285507, 0.990315793097, 0.0804001401429
0, 11.0, 15, no_regularization, -0.0117303557123, 0.312929457841, 0.0374856230961, 0.00596236361931, 0.624252186312, 0.0095512098316
0, 11.0, 11, regularization, 0.0218875146608, 0.249176065821, 0.0878395546885, -0.00780883020869, 0.353123431012, 0.02211359973
0, 11.0, 12, regularization, -0.0279209662076, 0.433926484326, 0.0643449229678, 0.0681228879497, 0.67360571985, 0.101131694613
0, 11.0, 13, regularization, -0.0264616138658, 0.48852729666, 0.0541660907111, 0.0590832532078, 0.563830233091, 0.104789083203
0, 11.0, 14, regularization, -0.0173243244972, 0.246862018425, 0.0701781691962, 0.0140205199933, 0.307439305733, 0.0456041883123
0, 11.0, 15, regularization, -0.00368951883076, 0.218881319502, 0.0168562526905, -0.00507554935284, 0.580115232546, 0.00874920889522
0, 1.0, 1, no_regularization, -0.0124111796259, 0.000798985421143, 15.5336747048, 0.00644179005012, 0.00526388107771, 1.22377195742
0, 1.0, 2, no_regularization, -0.0121020588103, 0.000657039051536, 18.4190860225, 0.0059212580949, 0.00444757747612, 1.3313445638
0, 1.0, 3, no_regularization, -0.0121629557909, 0.000706146618453, 17.2244056306, 0.00659056335364, 0.005194914187, 1.26865682789
0, 1.0, 4, no_regularization, -0.0120812160011, 0.000749860549085, 16.1112836458, 0.00634965594327, 0.0049142560085, 1.29208896164
0, 1.0, 5, no_regularization, -0.0122414555599, 0.000784463440362, 15.6048770791, 0.00669174185943, 0.00518206068634, 1.29132834686
0, 1.0, 1, regularization, -0.0124283501757, 0.000713962962202, 17.4075559009, 0.00612219742516, 0.00238306910071, 2.56903898562
0, 1.0, 2, regularization, -0.0121109611017, 0.000633891826871, 19.1057221252, 0.00563453838106, 0.00207994081562, 2.70898976487
0, 1.0, 3, regularization, -0.0121780272864, 0.000654166010384, 18.6161113434, 0.00597924850028, 0.00216374801519, 2.76337561412
0, 1.0, 4, regularization, -0.0120917099312, 0.000704428233996, 17.165282917, 0.00608156344326, 0.00233780966194, 2.60139375
0, 1.0, 5, regularization, -0.0122477893944, 0.000664491450753, 18.4318238866, 0.00637412722471, 0.00239568294152, 2.66067229275
0, 5.0, 1, no_regularization, -0.0559764775396, 0.00275691959991, 20.3039934648, 0.0328473592838, 0.0178312027753, 1.84212807727
0, 5.0, 2, no_regularization, -0.0555240094187, 0.00211988038871, 26.1920482469, 0.0316031642226, 0.0155941630822, 2.0266021367
0, 5.0, 3, no_regularization, -0.0557112929019, 0.00212297815248, 26.2420472094, 0.0325533241752, 0.0159484347346, 2.04116107423
0, 5.0, 4, no_regularization, -0.055678375942, 0.00248144280437, 22.437904208, 0.0327269182743, 0.0177077032778, 1.84817408338
0, 5.0, 5, no_regularization, -0.0553978051125, 0.00219085345938, 25.2859472984, 0.0335904697619, 0.0188743757236, 1.77968639883
0, 5.0, 1, regularization, -0.055956680985, 0.00266538246217, 20.9938655256, 0.0294000627443, 0.00606793857391, 4.84514837884
0, 5.0, 2, regularization, -0.0555503732718, 0.00235660269785, 23.5722268002, 0.0286341892878, 0.00559992398495, 5.11331749587
0, 5.0, 3, regularization, -0.0556976509131, 0.00235902209191, 23.6104829641, 0.0290806406047, 0.00566662168215, 5.13191849322
0, 5.0, 4, regularization, -0.0556986790838, 0.00240406559174, 23.1685355322, 0.0296443604365, 0.00574955180385, 5.15594283657
0, 5.0, 5, regularization, -0.0553692784586, 0.00231659719378, 23.9011247218, 0.0294238305248, 0.00557797679928, 5.27500052144
0, 0.5, 1, no_regularization, -0.00680344218329, 0.000616801851439, 11.0301909234, 0.00311648189325, 0.00302105702747, 1.03158658209
0, 0.5, 2, no_regularization, -0.00597797070978, 0.000513257415542, 11.6471200001, 0.00293009058707, 0.00318619677144, 0.919620097961
0, 0.5, 3, no_regularization, -0.0064579793148, 0.000547750757647, 11.7899961335, 0.00310870084843, 0.00305651979387, 1.01707204863
0, 0.5, 4, no_regularization, -0.00619871286563, 0.0005345436167, 11.596271421, 0.00311997555438, 0.00292127083952, 1.06801995631
0, 0.5, 5, no_regularization, -0.00610243486011, 0.000541559864072, 11.2682553951, 0.00301773252362, 0.00368676831178, 0.818530558045
0, 0.5, 1, regularization, -0.00680327974688, 0.000719975011261, 9.44932760231, 0.0031066276405, 0.00196722134406, 1.57919577778
0, 0.5, 2, regularization, -0.00599164198848, 0.000795859497458, 7.52851729183, 0.00271167812851, 0.00219977761981, 1.23270557173
0, 0.5, 3, regularization, -0.00645837815669, 0.000714112449339, 9.04392321219, 0.00308899758502, 0.00186940566101, 1.65239554445
0, 0.5, 4, regularization, -0.00621381464035, 0.000816626366036, 7.6091281139, 0.00311869889736, 0.002045000682, 1.52503562704
0, 0.5, 5, regularization, -0.00613168613414, 0.000773839138433, 7.92372190758, 0.0030566162979, 0.001990667406, 1.53547312257
0, 5.0, 11, no_regularization, -0.0555829344716, 0.0467717855134, 1.18838598658, 0.0331865353003, 0.0603567007065, 0.549840115709
0, 5.0, 12, no_regularization, -0.0554131484944, 0.00205512611259, 26.9633810572, 0.0323203412473, 0.0157758373838, 2.04872429025
0, 5.0, 13, no_regularization, -0.0557826842983, 0.00207984641128, 26.8205786714, 0.0325506298456, 0.0168865761948, 1.92760388311
0, 5.0, 14, no_regularization, -0.0561702536233, 0.00267698461325, 20.9826583781, 0.0329848926307, 0.0176574872872, 1.86804000446
0, 5.0, 15, no_regularization, -0.0560486802541, 0.00230478484456, 24.3184002127, 0.0337433250004, 0.017604264979, 1.91676988733
0, 5.0, 11, regularization, -0.0557568005479, 0.00351972110857, 15.8412552665, 0.0299446311874, 0.0072520653755, 4.12911765641
0, 5.0, 12, regularization, -0.0554362440064, 0.00234179447636, 23.6725487937, 0.0290244850265, 0.00557561138714, 5.20561477679
0, 5.0, 13, regularization, -0.0557747069646, 0.00218740673488, 25.4980960217, 0.0290156168271, 0.00548489988004, 5.29009051426
0, 5.0, 14, regularization, -0.0561583008979, 0.00264966038736, 21.1945278594, 0.0297367934126, 0.00588659829206, 5.05160908512
0, 5.0, 15, regularization, -0.0560509323646, 0.00243793477255, 22.9911534121, 0.0298525453957, 0.00611750901163, 4.87985311325
0, 7.0, 21, no_regularization, -0.0412660349032, 0.219875838017, 0.187678806709, 0.0422365452107, 0.24607023358, 0.171644268371
0, 7.0, 22, no_regularization, 0.00863201235465, 0.382031324366, 0.022595038166, 0.0390846429369, 0.394963368161, 0.0989576403473
0, 7.0, 23, no_regularization, 0.0257217392613, 0.564824144453, 0.0455393763067, 0.0153261319365, 0.499360872213, 0.0306914954482
0, 7.0, 24, no_regularization, -0.053297623857, 0.155035093416, 0.343777803353, 0.0405300286126, 0.158066779855, 0.256410794538
0, 7.0, 25, no_regularization, -0.057935049935, 0.176593921861, 0.328069331744, 0.0423310331037, 0.186409783027, 0.227085898692
0, 7.0, 21, regularization, -0.0514737066924, 0.194121907744, 0.265161759899, 0.0320912674421, 0.339502913125, 0.0945242771165
0, 7.0, 22, regularization, 0.00266580755313, 0.365018019933, 0.00730322177962, -0.0169902665947, 0.704218652983, 0.0241264080733
0, 7.0, 23, regularization, 0.0262225596525, 0.442650176727, 0.0592399168265, 0.0220354505886, 0.442451647114, 0.049803070533
0, 7.0, 24, regularization, -0.0478540664481, 0.182745401797, 0.261861945513, 0.0316681583909, 0.220432453179, 0.143663775157
0, 7.0, 25, regularization, -0.0582965006052, 0.11718913422, 0.497456534627, 0.0414075351171, 0.15509627215, 0.266979564003
0, 9.0, 1, no_regularization, 0.0136505644785, 0.539062483622, 0.0253227870484, 0.0192298313802, 0.647965428536, 0.0296772490218
0, 9.0, 2, no_regularization, -0.04926808292, 0.538597551481, 0.091474762157, 0.014762412606, 0.720815690726, 0.0204801488036
0, 9.0, 3, no_regularization, -0.00688619285473, 0.474279184745, 0.0145192812087, 0.0335066185484, 0.8386695171, 0.0399521120837
0, 9.0, 4, no_regularization, -0.0274331830671, 0.479623113904, 0.0571973749217, -0.0578428632075, 0.74376641551, 0.0777702004303
0, 9.0, 5, no_regularization, -0.0362772579114, 0.482890964881, 0.0751251536055, 0.0396477793503, 0.82867418918, 0.0478448343969
0, 9.0, 1, regularization, 0.00970786811827, 0.439628589325, 0.0220819763637, 0.0274515148706, 0.595231784841, 0.0461190339121
0, 9.0, 2, regularization, -0.028023724087, 0.446409488129, 0.0627758254073, 0.0235477906718, 0.693936433919, 0.0339336422196
0, 9.0, 3, regularization, -0.0193566984429, 0.425365661674, 0.0455060203186, 0.0497280713727, 0.827759690537, 0.0600754928529
0, 9.0, 4, regularization, -0.0319795665198, 0.364686140023, 0.0876906550871, -0.0437064578038, 0.694474009393, 0.0629346198888
0, 9.0, 5, regularization, -0.0335406004178, 0.445711944617, 0.075251742348, -0.0590882755923, 0.952714276227, 0.0620209826458
0, 3.0, 26, no_regularization, -0.0346573354035, 0.00229178181869, 15.1224410285, 0.0214642959828, 0.0159446832575, 1.34617261668
0, 3.0, 27, no_regularization, -0.0344222953971, 0.00262803240828, 13.0981243948, 0.0204049063388, 0.015996123607, 1.27561569541
0, 3.0, 28, no_regularization, -0.0340985569245, 0.0335590565168, 1.01607614944, 0.0221615216735, 0.0671613479439, 0.329974343159
0, 3.0, 29, no_regularization, -0.0345805579395, 0.00188146697001, 18.3795721587, 0.0209255603873, 0.0151872411433, 1.37783815967
0, 3.0, 30, no_regularization, -0.034370609954, 0.00242671752246, 14.1634160696, 0.021870495402, 0.0184090527907, 1.18802937069
0, 3.0, 26, regularization, -0.0346519942793, 0.00190452665258, 18.1945441574, 0.0180401489265, 0.00380659023638, 4.73918856673
0, 3.0, 27, regularization, -0.0344211971498, 0.00214450433785, 16.0508871641, 0.018179648868, 0.00406704591964, 4.46998859301
0, 3.0, 28, regularization, -0.034213263033, 0.00348849204231, 9.80746483526, 0.0183170448591, 0.00603121549391, 3.03704035739
0, 3.0, 29, regularization, -0.03457883408, 0.00166571875268, 20.7591071568, 0.0179729640891, 0.00328870778698, 5.46505352657
0, 3.0, 30, regularization, -0.0343663147515, 0.0019016979825, 18.0713841355, 0.0182544603391, 0.00378131092048, 4.82754809721
0, 7.0, 11, no_regularization, 0.0129292249667, 0.46870079698, 0.0275852421203, 0.0463050144048, 0.811280500464, 0.0570764542946
0, 7.0, 12, no_regularization, 0.068717394815, 0.420467277707, 0.16343101701, 0.00542044523922, 0.418399817702, 0.0129551806905
0, 7.0, 13, no_regularization, -0.0031553675323, 0.311613141274, 0.0101259129169, 0.00475124594341, 0.361425857147, 0.0131458384879
0, 7.0, 14, no_regularization, -0.0430019332806, 0.195121509374, 0.220385407117, 0.0454837098653, 0.214325649803, 0.212217762583
0, 7.0, 15, no_regularization, -0.0701921234723, 0.175022157283, 0.401047070622, 0.0334152453354, 0.20154523455, 0.165795263828
0, 7.0, 11, regularization, -0.0374749139105, 0.428973350352, 0.0873595384883, -0.065769097299, 0.502209398656, 0.130959511063
0, 7.0, 12, regularization, 0.00718948144151, 0.248924957046, 0.028882123861, -0.100655487732, 0.627422663767, 0.16042692358
0, 7.0, 13, regularization, 0.00795791021094, 0.488364291011, 0.0162950288492, 0.00156451360087, 0.631845845482, 0.00247610016281
0, 7.0, 14, regularization, -0.0514200549118, 0.133743297717, 0.384468274595, 0.0411801256715, 0.18125539812, 0.227193926904
0, 7.0, 15, regularization, -0.0682000876907, 0.127092981489, 0.536615687914, 0.0369020517813, 0.21328137311, 0.173020509214
0, 7.0, 16, no_regularization, -0.00380506351156, 0.481844118441, 0.00789687653317, -0.107633412143, 0.506185020209, 0.212636502159
0, 7.0, 17, no_regularization, -0.00980110287108, 0.305616224007, 0.032069969135, 0.00510785574118, 0.356996863186, 0.0143078448802
0, 7.0, 18, no_regularization, -0.0725499970366, 0.193159654313, 0.375596018198, 0.0473824952153, 0.197321840712, 0.240127980989
0, 7.0, 19, no_regularization, -0.0351222206931, 0.284413979552, 0.123489783268, 0.0384366416161, 0.333497347043, 0.115253215526
0, 7.0, 20, no_regularization, -0.0135095593063, 0.340669335383, 0.0396559299682, 0.0187511690755, 0.383476124799, 0.0488978788062
0, 7.0, 16, regularization, -0.00679890485682, 0.458330551338, 0.014834064273, -0.118431352722, 0.613731250177, 0.19296940263
0, 7.0, 17, regularization, -0.043778229063, 0.240764946882, 0.181829745692, 0.0351121085662, 0.288736971336, 0.121605862954
0, 7.0, 18, regularization, -0.0523428089099, 0.107417336698, 0.487284553116, 0.0272903082013, 0.143244868283, 0.190515084613
0, 7.0, 19, regularization, -0.00890510310832, 0.353787099738, 0.0251707965466, 0.0446939521654, 0.73063951705, 0.0611710031041
0, 7.0, 20, regularization, 0.00659698160907, 0.32926232311, 0.0200356407219, -0.0182382952316, 0.494790635377, 0.0368606314017
0, 11.0, 6, no_regularization, -0.00806617313191, 0.313365149676, 0.0257404920115, 0.0857474011596, 0.444270866815, 0.193007031441
0, 11.0, 7, no_regularization, -0.0283062221294, 0.535868755206, 0.0528230501487, 0.0148122622653, 0.704093423091, 0.021037353538
0, 11.0, 8, no_regularization, -0.0073137613403, 0.365556250149, 0.0200072118513, 0.0494434455504, 0.814227765053, 0.0607243423431
0, 11.0, 9, no_regularization, 0.0215917087052, 0.561497374296, 0.0384538017338, 0.0323652261996, 0.703712161926, 0.0459921370565
0, 11.0, 10, no_regularization, -0.144743347241, 0.713103593839, 0.202976606053, 0.043272243583, 0.686745660187, 0.0630105817796
0, 11.0, 6, regularization, 0.0359295679638, 0.59029429287, 0.0608672121648, -0.000315526604917, 0.665746423524, 0.00047394412312
0, 11.0, 7, regularization, -0.00785853733805, 0.270829280999, 0.0290165720231, -0.141643555155, 0.346525094495, 0.408754105851
0, 11.0, 8, regularization, -0.0612304705135, 0.426398591355, 0.143599138822, -0.0356191029742, 0.542093883296, 0.0657065207185
0, 11.0, 9, regularization, 0.0218149982187, 0.471930826141, 0.0462249910587, 0.0327757575088, 0.624345795706, 0.0524961611565
0, 11.0, 10, regularization, -0.0557007171046, 0.52855494769, 0.10538302091, 0.0660232533828, 0.700535041366, 0.0942468962782
0, 9.0, 26, no_regularization, -0.0194375405961, 0.502251574762, 0.0387008056776, -0.00137274847561, 0.582751744654, 0.00235563168743
0, 9.0, 27, no_regularization, -0.0263898519463, 0.475021990794, 0.0555550110473, -0.167836183054, 0.84921811642, 0.197636131176
0, 9.0, 28, no_regularization, 0.00301382374152, 0.453032358032, 0.00665255734626, 0.0376858331661, 0.594671267537, 0.063372547529
0, 9.0, 29, no_regularization, 0.0202706140744, 0.365863230096, 0.0554048956193, -0.124796711617, 0.481435588274, 0.259217878063
0, 9.0, 30, no_regularization, 0.0212462381247, 0.499027587063, 0.0425752777512, 0.0256046144973, 0.717744503309, 0.0356737172898
0, 9.0, 26, regularization, -0.0366651707062, 0.375554361499, 0.097629463175, -0.0331040312287, 0.6036593134, 0.0548389306582
0, 9.0, 27, regularization, -0.0182235234952, 0.411164464267, 0.0443217375988, -0.104905667653, 0.748874808503, 0.140084385884
0, 9.0, 28, regularization, 0.00404649168086, 0.366271345378, 0.0110477975739, 0.0286547822767, 0.602943679254, 0.0475248074781
0, 9.0, 29, regularization, 0.017324280764, 0.441779031058, 0.0392148099979, -0.191213904167, 1.07077769966, 0.178574791226
0, 9.0, 30, regularization, 0.0270326333307, 0.473792802312, 0.0570558125805, 0.0113117961126, 0.594889147688, 0.0190149646477
0, 5.0, 16, no_regularization, -0.0566159515161, 0.0255533931692, 2.21559427122, 0.0336194914505, 0.0309719343211, 1.08548245976
0, 5.0, 17, no_regularization, -0.0567884157609, 0.00291422872563, 19.4866021536, 0.0333662655665, 0.0190047730542, 1.75567819049
0, 5.0, 18, no_regularization, -0.0566422943669, 0.00248211083566, 22.8202115526, 0.0342450747184, 0.0180412204284, 1.89815732557
0, 5.0, 19, no_regularization, -0.0557689088293, 0.00270262619083, 20.6350804334, 0.0343514299719, 0.0217602486166, 1.57863223795
0, 5.0, 20, no_regularization, -0.0565178360902, 0.0218146355754, 2.59082192297, 0.0337749809747, 0.026546392209, 1.27230023232
0, 5.0, 16, regularization, -0.0559677662807, 0.00312768317351, 17.8943208681, 0.0293716421663, 0.00682488514788, 4.30360973553
0, 5.0, 17, regularization, -0.0567391494947, 0.00277406848006, 20.4534062164, 0.029551831887, 0.00597896472771, 4.94263358839
0, 5.0, 18, regularization, -0.0566095431007, 0.00244492518169, 23.1538958839, 0.0303914008645, 0.00536173407026, 5.66820369423
0, 5.0, 19, regularization, -0.0557594983457, 0.00256990765465, 21.6970824788, 0.0304598905577, 0.00592477570294, 5.14110442064
0, 5.0, 20, regularization, -0.0564917216678, 0.00344704264682, 16.3884603284, 0.0299297324351, 0.00924996307232, 3.23565966708
0, 1.0, 6, no_regularization, -0.0125248100412, 0.000711254231195, 17.6094699924, 0.00691763671758, 0.00511626484278, 1.35208730004
0, 1.0, 7, no_regularization, -0.0123047180175, 0.0010888407578, 11.3007507565, 0.00831790477757, 0.0103788522069, 0.801428193771
0, 1.0, 8, no_regularization, -0.0120961095485, 0.00107876177732, 11.2129571169, 0.00622561436861, 0.00604567014862, 1.02976414782
0, 1.0, 9, no_regularization, -0.0119645353624, 0.000698391738729, 17.1315533947, 0.00620161046873, 0.00451696140127, 1.37296069587
0, 1.0, 10, no_regularization, -0.0120810082314, 0.00118700612421, 10.1777134802, 0.00624646294588, 0.00697615418565, 0.895402076796
0, 1.0, 6, regularization, -0.0125181212925, 0.000565932492593, 22.1194602826, 0.00616997798678, 0.00217443411734, 2.83750973993
0, 1.0, 7, regularization, -0.0123126281126, 0.000879653027235, 13.9971417495, 0.00642219299465, 0.00253574298628, 2.5326671628
0, 1.0, 8, regularization, -0.0120822132977, 0.000946242767164, 12.7686189178, 0.00602137072292, 0.00260845233529, 2.30840741901
0, 1.0, 9, regularization, -0.0119802485679, 0.000669685020032, 17.8893781547, 0.00584990447071, 0.00201915232179, 2.89720810441
0, 1.0, 10, regularization, -0.0120946055354, 0.000992877371202, 12.1813689044, 0.00632780292286, 0.00253803094782, 2.49319376042
0, 5.0, 6, no_regularization, -0.0556892204817, 0.00208447168361, 26.7162278671, 0.0330263523354, 0.0178042452697, 1.85497064522
0, 5.0, 7, no_regularization, -0.0552592486941, 0.00248243161486, 22.2601292875, 0.0334090319714, 0.0185916566784, 1.79699058289
0, 5.0, 8, no_regularization, -0.0557301961842, 0.0197984728679, 2.81487347818, 0.0331161619722, 0.0235101340114, 1.40859094874
0, 5.0, 9, no_regularization, -0.0565062258788, 0.00214121571063, 26.3897866983, 0.0341702583498, 0.0186480560944, 1.83237642449
0, 5.0, 10, no_regularization, -0.0564377212907, 0.0591419074521, 0.954276311368, 0.0344891591959, 0.0765632422612, 0.450466283523
0, 5.0, 6, regularization, -0.0557032856446, 0.00238151400994, 23.3898626723, 0.029086270386, 0.00538051623851, 5.40585124116
0, 5.0, 7, regularization, -0.0552257487263, 0.00246964650658, 22.361803027, 0.0296130697797, 0.0057811839861, 5.12231920847
0, 5.0, 8, regularization, -0.0557325389987, 0.0031194406201, 17.8661964711, 0.0297842113922, 0.00689374688167, 4.32046779544
0, 5.0, 9, regularization, -0.0565005372884, 0.00231301164193, 24.4272602283, 0.0302436241071, 0.00694067667528, 4.35744604194
0, 5.0, 10, regularization, -0.0558420772395, 0.00371354161577, 15.03741792, 0.0280547685734, 0.0389098804395, 0.721019141065
0, 11.0, 16, no_regularization, -0.0145566069191, 0.452110292754, 0.0321970261513, -0.0332128106952, 0.794284940727, 0.0418147304477
0, 11.0, 17, no_regularization, 0.00369000439017, 0.561475358913, 0.00657197921796, 0.0718225471045, 0.737778393109, 0.09734975675
0, 11.0, 18, no_regularization, 0.00113075841104, 0.514138267616, 0.00219932746163, -0.0296603144205, 0.793332890905, 0.0373869718003
0, 11.0, 19, no_regularization, -0.0200481516076, 0.393807503797, 0.0509085058417, -0.00952532239648, 0.557032004239, 0.0171001348648
0, 11.0, 20, no_regularization, -0.0388746446197, 0.453262024344, 0.0857663835304, -0.00234774711264, 0.653472715441, 0.00359272400693
0, 11.0, 16, regularization, -0.0234996547213, 0.396758832337, 0.0592290651298, -0.0780318428767, 0.768144912864, 0.101584794184
0, 11.0, 17, regularization, 0.00418787125844, 0.423353859837, 0.00989212962427, 0.0249160478023, 0.762426818959, 0.0326799204628
0, 11.0, 18, regularization, 0.0249411670631, 0.329207747173, 0.075761179004, 0.0043073073842, 0.48319155113, 0.00891428538874
0, 11.0, 19, regularization, -0.0134410481272, 0.25688925649, 0.0523223443084, -0.00971759931451, 0.589425468678, 0.016486561628
0, 11.0, 20, regularization, -0.015153307868, 0.277838789661, 0.0545399290234, -0.00756277176603, 0.389682033109, 0.0194075454434
0, 7.0, 26, no_regularization, -0.0566481356728, 0.218164379284, 0.259658042522, 0.0446398007373, 0.217415300563, 0.205320419592
0, 7.0, 27, no_regularization, 0.0296728663184, 0.322879488138, 0.0919007475189, 0.027382213804, 0.359646628061, 0.0761364396815
0, 7.0, 28, no_regularization, -0.0224662451148, 0.558037997309, 0.0402593465376, -0.114132147303, 0.838718520805, 0.136079202345
0, 7.0, 29, no_regularization, -0.0272449010064, 0.319480422675, 0.0852787810228, -0.0162007991786, 0.391986023195, 0.0413300429606
0, 7.0, 30, no_regularization, -0.00437278483375, 0.561878115491, 0.00778244375993, 0.0534724937749, 0.763730225845, 0.0700148978859
0, 7.0, 26, regularization, -0.0343447932019, 0.174675018731, 0.196621093568, 0.0428065241776, 0.212863017234, 0.201098926125
0, 7.0, 27, regularization, 0.00255977944497, 0.260309512331, 0.00983359932584, -0.0112003893326, 0.340895447363, 0.0328557902995
0, 7.0, 28, regularization, -0.0103354063247, 0.249948355755, 0.0413501672916, -0.00582803551692, 0.390365053627, 0.0149297060861
0, 7.0, 29, regularization, -0.0285862964741, 0.228205047366, 0.125265837912, 0.022661727772, 0.378071515656, 0.0599403203723
0, 7.0, 30, regularization, -0.00437342731548, 0.226835392968, 0.0192801804792, -0.0356466084037, 0.401984478454, 0.0886765791078
0, 1.0, 16, no_regularization, -0.0118912683443, 0.000846184228261, 14.052812552, 0.0061982464354, 0.00553073096289, 1.1206920888
0, 1.0, 17, no_regularization, -0.0118211418061, 0.000854941494101, 13.8268429917, 0.00644075865509, 0.00541937555509, 1.18846878014
0, 1.0, 18, no_regularization, -0.0117388664803, 0.000676819248227, 17.3441676062, 0.00601193000991, 0.00465826419376, 1.29059447035
0, 1.0, 19, no_regularization, -0.0119819909023, 0.000913892798572, 13.110936995, 0.00653531420042, 0.0058829266486, 1.11089506818
0, 1.0, 20, no_regularization, -0.0118705535861, 0.00106209195, 11.17657806, 0.00668126837404, 0.00665671509382, 1.00368849799
0, 1.0, 16, regularization, -0.0119124260408, 0.000751333616623, 15.855041991, 0.00549445613371, 0.00234390263299, 2.34414862477
0, 1.0, 17, regularization, -0.0117970087184, 0.000776936908409, 15.1839983282, 0.00595491100418, 0.00252625888631, 2.35720536658
0, 1.0, 18, regularization, -0.0117380317359, 0.000712653784639, 16.4708754643, 0.0055538000355, 0.00222788170905, 2.49286127398
0, 1.0, 19, regularization, -0.0119993430482, 0.000834685606079, 14.3758835192, 0.00606294600047, 0.00238628163882, 2.54075038832
0, 1.0, 20, regularization, -0.0118567116181, 0.000963017384679, 12.3120431746, 0.00592598662445, 0.00230498763609, 2.57094074245
0, 5.0, 26, no_regularization, -0.056277628223, 0.0216545066077, 2.59888757766, 0.0345378286644, 0.0292918519969, 1.17909337614
0, 5.0, 27, no_regularization, -0.0562776525927, 0.0307540115933, 1.82992883455, 0.0345000591468, 0.0430723865221, 0.800978583555
0, 5.0, 28, no_regularization, -0.0549992486689, 0.166358953257, 0.330605883194, 0.0330983284588, 0.204266738992, 0.162034840436
0, 5.0, 29, no_regularization, -0.0580976265804, 0.0546874346521, 1.06235786977, 0.0352939698375, 0.0419325084241, 0.841685154644
0, 5.0, 30, no_regularization, -0.0578927479771, 0.0411900801325, 1.40550219351, 0.034257826047, 0.051784388199, 0.661547374381
0, 5.0, 26, regularization, -0.0562901867287, 0.00290282955601, 19.3914887673, 0.030337408308, 0.00655789918985, 4.62608640812
0, 5.0, 27, regularization, -0.0563111619633, 0.00346873685335, 16.2339100208, 0.0304235974435, 0.0234173457813, 1.29919068231
0, 5.0, 28, regularization, -0.0559404116366, 0.00747682797129, 7.48183746522, 0.0314639896562, 0.0130753311654, 2.40636273439
0, 5.0, 29, regularization, -0.0577845024803, 0.0107541616445, 5.37322242219, 0.0310924449442, 0.0170184737869, 1.8269819805
0, 5.0, 30, regularization, -0.0466334906356, 0.0565810528045, 0.824189164468, 0.0306659835504, 0.0520954655097, 0.588649765395
