noInterp, strain percent, trial, regularization, mean axial strain, axial strain std, axial strain SNRe, mean lateral strain, lateral strain std, lateral strain SNRe
0, 5.0, 16, no_regularization, -0.056594422043, 0.0270414470759, 2.09287697823, 0.033938172043, 0.035137735686, 0.965861100051
0, 5.0, 17, no_regularization, -0.056640625, 0.00848740282826, 6.67349319293, 0.0332432184751, 0.0248301214989, 1.33882625087
0, 5.0, 18, no_regularization, -0.0564684139785, 0.0084858457628, 6.65442379663, 0.0337472507331, 0.0234670176657, 1.43807156128
0, 5.0, 19, no_regularization, -0.0557123655914, 0.00826835342327, 6.73802421588, 0.0344498411535, 0.027063477683, 1.2729273583
0, 5.0, 20, no_regularization, -0.056342405914, 0.0229013616235, 2.46022078688, 0.0338694403715, 0.0317206042899, 1.06774259601
0, 5.0, 16, regularization, -0.0559307795699, 0.00830506296823, 6.73454009727, 0.02943242913, 0.0147853269586, 1.99065121877
0, 5.0, 17, regularization, -0.0565524193548, 0.00848739553831, 6.66310637928, 0.0299059139785, 0.0145170060633, 2.06006072106
0, 5.0, 18, regularization, -0.0564936155914, 0.00850786185629, 6.64016606589, 0.0303183040078, 0.0151112795417, 2.00633599055
0, 5.0, 19, regularization, -0.0556955645161, 0.0081840966636, 6.80534050433, 0.0303106671554, 0.0151026511418, 2.00697658119
0, 5.0, 20, regularization, -0.0564096102151, 0.0084830246115, 6.64970488693, 0.0298753665689, 0.0156832740986, 1.90491898446
0, 11.0, 21, no_regularization, 0.00343161962366, 0.377869855368, 0.00908148552976, 0.0349615102639, 0.705810355922, 0.0495338584517
0, 11.0, 22, no_regularization, -0.0569808467742, 0.488075333183, 0.116746008045, -0.000649132453568, 0.6778549498, 0.000957627371106
0, 11.0, 23, no_regularization, -0.0218329973118, 0.390217447869, 0.0559508485103, -0.0436140640274, 0.677482941934, 0.0643766231262
0, 11.0, 24, no_regularization, -0.0159610215054, 0.431770433875, 0.0369664531268, -0.172119379277, 1.10718790677, 0.155456339637
0, 11.0, 25, no_regularization, -0.045358702957, 0.312219925785, 0.1452780531, 0.00581928152493, 0.375672270408, 0.0154903142534
0, 11.0, 21, regularization, -0.0140709005376, 0.271749550858, 0.0517789284037, -0.0825161901271, 0.697848820345, 0.118243647795
0, 11.0, 22, regularization, -0.0692624327957, 0.321284746163, 0.215579586715, 0.0143038245357, 0.557715252823, 0.0256471818966
0, 11.0, 23, regularization, 0.015578797043, 0.361604991474, 0.0430823617216, -0.00801869501466, 0.824526206377, 0.00972521546634
0, 11.0, 24, regularization, 0.00504872311828, 0.227945804631, 0.0221487871928, -0.0490973240469, 0.339833450505, 0.144474665381
0, 11.0, 25, regularization, -0.0153603830645, 0.357937320299, 0.0429136113878, 0.0306008675464, 0.398607220117, 0.0767694763217
0, 3.0, 16, no_regularization, -0.034971438172, 0.00737512172841, 4.74181165544, 0.0202147482893, 0.0215372914394, 0.938592874886
0, 3.0, 17, no_regularization, -0.0347278225806, 0.00733842881491, 4.73232396969, 0.0202452956989, 0.0208669042281, 0.970210793015
0, 3.0, 18, no_regularization, -0.0344800067204, 0.00776171903651, 4.44231574967, 0.0206347751711, 0.0186786746305, 1.10472373331
0, 3.0, 19, no_regularization, -0.0343581989247, 0.00776918702938, 4.42236733326, 0.0211540811339, 0.021498004887, 0.984002061824
0, 3.0, 20, no_regularization, -0.0346858198925, 0.00737370258936, 4.70398954557, 0.0216886608016, 0.0228498313142, 0.949182534581
0, 3.0, 16, regularization, -0.0349420362903, 0.00725036768122, 4.81934680096, 0.0174349340176, 0.0135077472444, 1.29073587936
0, 3.0, 17, regularization, -0.0347572244624, 0.0073202029605, 4.7481230575, 0.0177633186706, 0.0134770579798, 1.31804127408
0, 3.0, 18, regularization, -0.0344800067204, 0.00770730378018, 4.47367947389, 0.0183284457478, 0.0135188376339, 1.35577083209
0, 3.0, 19, regularization, -0.0343581989247, 0.00770572673074, 4.45878761671, 0.0182673509286, 0.0130689022181, 1.3977724084
0, 3.0, 20, regularization, -0.0346858198925, 0.00733555196618, 4.72845398034, 0.0183437194526, 0.0130304163358, 1.40776157721
0, 1.0, 26, no_regularization, -0.0122563844086, 0.00321553444055, 3.81161658667, 0.00680443548387, 0.0153344797977, 0.443734353799
0, 1.0, 27, no_regularization, -0.0116977486559, 0.00523662316707, 2.23383433994, 0.0058574657869, 0.0151045083757, 0.38779585811
0, 1.0, 28, no_regularization, -0.0117019489247, 0.00518764218459, 2.25573555545, 0.00707172531769, 0.0164637043463, 0.429534275456
0, 1.0, 29, no_regularization, -0.0123655913978, 0.00199943762232, 6.18453472107, 0.00666697214076, 0.0159515314184, 0.417951854646
0, 1.0, 30, no_regularization, -0.0120337701613, 0.00426047521754, 2.82451359223, 0.00639968230694, 0.0147149627274, 0.434909855058
0, 1.0, 26, regularization, -0.0122899865591, 0.00330129765321, 3.72277445119, 0.00566654447703, 0.0121489103484, 0.466424091915
0, 1.0, 27, regularization, -0.0117061491935, 0.00441890334585, 2.64910731857, 0.00557490224829, 0.0120622475826, 0.462177733471
0, 1.0, 28, regularization, -0.0117019489247, 0.00485047333695, 2.41253752198, 0.00644550342131, 0.012658176735, 0.509196826386
0, 1.0, 29, regularization, -0.0123949932796, 0.00151492504434, 8.1819185219, 0.00639204545455, 0.0127502663039, 0.501326427403
0, 1.0, 30, regularization, -0.012063172043, 0.00405813355128, 2.97259119015, 0.00572000244379, 0.012476092279, 0.458477086884
0, 3.0, 26, no_regularization, -0.0346858198925, 0.00742111507195, 4.67393640392, 0.0212380865103, 0.0208072900452, 1.02070411208
0, 3.0, 27, no_regularization, -0.0343707997312, 0.00761416913049, 4.51405782327, 0.0204896749756, 0.0215313319835, 0.95162133914
0, 3.0, 28, no_regularization, -0.0340641801075, 0.0338826475869, 1.00535768405, 0.0219788611926, 0.0691184512016, 0.31798833467
0, 3.0, 29, no_regularization, -0.034580813172, 0.00753496762983, 4.58937780106, 0.0211540811339, 0.0217233395236, 0.973795079292
0, 3.0, 30, no_regularization, -0.0344464045699, 0.00766662625949, 4.49303297226, 0.0214901026393, 0.0242172355783, 0.887388759538
0, 3.0, 26, regularization, -0.0346816196237, 0.00744723774506, 4.65697763532, 0.0179466031281, 0.012968197603, 1.38389340427
0, 3.0, 27, regularization, -0.0343455981183, 0.00767833091611, 4.47305521129, 0.0185346407625, 0.0128710620401, 1.44002419573
0, 3.0, 28, regularization, -0.0341607862903, 0.00809678800596, 4.21905405763, 0.0184277248289, 0.0136286556081, 1.35213078669
0, 3.0, 29, regularization, -0.0345514112903, 0.00754269294479, 4.58077924466, 0.0179771505376, 0.0131260054253, 1.36958274472
0, 3.0, 30, regularization, -0.0344170026882, 0.00771018063399, 4.46383869873, 0.018389540567, 0.0127945039863, 1.43729999902
0, 11.0, 1, no_regularization, 0.00878276209677, 0.469082475781, 0.0187232790612, 0.0239873533724, 0.633076969206, 0.0378901058469
0, 11.0, 2, no_regularization, -0.0308383736559, 0.50263754948, 0.0613531036187, -0.0217803030303, 0.764689227012, 0.0284825550837
0, 11.0, 3, no_regularization, -0.0645119287634, 0.469752364659, 0.137331780778, 0.0681512707722, 0.637052332591, 0.106979077363
0, 11.0, 4, no_regularization, -0.0411794354839, 0.469603337289, 0.0876898271668, 0.0103326612903, 0.670675890168, 0.0154063407404
0, 11.0, 5, no_regularization, 0.00654821908602, 0.497369649338, 0.0131656989821, 0.00475012218964, 0.825690071319, 0.00575291184263
0, 11.0, 1, regularization, -0.0665154569892, 0.451595828507, 0.147289794968, 0.0335716031281, 0.792572260673, 0.0423577821151
0, 11.0, 2, regularization, -0.0390877016129, 0.397246612316, 0.0983965637492, 0.0430183895406, 0.763137979791, 0.0563703952362
0, 11.0, 3, regularization, -0.0751932123656, 0.500068665791, 0.150365774761, 0.0250794232649, 0.555824105045, 0.0451211508052
0, 11.0, 4, regularization, -0.0232022849462, 0.388793646768, 0.0596776339818, -0.105892595308, 0.687926609265, 0.153930076089
0, 11.0, 5, regularization, 0.0429057459677, 0.358238177728, 0.119768770151, -0.0197794477028, 0.698544777811, 0.028315218052
0, 7.0, 26, no_regularization, -0.0497605846774, 0.231422938823, 0.215020105313, 0.0489598607038, 0.243683017136, 0.200916179056
0, 7.0, 27, no_regularization, -0.0463289650538, 0.306346398618, 0.151230650214, 0.029470613392, 0.371513055807, 0.0793259158227
0, 7.0, 28, no_regularization, -0.0420908938172, 0.569090509876, 0.073961686387, -0.113193426197, 0.745809825572, 0.151772505961
0, 7.0, 29, no_regularization, -0.048576108871, 0.323835153842, 0.150002580926, -0.0219406769306, 0.362827655017, 0.0604713467323
0, 7.0, 30, no_regularization, -0.0139742943548, 0.608902132863, 0.0229499842432, 0.0535572458456, 0.758028549283, 0.0706533360732
0, 7.0, 26, regularization, -0.0424899193548, 0.157306237713, 0.270109564456, 0.0444541177908, 0.256460069591, 0.173337384887
0, 7.0, 27, regularization, 0.0169942876344, 0.286580988187, 0.0593001222515, 0.0334417766373, 0.310648818674, 0.107651388407
0, 7.0, 28, regularization, -0.0372227822581, 0.518619750745, 0.0717727818977, -0.107412328935, 0.708330404114, 0.15164156206
0, 7.0, 29, regularization, -0.0153351814516, 0.287709239253, 0.053300969727, -0.0769947458456, 0.602557961978, 0.127779816555
0, 7.0, 30, regularization, -0.0154485887097, 0.536471806846, 0.0287966459981, 0.0569861925709, 0.714378010305, 0.0797703621176
0, 5.0, 6, no_regularization, -0.0557837701613, 0.00818799998805, 6.81286886208, 0.0333501344086, 0.0241806671491, 1.37920654559
0, 5.0, 7, no_regularization, -0.0550697244624, 0.00804739029941, 6.84317802585, 0.0340450879765, 0.0239469236037, 1.42168942199
0, 5.0, 8, no_regularization, -0.0558173723118, 0.0217721167414, 2.5637090309, 0.032815554741, 0.0284167534699, 1.15479605282
0, 5.0, 9, no_regularization, -0.056502016129, 0.00847250265282, 6.66886968873, 0.0345109359726, 0.0255417897717, 1.35115574442
0, 5.0, 10, no_regularization, -0.0565692204301, 0.0597143196292, 0.947330904571, 0.0350684261975, 0.0779471921033, 0.449899800765
0, 5.0, 6, regularization, -0.055766969086, 0.00816342823294, 6.83131736995, 0.0291498655914, 0.0141535332781, 2.05954690032
0, 5.0, 7, regularization, -0.0550865255376, 0.00794899942896, 6.92999490438, 0.0300739247312, 0.0146498142641, 2.05285365323
0, 5.0, 8, regularization, -0.0558173723118, 0.00823788503086, 6.77569207421, 0.0296462609971, 0.0149270648677, 1.98607437295
0, 5.0, 9, regularization, -0.0564474126344, 0.0084423354971, 6.68623186721, 0.0307841520039, 0.0155322141014, 1.98195516769
0, 5.0, 10, regularization, -0.0559265793011, 0.00825247300099, 6.77694786694, 0.0302037512219, 0.0155635914249, 1.94066718904
0, 1.0, 11, no_regularization, -0.0117439516129, 0.00430604165893, 2.72731955311, 0.00677388807429, 0.0149810313923, 0.452164333476
0, 1.0, 12, no_regularization, -0.0112777217742, 0.00518515226631, 2.17500300762, 0.00559017595308, 0.0146117008486, 0.382582151866
0, 1.0, 13, no_regularization, -0.0113029233871, 0.00513499709253, 2.20115477836, 0.00584982893451, 0.0162187496226, 0.360683102622
0, 1.0, 14, no_regularization, -0.0119077620968, 0.00383452868329, 3.10540436134, 0.00649896138807, 0.0160063758281, 0.406023290836
0, 1.0, 15, no_regularization, -0.0118195564516, 0.00403526897154, 2.92906285429, 0.00632331378299, 0.0156685709933, 0.403566718733
0, 1.0, 11, regularization, -0.0117439516129, 0.00455923937514, 2.57585764787, 0.00592619745846, 0.0123194300789, 0.481044774028
0, 1.0, 12, regularization, -0.0112777217742, 0.00518515226631, 2.17500300762, 0.00531524926686, 0.0117651182781, 0.451780351139
0, 1.0, 13, regularization, -0.0112987231183, 0.0052413421256, 2.15569273051, 0.0057123655914, 0.0121417217032, 0.47047410005
0, 1.0, 14, regularization, -0.0119329637097, 0.00376220429006, 3.17180110108, 0.00581928152493, 0.0122550419834, 0.474847946895
0, 1.0, 15, regularization, -0.0118237567204, 0.00417585258403, 2.83145932058, 0.00572000244379, 0.0125363529746, 0.456273244332
0, 5.0, 21, no_regularization, -0.0567288306452, 0.0252876615131, 2.24334031898, 0.0343505620723, 0.0308601926805, 1.11310264417
0, 5.0, 22, no_regularization, -0.0560315860215, 0.0084889450309, 6.60053585193, 0.0340909090909, 0.0407263031991, 0.83707349828
0, 5.0, 23, no_regularization, -0.0563550067204, 0.0584166777679, 0.964707492342, 0.0296768084066, 0.0741688406853, 0.400125013853
0, 5.0, 24, no_regularization, -0.0558299731183, 0.00822202531291, 6.79029448263, 0.0338770772239, 0.0216498112839, 1.56477471233
0, 5.0, 25, no_regularization, -0.0569976478495, 0.00848562493841, 6.71696525161, 0.0334875977517, 0.0227568533512, 1.47153902321
0, 5.0, 21, regularization, -0.0567036290323, 0.00844853238651, 6.71165433689, 0.0304863147605, 0.0151274283497, 2.01530055576
0, 5.0, 22, regularization, -0.0559265793011, 0.00825459772392, 6.7752034892, 0.0298448191593, 0.0155580801704, 1.91828418625
0, 5.0, 23, regularization, -0.0561365927419, 0.00859313568712, 6.53272504775, 0.0293560606061, 0.0161183347796, 1.82128371246
0, 5.0, 24, regularization, -0.0557795698925, 0.00817972359336, 6.81924875038, 0.0305855938416, 0.0148600679907, 2.05824050474
0, 5.0, 25, regularization, -0.0569934475806, 0.00857081475175, 6.6497117522, 0.030051014174, 0.0147666968646, 2.03505323157
0, 11.0, 11, no_regularization, -0.0219338037634, 0.432749497478, 0.0506847584833, -0.19952040567, 0.611860569224, 0.326088026758
0, 11.0, 12, no_regularization, -0.0155115927419, 0.486428670898, 0.0318887303935, 0.0713816593353, 0.6462231296, 0.110459771657
0, 11.0, 13, no_regularization, -0.0331443212366, 0.475429863725, 0.0697144284897, -0.135599951124, 0.798528972004, 0.169812187007
0, 11.0, 14, no_regularization, -0.0371975806452, 0.426869295841, 0.0871404455828, -0.0781020894428, 1.01144637479, 0.0772182207474
0, 11.0, 15, no_regularization, -0.00538054435484, 0.469124668922, 0.0114693272626, 0.00686553030303, 0.676699692889, 0.0101456087171
0, 11.0, 11, regularization, -0.0312794018817, 0.531987653034, 0.0587972327992, -0.0333043132942, 0.61922990193, 0.0537834384135
0, 11.0, 12, regularization, -0.0355426747312, 0.392417301616, 0.0905736688593, 0.0779493523949, 0.77934049547, 0.100019635638
0, 11.0, 13, regularization, -0.00336441532258, 0.24378425127, 0.0138007902687, -0.132697947214, 0.562763819005, 0.235796870255
0, 11.0, 14, regularization, -0.00811911962366, 0.258348704265, 0.0314269802387, -0.034556757087, 0.681852010392, 0.050680729191
0, 11.0, 15, regularization, 0.020841733871, 0.343042571115, 0.0607555318958, 0.00094696969697, 0.669393973862, 0.00141466719741
0, 3.0, 6, no_regularization, -0.0349000336022, 0.00730172945851, 4.77969415334, 0.0207569648094, 0.0193652747588, 1.07186523651
0, 3.0, 7, no_regularization, -0.0343623991935, 0.00774432620527, 4.43710637733, 0.0217573924731, 0.0224000017467, 0.971312088238
0, 3.0, 8, no_regularization, -0.0346144153226, 0.00754908739587, 4.58524501141, 0.0206042277615, 0.0215772350251, 0.954905841156
0, 3.0, 9, no_regularization, -0.0344128024194, 0.00776685554664, 4.43072517735, 0.0205889540567, 0.0198736042731, 1.0359949697
0, 3.0, 10, no_regularization, -0.034950436828, 0.00736489758376, 4.74554281719, 0.020382759042, 0.0237262479634, 0.859080587603
0, 3.0, 6, regularization, -0.0349126344086, 0.00730801302784, 4.77730872613, 0.0178931451613, 0.0133484459293, 1.3404665424
0, 3.0, 7, regularization, -0.0343371975806, 0.00775329654869, 4.42872233314, 0.0174960288368, 0.0138491604083, 1.26332776291
0, 3.0, 8, regularization, -0.0346438172043, 0.00746516292811, 4.64073156044, 0.0181222507331, 0.0132970544938, 1.36287707489
0, 3.0, 9, regularization, -0.0343834005376, 0.00779173977682, 4.4128014439, 0.018351356305, 0.0131448224319, 1.39609008795
0, 3.0, 10, regularization, -0.0349252352151, 0.00741428361447, 4.71053402204, 0.0183589931574, 0.0135394676227, 1.35596122898
0, 3.0, 1, no_regularization, -0.0348454301075, 0.0072693620364, 4.79346467174, 0.020749327957, 0.0207035401257, 1.0022115943
0, 3.0, 2, no_regularization, -0.034282594086, 0.00783608208181, 4.37496617928, 0.0191303152493, 0.0185127487807, 1.03335898282
0, 3.0, 3, no_regularization, -0.0350764448925, 0.00713610035827, 4.91535196136, 0.021001344086, 0.0196603107343, 1.0682101809
0, 3.0, 4, no_regularization, -0.034559811828, 0.00754713999899, 4.57919315563, 0.0208104227761, 0.019293432485, 1.07862728896
0, 3.0, 5, no_regularization, -0.0346312163978, 0.00753807324581, 4.59417350675, 0.0212686339198, 0.0207061255333, 1.02716627916
0, 3.0, 1, regularization, -0.0348160282258, 0.00718141893573, 4.84807090874, 0.0178702346041, 0.0133020307964, 1.34342153297
0, 3.0, 2, regularization, -0.0343119959677, 0.00781171930497, 4.39237440929, 0.0175876710655, 0.0138521476354, 1.26967106678
0, 3.0, 3, regularization, -0.0350722446237, 0.00713405509595, 4.9161723805, 0.0177633186706, 0.0137517074106, 1.29171732209
0, 3.0, 4, regularization, -0.0345220094086, 0.00760583427009, 4.53888530603, 0.0185346407625, 0.0132133227647, 1.40272368219
0, 3.0, 5, regularization, -0.0346396169355, 0.00758879233334, 4.56457568134, 0.0178931451613, 0.0132394266369, 1.35150453656
0, 7.0, 16, no_regularization, -0.0152091733871, 0.529961857123, 0.028698618934, -0.149178274682, 0.671128865494, 0.222279628179
0, 7.0, 17, no_regularization, -0.0596564180108, 0.231488182871, 0.257708265152, 0.0337930718475, 0.258940098129, 0.130505364336
0, 7.0, 18, no_regularization, -0.073345094086, 0.0946140515182, 0.775202973651, 0.0406967864125, 0.108208883111, 0.376094690588
0, 7.0, 19, no_regularization, -0.00362903225806, 0.315063210813, 0.0115184259333, -0.0215511974585, 0.360401247092, 0.0597977882495
0, 7.0, 20, no_regularization, -0.00642221102151, 0.318153898536, 0.02018586304, 0.0046584799609, 0.426208188634, 0.0109300573877
0, 7.0, 16, regularization, -0.0126092069892, 0.378275150679, 0.0333334266515, -0.140296615347, 0.521140739684, 0.269210607929
0, 7.0, 17, regularization, -0.0274907594086, 0.221359714087, 0.124190436015, 0.012684811828, 0.331758838986, 0.0382350380377
0, 7.0, 18, regularization, -0.0526587701613, 0.143932756005, 0.365856748824, 0.0418499511241, 0.195380057868, 0.214197659582
0, 7.0, 19, regularization, 0.0140204973118, 0.312024663719, 0.0449339393391, 0.0743447580645, 0.57412078245, 0.129493236157
0, 7.0, 20, regularization, 0.0189726142473, 0.369224906964, 0.0513849794244, 0.017694586999, 0.460519971753, 0.0384230610709
0, 9.0, 21, no_regularization, -0.00184391801075, 0.316099311904, 0.00583335028364, -0.0146933040078, 0.35233647989, 0.0417024771673
0, 9.0, 22, no_regularization, -0.0102444556452, 0.460484445577, 0.0222471263548, 0.0297073558162, 0.57490547129, 0.0516734616381
0, 9.0, 23, no_regularization, -0.0474336357527, 0.502209452082, 0.0944499064206, -0.0562225073314, 0.778405925426, 0.0722277483957
0, 9.0, 24, no_regularization, -0.0922925067204, 0.0817822954833, 1.12851450519, 0.0575589565005, 0.105421633072, 0.545988093933
0, 9.0, 25, no_regularization, 0.0137516801075, 0.552614984147, 0.0248847398316, -0.111154386608, 0.798630062464, 0.139181320404
0, 9.0, 21, regularization, -0.0180905577957, 0.497868697804, 0.0363360015913, -0.0855556573803, 0.812161811597, 0.105343117786
0, 9.0, 22, regularization, -0.012247983871, 0.373695316704, 0.0327753207586, 0.0301273826979, 0.508558408048, 0.0592407523329
0, 9.0, 23, regularization, -0.0408434139785, 0.393243661359, 0.103862866695, -0.11243737781, 0.797689684546, 0.140953781889
0, 9.0, 24, regularization, -0.0797421034946, 0.0880325484192, 0.905825230856, 0.0505254154448, 0.123244353438, 0.409961300743
0, 9.0, 25, regularization, 0.0110971102151, 0.517714543442, 0.0214348048662, -0.0352288000978, 0.692298299886, 0.0508867349574
0, 1.0, 21, no_regularization, -0.0120127688172, 0.00375825756536, 3.19636656304, 0.00652187194526, 0.0144017957781, 0.452851300335
0, 1.0, 22, no_regularization, -0.0120253696237, 0.00369518491524, 3.25433500609, 0.00636913489736, 0.0143514562385, 0.44379711658
0, 1.0, 23, no_regularization, -0.0119875672043, 0.00439004741083, 2.7306236317, 0.00593383431085, 0.0160433542901, 0.369862449183
0, 1.0, 24, no_regularization, -0.0119623655914, 0.00418238590206, 2.86017738954, 0.00642259286413, 0.0155341102655, 0.413450963998
0, 1.0, 25, no_regularization, -0.0120421706989, 0.00353236594552, 3.40909489126, 0.00589565004888, 0.0153458037429, 0.384186462152
0, 1.0, 21, regularization, -0.0119875672043, 0.00336056836689, 3.56712493113, 0.0055519916911, 0.0120379675891, 0.461206731953
0, 1.0, 22, regularization, -0.0120211693548, 0.0035382588912, 3.39748156494, 0.00591092375367, 0.0123338329352, 0.479244674768
0, 1.0, 23, regularization, -0.0120127688172, 0.00432452542247, 2.77782360922, 0.00604838709677, 0.0124451599137, 0.486003164179
0, 1.0, 24, regularization, -0.0119371639785, 0.00397695026932, 3.00158744015, 0.00554435483871, 0.0120667427316, 0.459474023937
0, 1.0, 25, regularization, -0.0120715725806, 0.00345199181464, 3.49698760277, 0.00566654447703, 0.0121489103484, 0.466424091915
0, 3.0, 21, no_regularization, -0.0350890456989, 0.00725428360368, 4.83701046388, 0.0215588343109, 0.0219221515356, 0.983426935803
0, 3.0, 22, no_regularization, -0.0346564180108, 0.00753251788775, 4.60090749563, 0.0206118646139, 0.0212756387249, 0.968801213461
0, 3.0, 23, no_regularization, -0.0343707997312, 0.00787791662975, 4.36293011802, 0.0207951490714, 0.0243871165012, 0.852710449402
0, 3.0, 24, no_regularization, -0.0337953629032, 0.00820054389004, 4.12111237454, 0.020382759042, 0.0198641555087, 1.0261075047
0, 3.0, 25, no_regularization, -0.0353662634409, 0.00670790961958, 5.27232259326, 0.0212839076246, 0.0213658273643, 0.996165852215
0, 3.0, 21, regularization, -0.0350008400538, 0.00730337559133, 4.79241956217, 0.0182215298143, 0.0135371452966, 1.34603931738
0, 3.0, 22, regularization, -0.0346564180108, 0.00745764649696, 4.64709852162, 0.0176029447703, 0.0139120935303, 1.26529804677
0, 3.0, 23, regularization, -0.0344086021505, 0.00784773673547, 4.38452554034, 0.0172440127077, 0.013714191713, 1.25738454505
0, 3.0, 24, regularization, -0.0337617607527, 0.00817667575415, 4.12903260051, 0.0177022238514, 0.0136000612651, 1.30162824317
0, 3.0, 25, regularization, -0.0353704637097, 0.0067099003547, 5.27138434849, 0.0178396871945, 0.0134382972422, 1.32752586678
0, 1.0, 16, no_regularization, -0.0120883736559, 0.00311500519616, 3.88069132944, 0.00568181818182, 0.0149783492913, 0.379335404144
0, 1.0, 17, no_regularization, -0.0118783602151, 0.00425602694324, 2.79095042712, 0.00633858748778, 0.0158883877761, 0.398944661793
0, 1.0, 18, no_regularization, -0.0119413642473, 0.003697652654, 3.22944455975, 0.00569709188661, 0.0137219619966, 0.415180561498
0, 1.0, 19, no_regularization, -0.0121051747312, 0.00302003208907, 4.0082934135, 0.00617057673509, 0.0156148006434, 0.395174864927
0, 1.0, 20, no_regularization, -0.0119161626344, 0.00463871345137, 2.56885077281, 0.00668988269795, 0.0158644546393, 0.421690051757
0, 1.0, 16, regularization, -0.0120925739247, 0.00311696531908, 3.8795984834, 0.00563599706745, 0.0121297311605, 0.464643197186
0, 1.0, 17, regularization, -0.0118195564516, 0.00437914537224, 2.69905551127, 0.00581928152493, 0.0125725980481, 0.462854336286
0, 1.0, 18, regularization, -0.0119077620968, 0.00376763220375, 3.16054260416, 0.00554435483871, 0.0120137795921, 0.461499630171
0, 1.0, 19, regularization, -0.0120757728495, 0.00310908329778, 3.88403001556, 0.00584219208211, 0.0123090441748, 0.474625974134
0, 1.0, 20, regularization, -0.0118321572581, 0.00417930558045, 2.83112996413, 0.00584219208211, 0.0123043335803, 0.474807680075
0, 5.0, 26, no_regularization, -0.0563550067204, 0.0225810944911, 2.49567206508, 0.0342512829912, 0.035213924328, 0.972663048633
0, 5.0, 27, no_regularization, -0.0563550067204, 0.0323171792775, 1.74380957684, 0.0327850073314, 0.048783814346, 0.67204682067
0, 5.0, 28, no_regularization, -0.0549731182796, 0.166478841909, 0.330210840303, 0.0327620967742, 0.205016587165, 0.159802176142
0, 5.0, 29, no_regularization, -0.0580477150538, 0.0553042514885, 1.04960673893, 0.0356411901271, 0.0441108128009, 0.807992142153
0, 5.0, 30, no_regularization, -0.056111391129, 0.0320377431499, 1.75141522505, 0.0345262096774, 0.0538731313493, 0.640879949108
0, 5.0, 26, regularization, -0.0563970094086, 0.00838919107858, 6.72258014871, 0.0305092253177, 0.0144860062081, 2.10611709531
0, 5.0, 27, regularization, -0.0564096102151, 0.00832337826554, 6.77724938306, 0.0307383308895, 0.0155820094519, 1.97268080118
0, 5.0, 28, regularization, -0.0558803763441, 0.0103496951051, 5.39922923104, 0.0313340053763, 0.0187155861416, 1.67421982615
0, 5.0, 29, regularization, -0.0578040994624, 0.0136069850269, 4.24811957595, 0.0310743523949, 0.0221331076081, 1.40397602294
0, 5.0, 30, regularization, -0.0561155913978, 0.0083090637142, 6.75353966801, 0.0305703201369, 0.0152473726256, 2.00495658416
0, 1.0, 1, no_regularization, -0.0124411962366, 0.00386265143353, 3.22089540064, 0.00608657135875, 0.014608354893, 0.416650020027
0, 1.0, 2, no_regularization, -0.0120757728495, 0.00318982080261, 3.78572139211, 0.00611711876833, 0.0136196135571, 0.449140406421
0, 1.0, 3, no_regularization, -0.0121639784946, 0.00345716022834, 3.51848849669, 0.00639968230694, 0.0148326813938, 0.431458219658
0, 1.0, 4, no_regularization, -0.0122143817204, 0.00427333723857, 2.8582770417, 0.00698008308895, 0.0155943603698, 0.447603038755
0, 1.0, 5, no_regularization, -0.0120841733871, 0.00326696330508, 3.69890086255, 0.00650659824047, 0.0150097475685, 0.433491516815
0, 1.0, 1, regularization, -0.0124159946237, 0.00378189015575, 3.28301302056, 0.00608657135875, 0.0125598998589, 0.484603494226
0, 1.0, 2, regularization, -0.0120757728495, 0.00300584194881, 4.01743440111, 0.0049639540567, 0.0115698881256, 0.429040799944
0, 1.0, 3, regularization, -0.0121723790323, 0.00345796805372, 3.52009586068, 0.00584982893451, 0.0122759297045, 0.476528383211
0, 1.0, 4, regularization, -0.0123277889785, 0.00338865457965, 3.63795975326, 0.00556726539589, 0.0121149288923, 0.459537604007
0, 1.0, 5, regularization, -0.0120799731183, 0.00308843465873, 3.91135784082, 0.00613239247312, 0.0125213523269, 0.489754805472
0, 7.0, 11, no_regularization, -0.00798051075269, 0.445157510505, 0.0179273865191, 0.0473484848485, 0.635313770232, 0.0745277169597
0, 7.0, 12, no_regularization, 0.0547589045699, 0.431502064436, 0.126902995566, -0.0286458333333, 0.593367668687, 0.0482767006782
0, 7.0, 13, no_regularization, -0.0651713709677, 0.254326764239, 0.25625054116, 0.0251863391984, 0.28192285461, 0.0893376992558
0, 7.0, 14, no_regularization, -0.0477402553763, 0.173332464354, 0.275425931053, 0.0449657869013, 0.188975029674, 0.237945653343
0, 7.0, 15, no_regularization, -0.0683887768817, 0.161529984067, 0.423381313859, 0.0356335532747, 0.199280938977, 0.178810645201
0, 7.0, 11, regularization, -0.0137474798387, 0.506371538383, 0.0271489979129, -0.0685560239492, 0.526982700826, 0.130091602327
0, 7.0, 12, regularization, 0.112310987903, 0.368075386798, 0.305130394293, -0.0207722385142, 0.556899614632, 0.0372997897079
0, 7.0, 13, regularization, 4.62029569894e-05, 0.241745726721, 0.000191122124954, 0.00662878787879, 0.329767208109, 0.0201014161377
0, 7.0, 14, regularization, -0.0424269153226, 0.120246125929, 0.352833947827, 0.0408189760508, 0.155728284354, 0.26211664901
0, 7.0, 15, regularization, -0.0524571572581, 0.135352809025, 0.387558689293, 0.0334112292278, 0.168376272771, 0.198431932706
0, 9.0, 11, no_regularization, -0.0315440188172, 0.544855352509, 0.0578942992337, 0.0550235215054, 0.729268025689, 0.0754503413932
0, 9.0, 12, no_regularization, 0.00524193548387, 0.326723848525, 0.0160439328428, -0.0515487536657, 0.372021136724, 0.138564045365
0, 9.0, 13, no_regularization, 0.013671875, 0.578257301364, 0.0236432379976, -0.00557490224829, 0.710753429323, 0.00784365156507
0, 9.0, 14, no_regularization, -0.0175991263441, 0.477644840682, 0.036845632665, -0.00176411290323, 0.647687318924, 0.00272371073461
0, 9.0, 15, no_regularization, -0.0348538306452, 0.401635656451, 0.0867797220823, 0.0292033235582, 0.863391627049, 0.0338239596531
0, 9.0, 11, regularization, -0.0344086021505, 0.512455856402, 0.0671445193194, 0.056253054741, 0.855869463257, 0.0657262084417
0, 9.0, 12, regularization, 0.0390793010753, 0.404532499656, 0.0966036130806, -0.0413688294233, 0.591126403512, 0.0699830513025
0, 9.0, 13, regularization, 0.00151629704301, 0.215898385671, 0.00702319768765, -0.0287451124145, 0.339268409249, 0.0847267580206
0, 9.0, 14, regularization, -0.0954175067204, 0.512136320485, 0.186312711877, -0.035175342131, 0.726735301691, 0.0484018624788
0, 9.0, 15, regularization, -0.0236601142473, 0.284604093453, 0.0831334291796, -0.0201765640274, 0.804345041593, 0.0250844637364
0, 5.0, 11, no_regularization, -0.0554771505376, 0.0476243408758, 1.16489067392, 0.0329071969697, 0.062063177578, 0.530220949908
0, 5.0, 12, no_regularization, -0.0555023521505, 0.0080888597555, 6.86157923714, 0.0322427908113, 0.0222059948234, 1.45198587443
0, 5.0, 13, no_regularization, -0.0557753696237, 0.00822171462247, 6.78390970555, 0.0322657013685, 0.0227029233235, 1.42121351109
0, 5.0, 14, no_regularization, -0.0561617943548, 0.0083418048728, 6.73257109357, 0.0327162756598, 0.0235998923835, 1.38628918845
0, 5.0, 15, no_regularization, -0.0560357862903, 0.00827936864436, 6.76812311389, 0.0337090664712, 0.0239608589381, 1.40683881818
0, 5.0, 11, regularization, -0.0556787634409, 0.00823740540223, 6.75925983026, 0.029760813783, 0.0155152587266, 1.91816419612
0, 5.0, 12, regularization, -0.0555443548387, 0.00808071261959, 6.87369511249, 0.0290047653959, 0.0139853212425, 2.07394345064
0, 5.0, 13, regularization, -0.0557081653226, 0.00819297281597, 6.79950569518, 0.0293255131965, 0.0142920529129, 2.05187549858
0, 5.0, 14, regularization, -0.0561029905914, 0.00832203055133, 6.74150259908, 0.0299211876833, 0.0152895454356, 1.9569703893
0, 5.0, 15, regularization, -0.0560063844086, 0.00828649385937, 6.75875531426, 0.0299517350929, 0.0146612345486, 2.04292039621
0, 9.0, 16, no_regularization, -0.0154947916667, 0.520279335519, 0.0297816780503, -0.00806451612903, 0.701686871757, 0.0114930412035
0, 9.0, 17, no_regularization, -0.0481518817204, 0.451135279158, 0.106734906235, 0.0218872189638, 0.885042528888, 0.0247301324506
0, 9.0, 18, no_regularization, -0.054343077957, 0.551457457981, 0.0985444609924, 0.0447366813294, 0.619869940077, 0.0721710772487
0, 9.0, 19, no_regularization, -6.72043010751e-05, 0.52710218492, 0.000127497671225, 0.0128375488759, 0.680128844088, 0.0188751719434
0, 9.0, 20, no_regularization, 0.0115969422043, 0.811414894231, 0.0142922471435, 0.061339198436, 0.679620676891, 0.0902550503857
0, 9.0, 16, regularization, -0.00440188172043, 0.234208759364, 0.0187946929585, 0.0238269794721, 0.320089904634, 0.0744383972353
0, 9.0, 17, regularization, -0.0928385416667, 0.178216543032, 0.520931110476, 0.00361986803519, 0.284606002996, 0.012718874504
0, 9.0, 18, regularization, -0.0483534946237, 0.33190218067, 0.145685980508, 0.0341978250244, 0.489758199408, 0.0698259366883
0, 9.0, 19, regularization, -0.00114247311828, 0.454400007617, 0.00251424537661, 0.0258965664712, 0.664565189934, 0.0389676842293
0, 9.0, 20, regularization, -0.00125168010753, 0.374611786517, 0.00334127262563, 0.0486314760508, 0.687686861986, 0.0707174714817
0, 0.5, 1, no_regularization, -0.0070564516129, 0.00849159350845, 0.830992628872, 0.00344422043011, 0.0130805746754, 0.263308036198
0, 0.5, 2, no_regularization, -0.00606098790323, 0.00826938709098, 0.732942821099, 0.00306237781036, 0.0142288761477, 0.215222746939
0, 0.5, 3, no_regularization, -0.00648101478495, 0.00842692665316, 0.769084038784, 0.00293255131965, 0.012242455966, 0.239539462327
0, 0.5, 4, no_regularization, -0.00647261424731, 0.00832982706832, 0.777040650932, 0.00340603616813, 0.0130273304003, 0.26145311921
0, 0.5, 5, no_regularization, -0.00654821908602, 0.00831692233694, 0.787336808105, 0.003306757087, 0.0142961392235, 0.231304202855
0, 0.5, 1, regularization, -0.00708585349462, 0.00849235853981, 0.834379926543, 0.00352822580645, 0.0100256448003, 0.351920088605
0, 0.5, 2, regularization, -0.00606518817204, 0.00826683101338, 0.733677531599, 0.00310819892473, 0.0096445146833, 0.322276343268
0, 0.5, 3, regularization, -0.0065188172043, 0.00842216018147, 0.774007744313, 0.00295546187683, 0.0096174520847, 0.307301960104
0, 0.5, 4, regularization, -0.00647681451613, 0.00832497527392, 0.777998048405, 0.00355877321603, 0.0105559090793, 0.337135645001
0, 0.5, 5, regularization, -0.00648941532258, 0.00830722424876, 0.781177337731, 0.00303183040078, 0.00985883929697, 0.307524071491
0, 7.0, 6, no_regularization, 0.0323000672043, 0.420604456462, 0.0767944007917, 0.023109115347, 0.478587199258, 0.0482861125054
0, 7.0, 7, no_regularization, -0.0403603830645, 0.478155058619, 0.0844085665036, -0.0542751099707, 0.735099496601, 0.073833692203
0, 7.0, 8, no_regularization, -0.0120589717742, 0.504175351688, 0.0239182096741, 0.0438049853372, 0.78811093298, 0.0555822581621
0, 7.0, 9, no_regularization, -0.0117481518817, 0.559093080768, 0.0210128729649, 0.000183284457478, 0.819243111184, 0.000223724136311
0, 7.0, 10, no_regularization, 0.00278897849462, 0.498056786991, 0.00559971988631, 0.0455156402737, 0.67333669452, 0.0675971481194
0, 7.0, 6, regularization, -0.0220010080645, 0.376073614948, 0.0585018655658, 0.0147620356794, 0.393670433221, 0.0374984617428
0, 7.0, 7, regularization, -0.0336945564516, 0.322706949505, 0.104412243069, -0.0361834066471, 0.646874032743, 0.0559357847365
0, 7.0, 8, regularization, -0.0384912634409, 0.232620697119, 0.16546792232, 0.0502352150538, 0.264617719248, 0.189840707555
0, 7.0, 9, regularization, -0.0241641465054, 0.435829594922, 0.0554440239647, -0.00922531769306, 0.676352740336, 0.0136398023441
0, 7.0, 10, regularization, -0.00546034946237, 0.431150439698, 0.0126646037198, 0.0472339320626, 0.650809548308, 0.0725771958714
0, 3.0, 11, no_regularization, -0.0342195900538, 0.0077620014507, 4.40860392401, 0.0213373655914, 0.0235140926846, 0.907428829067
0, 3.0, 12, no_regularization, -0.0338415658602, 0.0082781643182, 4.08805195927, 0.0202911168133, 0.0198136427396, 1.02409824786
0, 3.0, 13, no_regularization, -0.0340179771505, 0.00808631875632, 4.20685582348, 0.0197565371457, 0.0192587983818, 1.02584474659
0, 3.0, 14, no_regularization, -0.0346606182796, 0.00744100759945, 4.65805441216, 0.0211006231672, 0.0198075659421, 1.0652809754
0, 3.0, 15, no_regularization, -0.0345178091398, 0.00763582890665, 4.5205058366, 0.0206805962854, 0.020805100627, 0.994015681837
0, 3.0, 11, regularization, -0.0341649865591, 0.00776748940599, 4.39845937, 0.0181451612903, 0.0134404540322, 1.35004079824
0, 3.0, 12, regularization, -0.0338415658602, 0.00829509421846, 4.07970843597, 0.0171752810362, 0.0138475230669, 1.24031431131
0, 3.0, 13, regularization, -0.0340515793011, 0.00810073449117, 4.20351751291, 0.0169309017595, 0.0144680025224, 1.1702307719
0, 3.0, 14, regularization, -0.0346564180108, 0.00741046774764, 4.67668427837, 0.017732771261, 0.0136262305424, 1.30137026566
0, 3.0, 15, regularization, -0.0345556115591, 0.00763272948269, 4.5272941531, 0.0173814760508, 0.0136967009907, 1.26902646576
0, 7.0, 1, no_regularization, -0.035202452957, 0.253939633313, 0.138625280732, 0.0321664222874, 0.286374404405, 0.112322965295
0, 7.0, 2, no_regularization, -0.0566574260753, 0.303547985224, 0.186650641194, -0.0067586143695, 0.328974597715, 0.0205444870712
0, 7.0, 3, no_regularization, -0.0714591733871, 0.467654567766, 0.152803326029, -0.130437438905, 0.987188479063, 0.132130228089
0, 7.0, 4, no_regularization, -0.0495967741935, 0.251789704664, 0.196976974336, 0.0408724340176, 0.264887062225, 0.154301360264
0, 7.0, 5, no_regularization, -0.0585853494624, 0.498657030801, 0.117486259781, 0.0440493646139, 0.574180398603, 0.0767169424819
0, 7.0, 1, regularization, -0.038856686828, 0.215028420656, 0.180704888728, -0.00397880009775, 0.31160511739, 0.0127687251451
0, 7.0, 2, regularization, -0.0357022849462, 0.321897404059, 0.110912000209, 0.012028042522, 0.381326500015, 0.0315426347802
0, 7.0, 3, regularization, -0.00313340053763, 0.331953372412, 0.00943927912185, 0.0231243890518, 0.652142304364, 0.0354591151303
0, 7.0, 4, regularization, -0.0323126680108, 0.229673222471, 0.140689748953, 0.0309368890518, 0.272312092093, 0.113608208927
0, 7.0, 5, regularization, -0.0556577620968, 0.378403222296, 0.147085856614, 0.0712900171065, 0.480704674386, 0.148303149325
0, 1.0, 6, no_regularization, -0.0125546034946, 0.00151179447547, 8.30443800286, 0.00685025659824, 0.014780430949, 0.463467988306
0, 1.0, 7, no_regularization, -0.0122185819892, 0.00300805245987, 4.06195774583, 0.00767503665689, 0.0167182911501, 0.459080212683
0, 1.0, 8, no_regularization, -0.0119833669355, 0.00397551646956, 3.0142918605, 0.00674334066471, 0.0149289654752, 0.451695107469
0, 1.0, 9, no_regularization, -0.0121135752688, 0.00320422235948, 3.78050394442, 0.00639968230694, 0.0144204819112, 0.443791153885
0, 1.0, 10, no_regularization, -0.0119665658602, 0.00582557343323, 2.05414385337, 0.00725500977517, 0.0153439376291, 0.472825812417
0, 1.0, 6, regularization, -0.0125, 0.00367439347124, 3.3501, 0.00575054985337, 0.0122295774556, 0.470216560979
0, 1.0, 7, regularization, -0.0122437836022, 0.00309928814081, 3.95051477819, 0.00575818670577, 0.0123310276417, 0.466967301761
0, 1.0, 8, regularization, -0.0119833669355, 0.0035242291862, 3.40028026054, 0.0057123655914, 0.0122249916015, 0.467269490043
0, 1.0, 9, regularization, -0.0121135752688, 0.00320422235948, 3.78050394442, 0.00542980205279, 0.0118906519141, 0.456644605527
0, 1.0, 10, regularization, -0.0120547715054, 0.00516063748067, 2.33590744371, 0.00713282013685, 0.0131030477183, 0.544363440489
0, 9.0, 26, no_regularization, -0.0620757728495, 0.520089118412, 0.119356030826, -0.00248961388074, 0.807336299986, 0.00308373831424
0, 9.0, 27, no_regularization, -0.00979922715054, 0.41340965486, 0.0237034308109, -0.164681085044, 0.766965147872, 0.214717820622
0, 9.0, 28, no_regularization, -0.0204385080645, 0.32443818781, 0.0629966164047, 0.0389784946237, 0.39548492595, 0.0985587365436
0, 9.0, 29, no_regularization, -0.00332661290323, 0.315606269861, 0.0105403891523, -0.0509912634409, 0.40105847198, 0.127141718735
0, 9.0, 30, no_regularization, 0.0272429435484, 0.531501228713, 0.0512565956139, 0.00551380742913, 0.622260882061, 0.00886092567939
0, 9.0, 26, regularization, -0.059282594086, 0.4058861578, 0.146057195957, 0.00412390029326, 0.751070055355, 0.00549069992054
0, 9.0, 27, regularization, -0.0100092405914, 0.403283512501, 0.0248193647425, -0.170538550831, 1.02921347782, 0.165697937801
0, 9.0, 28, regularization, 0.0030031922043, 0.377537922228, 0.00795467694101, 0.0291575024438, 0.634179046747, 0.0459767672763
0, 9.0, 29, regularization, -0.00603158602151, 0.270528683687, 0.0222955508425, 0.00522360703812, 0.46342273646, 0.0112717970595
0, 9.0, 30, regularization, 0.0262096774194, 0.47377341755, 0.0553211228163, 0.0313263685239, 0.596525801598, 0.0525146916362
0, 11.0, 16, no_regularization, -0.0232694892473, 0.487475104531, 0.0477347233346, -0.165314943793, 0.854347826421, 0.193498407417
0, 11.0, 17, no_regularization, 0.00303259408602, 0.478439198771, 0.00633851510037, 0.0134255865103, 0.825287406273, 0.0162677709707
0, 11.0, 18, no_regularization, -0.0515919018817, 0.517277757515, 0.0997373289924, 0.0237124266862, 0.641735895959, 0.036950444623
0, 11.0, 19, no_regularization, -0.0171454973118, 0.396243914723, 0.0432700583524, -0.00881292766373, 0.557690017723, 0.015802555871
0, 11.0, 20, no_regularization, -0.0383778561828, 0.41238489081, 0.0930631966352, -0.0520222385142, 0.648680061113, 0.0801970672952
0, 11.0, 16, regularization, -0.0323714717742, 0.549594608724, 0.0589006355964, 0.00499450146628, 0.470970879431, 0.0106046927409
0, 11.0, 17, regularization, 0.00966061827957, 0.428589870533, 0.0225404727077, 0.0702666788856, 0.748790984364, 0.0938401775034
0, 11.0, 18, regularization, -0.0021001344086, 0.264400951346, 0.00794299111976, 0.0076597629521, 0.342176535366, 0.0223854126757
0, 11.0, 19, regularization, -0.0157846102151, 0.359496281183, 0.0439075757977, 0.00348240469208, 0.546881391169, 0.00636775130461
0, 11.0, 20, regularization, -0.0284316196237, 0.351267162312, 0.0809401580169, -0.0491431451613, 0.67435420403, 0.0728743809524
0, 0.5, 6, no_regularization, -0.00645161290323, 0.00841466770791, 0.766710359478, 0.00321511485826, 0.0128849299284, 0.249525210934
0, 0.5, 7, no_regularization, -0.00565776209677, 0.00828527670018, 0.68286942024, 0.00340603616813, 0.0130072899164, 0.261855943093
0, 0.5, 8, no_regularization, -0.00647681451613, 0.008390022337, 0.771966301873, 0.00358932062561, 0.013410706758, 0.267645895953
0, 0.5, 9, no_regularization, -0.00555275537634, 0.00824790149291, 0.673232504185, 0.00288673020528, 0.0141237010887, 0.204389075297
0, 0.5, 10, no_regularization, -0.00655661962366, 0.00830395497418, 0.789577935338, 0.00333730449658, 0.0144864580306, 0.230374083818
0, 0.5, 6, regularization, -0.00645161290323, 0.00841466770791, 0.766710359478, 0.00319984115347, 0.00986737136072, 0.324285064025
0, 0.5, 7, regularization, -0.00566196236559, 0.00828081296412, 0.683744747059, 0.00282563538612, 0.00905383461399, 0.312092666432
0, 0.5, 8, regularization, -0.00647681451613, 0.00839106735113, 0.771870162055, 0.00384133675464, 0.0102871130942, 0.373412513256
0, 0.5, 9, regularization, -0.00561155913978, 0.00825904352202, 0.679444190459, 0.0025507086999, 0.00997262404558, 0.255771067699
0, 0.5, 10, regularization, -0.00656922043011, 0.0082913265959, 0.792300285621, 0.00306237781036, 0.00936977344313, 0.326835843892
0, 0.5, 16, no_regularization, -0.00602738575269, 0.00830241354158, 0.72597994818, 0.0030012829912, 0.0122435227962, 0.245132307192
0, 0.5, 17, no_regularization, -0.00653141801075, 0.00830168104789, 0.786758485791, 0.00291727761486, 0.0144381724809, 0.202053107394
0, 0.5, 18, no_regularization, -0.00514112903226, 0.00799584051111, 0.642975435179, 0.00271871945259, 0.0112810537035, 0.24099871555
0, 0.5, 19, no_regularization, -0.00603998655914, 0.00829587523972, 0.728071045502, 0.00301655669599, 0.0128767997841, 0.234262918315
0, 0.5, 20, no_regularization, -0.00648521505376, 0.00838665465188, 0.773277942512, 0.00399407380254, 0.0141929018107, 0.281413473848
0, 0.5, 16, regularization, -0.00608198924731, 0.00831372598274, 0.731559984048, 0.00328384652981, 0.0102282189332, 0.321057512677
0, 0.5, 17, regularization, -0.00653561827957, 0.00829572607354, 0.787829566892, 0.00294018817204, 0.0106569889818, 0.275892954104
0, 0.5, 18, regularization, -0.00514112903226, 0.00799584051111, 0.642975435179, 0.0021001344086, 0.00771326506416, 0.2722756694
0, 0.5, 19, regularization, -0.00604838709677, 0.00828974016517, 0.729623242256, 0.00274163000978, 0.00880908049643, 0.311227716773
0, 0.5, 20, regularization, -0.00646841397849, 0.00840173337857, 0.769890412733, 0.0042002688172, 0.0106487740303, 0.394436843646
0, 9.0, 1, no_regularization, -0.0682165658602, 0.499199963915, 0.136651784438, -0.00785832111437, 0.454143603612, 0.0173036040844
0, 9.0, 2, no_regularization, -0.0344254032258, 0.53713704132, 0.0640905403604, -0.0475012218964, 0.732478712666, 0.0648499691185
0, 9.0, 3, no_regularization, -0.0179309475806, 0.484076897576, 0.0370415272252, 0.0455920087977, 0.840211674598, 0.0542625271417
0, 9.0, 4, no_regularization, -0.0198378696237, 0.486184750519, 0.0408031506592, -0.0541300097752, 0.882039034762, 0.0613691771473
0, 9.0, 5, no_regularization, -0.0422883064516, 0.556777285416, 0.075951924691, -0.0970338465298, 0.996782303413, 0.0973470798965
0, 9.0, 1, regularization, -0.0201570900538, 0.229763737423, 0.0877296403683, 0.0169843597263, 0.339403106248, 0.0500418511606
0, 9.0, 2, regularization, -0.0465557795699, 0.473142581599, 0.0983969344136, -0.0963923509286, 0.819137204452, 0.117675464385
0, 9.0, 3, regularization, -0.0177713373656, 0.426817899638, 0.0416368136872, 0.0598194648094, 0.821778096289, 0.0727927223657
0, 9.0, 4, regularization, -0.0288306451613, 0.399127541532, 0.0722341661782, -0.0411931818182, 0.718158389754, 0.0573594661093
0, 9.0, 5, regularization, -0.00983702956989, 0.294100082196, 0.033447898064, 0.0311048998045, 0.708712935564, 0.043889279063
0, 11.0, 6, no_regularization, -0.018220766129, 0.505733523245, 0.0360283930005, -0.0325711754643, 0.734395345112, 0.0443510102305
0, 11.0, 7, no_regularization, -0.0236097110215, 0.519051194379, 0.0454862858947, -0.0107145039101, 0.709167134163, 0.0151085736971
0, 11.0, 8, no_regularization, -0.0573462701613, 0.520328877414, 0.110211584731, -0.0298677297165, 0.696766641779, 0.0428661877961
0, 11.0, 9, no_regularization, 0.0225890456989, 0.561184455323, 0.0402524437102, 0.0323267961877, 0.703212108122, 0.0459701927972
0, 11.0, 10, no_regularization, -0.0821278561828, 0.711067071547, 0.115499450712, 0.0646306818182, 0.469463858643, 0.137669131773
0, 11.0, 6, regularization, -0.0373403897849, 0.452532865541, 0.0825142053281, -0.0298142717498, 0.742265513685, 0.0401665862149
0, 11.0, 7, regularization, 0.00226394489247, 0.404076225521, 0.00560276687784, 0.0013593597263, 0.631158386016, 0.00215375372714
0, 11.0, 8, regularization, -0.0676075268817, 0.392633808859, 0.172189774177, -0.0399865591398, 0.532628554043, 0.0750740057705
0, 11.0, 9, regularization, 0.0102696572581, 0.420047150956, 0.0244488201734, -0.159052724829, 0.781557385191, 0.203507417168
0, 11.0, 10, regularization, -0.0810861895161, 0.62399919825, 0.129945983494, 0.0603998655914, 0.463714640677, 0.13025222905
0, 11.0, 26, no_regularization, -0.0215851814516, 0.516250395749, 0.0418114574427, 0.0167399804497, 0.879071244116, 0.0190428029147
0, 11.0, 27, no_regularization, -0.0260080645161, 0.446964700456, 0.0581881846365, -0.0707936217009, 0.622959613534, 0.113640788524
0, 11.0, 28, no_regularization, -0.00283518145161, 0.481000009782, 0.00589434801238, 0.0558177541544, 0.831004418866, 0.0671690220741
0, 11.0, 29, no_regularization, -0.0258400537634, 0.370470107301, 0.0697493623755, -0.0237811583578, 0.462429696925, 0.0514265379493
0, 11.0, 30, no_regularization, 0.0162718413978, 0.35901389577, 0.0453237091644, -0.0169690860215, 0.385938318028, 0.0439683888043
0, 11.0, 26, regularization, 0.00330561155914, 0.324411459253, 0.0101895647174, 0.014059445259, 0.858232550534, 0.0163818597306
0, 11.0, 27, regularization, -0.0295110887097, 0.36695292291, 0.0804220020259, -0.0634011485826, 0.586351948413, 0.108128145143
0, 11.0, 28, regularization, -0.00982862903226, 0.409786937235, 0.0239847299638, 0.0652798142717, 0.74953872847, 0.0870933172526
0, 11.0, 29, regularization, -0.000831653225806, 0.426125043393, 0.00195166474888, -0.0479899804497, 0.511633854117, 0.0937975078535
0, 11.0, 30, regularization, -0.00636340725806, 0.241766123921, 0.0263205082452, -0.0454469086022, 0.369505213015, 0.12299395787
0, 5.0, 1, no_regularization, -0.0560063844086, 0.00830023822957, 6.74756348668, 0.0327086388074, 0.0242386872483, 1.34943936824
0, 5.0, 2, no_regularization, -0.0556199596774, 0.00813669359289, 6.83569548766, 0.0313951001955, 0.0225298615516, 1.39348837647
0, 5.0, 3, no_regularization, -0.0556577620968, 0.00821726691442, 6.77326934569, 0.0323191593353, 0.0211904404258, 1.52517638548
0, 5.0, 4, no_regularization, -0.0559013776882, 0.00817028565491, 6.84203466675, 0.0328690127077, 0.0227504645832, 1.44476226354
0, 5.0, 5, no_regularization, -0.0553427419355, 0.00805181877577, 6.87332185145, 0.0337014296188, 0.0246729613497, 1.36592560338
0, 5.0, 1, regularization, -0.0559769825269, 0.00827763470088, 6.76243692186, 0.0291193181818, 0.0146877312996, 1.98256065473
0, 5.0, 2, regularization, -0.0557375672043, 0.00813957831368, 6.84772171927, 0.0285083699902, 0.0141746412842, 2.01122338256
0, 5.0, 3, regularization, -0.0556367607527, 0.00816379744224, 6.81505894117, 0.0290582233627, 0.0145059053142, 2.00319957516
0, 5.0, 4, regularization, -0.0557711693548, 0.00816528710255, 6.83027659094, 0.029684445259, 0.0149665130515, 1.98339086445
0, 5.0, 5, regularization, -0.0553679435484, 0.00803609670289, 6.88990508645, 0.029508797654, 0.0146893406302, 2.00885787843
0, 0.5, 11, no_regularization, -0.00557795698925, 0.00819561448203, 0.680602656638, 0.00297073558162, 0.0128514326898, 0.231159875583
0, 0.5, 12, no_regularization, -0.00579217069892, 0.00816917777467, 0.709027378114, 0.0025507086999, 0.0153671983265, 0.165983977411
0, 0.5, 13, no_regularization, -0.0057627688172, 0.00828525216314, 0.695545374327, 0.00329148338221, 0.0136695700835, 0.240789093007
0, 0.5, 14, no_regularization, -0.00551075268817, 0.00824955168487, 0.668006323093, 0.00236742424242, 0.0116299400258, 0.20356289346
0, 0.5, 15, no_regularization, -0.00559475806452, 0.0081217540157, 0.688860811803, 0.00263471407625, 0.0125952675602, 0.209182858852
0, 0.5, 11, regularization, -0.00560735887097, 0.0082017197392, 0.683680868071, 0.00281799853372, 0.00968268566312, 0.291034804988
0, 0.5, 12, regularization, -0.00573336693548, 0.00815814270327, 0.702778456325, 0.00246670332356, 0.0106004008826, 0.232699060241
0, 0.5, 13, regularization, -0.00576696908602, 0.00828073504347, 0.696432026354, 0.00341367302053, 0.00978346018917, 0.348922871308
0, 0.5, 14, regularization, -0.00551075268817, 0.00824955168487, 0.668006323093, 0.00205431329423, 0.00770683753797, 0.26655723364
0, 0.5, 15, regularization, -0.0055653561828, 0.00811554285784, 0.685765115198, 0.00228341886608, 0.00828616623552, 0.275570004412
0, 0.5, 26, no_regularization, -0.00630460349462, 0.00832947052423, 0.756903272097, 0.00307765151515, 0.0134613235341, 0.228629191428
0, 0.5, 27, no_regularization, -0.00599378360215, 0.00827393497671, 0.724417537607, 0.00339076246334, 0.0137457651779, 0.246676879713
0, 0.5, 28, no_regularization, -0.00591397849462, 0.00832338251331, 0.710525857146, 0.00312347262952, 0.0159035693037, 0.196400730545
0, 0.5, 29, no_regularization, -0.00651461693548, 0.00834542367043, 0.780621475044, 0.00337548875855, 0.0127064955044, 0.265650647527
0, 0.5, 30, no_regularization, -0.00630460349462, 0.00840074756037, 0.750481245784, 0.00350531524927, 0.0134642058335, 0.260343260688
0, 0.5, 26, regularization, -0.00630460349462, 0.00833052313422, 0.756807632971, 0.00266526148583, 0.0100800883359, 0.264408544549
0, 0.5, 27, regularization, -0.00602318548387, 0.00827638419972, 0.727755664614, 0.00307001466276, 0.00974193243097, 0.315134054204
0, 0.5, 28, regularization, -0.00594338037634, 0.00832504641012, 0.713915584797, 0.0030089198436, 0.0106445584938, 0.282672113206
0, 0.5, 29, regularization, -0.00652301747312, 0.00833779439455, 0.782343287019, 0.00367332600196, 0.00987838103635, 0.371855062934
0, 0.5, 30, regularization, -0.00630460349462, 0.00840074756037, 0.750481245784, 0.00367332600196, 0.00995729135196, 0.368908157059
0, 7.0, 21, no_regularization, -0.0639154905914, 0.265688441956, 0.24056556665, 0.0423005254154, 0.311594297476, 0.135755133384
0, 7.0, 22, no_regularization, -0.0146043346774, 0.391991243716, 0.0372567880317, 0.00317693059629, 0.542243119708, 0.00585886750946
0, 7.0, 23, no_regularization, -0.0321446572581, 0.341047541135, 0.0942527166479, 0.0719773338221, 0.405943099357, 0.177308923187
0, 7.0, 24, no_regularization, -0.0669144825269, 0.0710193871291, 0.942200224922, 0.0452101661779, 0.0998144245748, 0.452942211214
0, 7.0, 25, no_regularization, -0.0635164650538, 0.130503157045, 0.486704432994, 0.0446144916911, 0.110400779145, 0.40411392054
0, 7.0, 21, regularization, -0.0515751008065, 0.157220456595, 0.3280431944, 0.0367867179863, 0.218702413851, 0.168204444288
0, 7.0, 22, regularization, -0.0117901545699, 0.239453493168, 0.0492377639344, -0.0958272238514, 0.529450039822, 0.180993892991
0, 7.0, 23, regularization, 0.0201444892473, 0.427562664969, 0.0471147059783, 0.0205049486804, 0.438415081326, 0.0467706280048
0, 7.0, 24, regularization, -0.0602570564516, 0.110560151067, 0.54501604665, 0.0483107282502, 0.186518732072, 0.259012742118
0, 7.0, 25, regularization, -0.0690818212366, 0.0581239038535, 1.18852686514, 0.0448894183773, 0.0788541019864, 0.569271822854
0, 0.5, 21, no_regularization, -0.00655661962366, 0.00830501081812, 0.789477553641, 0.00350531524927, 0.0148581172719, 0.235919207334
0, 0.5, 22, no_regularization, -0.0055905577957, 0.00818540013826, 0.682991387259, 0.00334494134897, 0.0129427929132, 0.258440459599
0, 0.5, 23, no_regularization, -0.0048345094086, 0.00792011612003, 0.610408905038, 0.00242851906158, 0.0125873147776, 0.192933846853
0, 0.5, 24, no_regularization, -0.00616599462366, 0.00829916899798, 0.742965304738, 0.00321511485826, 0.0126785639386, 0.253586673841
0, 0.5, 25, no_regularization, -0.00563676075269, 0.00814767092732, 0.691824792995, 0.00275690371457, 0.0123221597597, 0.223735430178
0, 0.5, 21, regularization, -0.00654821908602, 0.00831270420833, 0.787736327663, 0.00323038856305, 0.0102692825601, 0.314568086344
0, 0.5, 22, regularization, -0.0055905577957, 0.00818540013826, 0.682991387259, 0.00313110948192, 0.00953883349682, 0.328248677677
0, 0.5, 23, regularization, -0.00480510752688, 0.00791091594851, 0.607402171652, 0.0019473973607, 0.00771584063459, 0.252389526032
0, 0.5, 24, regularization, -0.00610719086022, 0.00829202162986, 0.736514101486, 0.00316929374389, 0.00953075232874, 0.332533428063
0, 0.5, 25, regularization, -0.00563676075269, 0.00814767092732, 0.691824792995, 0.00301655669599, 0.0092915341043, 0.324656473531
0, 9.0, 6, no_regularization, -0.0554813508065, 0.532396189437, 0.104210645957, 0.0609115347019, 0.73268536165, 0.0831346412664
0, 9.0, 7, no_regularization, 0.00455729166667, 0.376333529168, 0.0121097146904, 0.0500748411535, 0.568092000001, 0.088145654495
0, 9.0, 8, no_regularization, -0.0184769825269, 0.563121075645, 0.0328117403628, -0.0350760630499, 0.795830974992, 0.0440747648082
0, 9.0, 9, no_regularization, -0.0330687163978, 0.336502023984, 0.0982719687873, 0.0109970674487, 0.420413123028, 0.0261577644615
0, 9.0, 10, no_regularization, -0.00508652553763, 0.320411419424, 0.0158749820677, 0.0127459066471, 0.3872218748, 0.0329162877322
0, 9.0, 6, regularization, -0.0279149865591, 0.420638924822, 0.0663632985723, 0.0679756231672, 0.725500850067, 0.0936947533016
0, 9.0, 7, regularization, -0.0457661290323, 0.362878825576, 0.126119590912, 0.0136165078201, 0.541185497669, 0.0251605186739
0, 9.0, 8, regularization, -0.0226898521505, 0.501384517953, 0.0452543932612, -0.050181757087, 0.768311905329, 0.0653143036558
0, 9.0, 9, regularization, -0.0254242271505, 0.280808879555, 0.0905392564184, 0.00734665200391, 0.646896874916, 0.0113567591509
0, 9.0, 10, regularization, 0.00897177419355, 0.800487384303, 0.0112078895551, 0.0250412390029, 0.627212529708, 0.0399246472557
