gradientDescent, strain percent, trial, regularization, mean axial strain, axial strain std, axial strain SNRe, mean lateral strain, lateral strain std, lateral strain SNRe
0, 7.0, 26, no_regularization, -0.045246674829, 0.251747220564, 0.179730583431, 0.0451851057586, 0.273525081041, 0.165195475262
0, 7.0, 27, no_regularization, -0.0195147898832, 0.315760803702, 0.0618024455677, 0.022787885018, 0.369623023147, 0.061651692646
0, 7.0, 28, no_regularization, -0.0440610094084, 0.606310069447, 0.0726707531817, -0.11367170417, 0.760043791294, 0.149559414171
0, 7.0, 29, no_regularization, -0.0294164083695, 0.30629814051, 0.0960384817241, -0.0216804645831, 0.350749012137, 0.0618119049033
0, 7.0, 30, no_regularization, -0.0131206254104, 0.56027937322, 0.0234180054407, 0.0534133197672, 0.795006400805, 0.0671860248082
0, 7.0, 26, regularization, -0.0539935058689, 0.150744557831, 0.358178806888, 0.0376336588398, 0.216183356662, 0.174082128342
0, 7.0, 27, regularization, 0.01483637165, 0.233580255358, 0.063517233626, 0.0173835043526, 0.31600470633, 0.0550102704308
0, 7.0, 28, regularization, -0.0374332705833, 0.346228774837, 0.108117156354, -0.192924807878, 0.732782868819, 0.263276907918
0, 7.0, 29, regularization, -0.0339298951581, 0.225146812345, 0.150701201606, -0.00281709180295, 0.306062402241, 0.00920430533877
0, 7.0, 30, regularization, -0.00874110307648, 0.530265496799, 0.0164843896675, -0.106760274213, 0.837376364849, 0.127493775433
0, 11.0, 16, no_regularization, -0.0276139495292, 0.465166210851, 0.0593636186058, -0.0307872689517, 0.774909714235, 0.0397301367968
0, 11.0, 17, no_regularization, 0.00680152617321, 0.497104006273, 0.0136823000567, 0.056092455641, 0.785180178294, 0.0714389603707
0, 11.0, 18, no_regularization, -0.0101608580666, 0.4395448369, 0.0231167726557, 0.00424862878596, 0.572543290788, 0.00742062452625
0, 11.0, 19, no_regularization, -0.0221562266849, 0.387563466544, 0.0571679959479, -0.0347180443345, 0.540426426813, 0.0642419441612
0, 11.0, 20, no_regularization, -0.0361428483927, 0.465683101226, 0.0776125401535, -0.0235937564232, 0.641301933396, 0.0367904027644
0, 11.0, 16, regularization, -0.022523543631, 0.406675155675, 0.0553846068951, 0.0203903755937, 0.751378180505, 0.0271373006599
0, 11.0, 17, regularization, 0.0100032869709, 0.431298985809, 0.0231933932146, 0.059741595804, 0.752449477264, 0.0793961556347
0, 11.0, 18, regularization, 0.0192805546955, 0.317318012377, 0.0607609840711, 0.00993510593708, 0.474237370822, 0.0209496478944
0, 11.0, 19, regularization, -0.0021756930666, 0.292187700513, 0.00744621715007, -0.0194512743925, 0.520902902848, 0.0373414590054
0, 11.0, 20, regularization, -0.0288408164774, 0.352202342136, 0.0818870661181, -0.0262092271747, 1.01464840955, 0.0258308463583
0, 11.0, 1, no_regularization, -0.0422572058987, 0.475186718259, 0.0889275820955, 0.0251803799361, 0.718031046526, 0.0350686506633
0, 11.0, 2, no_regularization, -0.0384083067863, 0.513861102471, 0.0747445303831, 0.0435538786077, 0.745311796203, 0.058437125012
0, 11.0, 3, no_regularization, -0.068959870392, 0.499537982673, 0.138047301274, 0.0498645106856, 0.691387059443, 0.0721224240525
0, 11.0, 4, no_regularization, 0.00812522294389, 0.374404470478, 0.0217017252319, 0.0130255789316, 0.371277503727, 0.035083135393
0, 11.0, 5, no_regularization, -0.0202893064327, 0.32803830064, 0.0618504192743, -0.143064148156, 0.410049944424, 0.348894445913
0, 11.0, 1, regularization, -0.0710120821459, 0.501144030218, 0.141699946251, 0.0261170468941, 0.606014097741, 0.0430964345408
0, 11.0, 2, regularization, -0.0376692386426, 0.434783983665, 0.0866389748885, -0.0362005228582, 0.825374785957, 0.0438594968905
0, 11.0, 3, regularization, -0.0581951176827, 0.251296992801, 0.231579045312, -0.085441866946, 0.497552147586, 0.171724446092
0, 11.0, 4, regularization, -0.0430085684367, 0.370939699297, 0.11594490565, 0.0271092747841, 0.518474350234, 0.0522866266612
0, 11.0, 5, regularization, 0.00176896295625, 0.482608095279, 0.00366542329803, -0.0283336381799, 0.741079118134, 0.0382329463705
0, 7.0, 16, no_regularization, -0.0170970815977, 0.471250606792, 0.0362802325372, -0.152205377249, 0.613205305726, 0.248212753262
0, 7.0, 17, no_regularization, -0.00954455066045, 0.388998715687, 0.0245362009578, 0.0373066376666, 0.432808853467, 0.0861965677638
0, 7.0, 18, no_regularization, -0.0597858830143, 0.216326066859, 0.276369296971, 0.037059146144, 0.192590462589, 0.192424617739
0, 7.0, 19, no_regularization, -0.0465346356189, 0.25105093863, 0.185359337323, 0.0318842078016, 0.259364547029, 0.122932020459
0, 7.0, 20, no_regularization, -0.00376012771732, 0.369117951274, 0.0101867917947, 0.0072813467171, 0.376077803193, 0.019361277521
0, 7.0, 16, regularization, -0.0117278856801, 0.367781277835, 0.0318882074398, -0.142308695956, 0.534026873194, 0.266482274769
0, 7.0, 17, regularization, -0.0533429193173, 0.139580333504, 0.382166441205, 0.0284015983425, 0.207272904627, 0.137025137915
0, 7.0, 18, regularization, -0.0684228252214, 0.067467821746, 1.01415494751, 0.043309305969, 0.0769180895675, 0.56305748378
0, 7.0, 19, regularization, -0.0599280267332, 0.222660883139, 0.269144835358, 0.0452756139752, 0.277283163988, 0.163282953512
0, 7.0, 20, regularization, 0.0139274120679, 0.346105760365, 0.04024033594, 0.0212613115714, 0.405379501027, 0.052447919832
0, 3.0, 21, no_regularization, -0.035004159908, 0.00241737155018, 14.4802564196, 0.0217686383856, 0.0176259658844, 1.23503236807
0, 3.0, 22, no_regularization, -0.0346083222169, 0.00219810446931, 15.7446211953, 0.0210047513742, 0.0152784335948, 1.37479743875
0, 3.0, 23, no_regularization, -0.0343162037077, 0.00310212946345, 11.0621442825, 0.0203116655653, 0.017667821564, 1.14964176493
0, 3.0, 24, no_regularization, -0.0337763899323, 0.0014514478535, 23.2708256454, 0.0201387101806, 0.0133988993018, 1.50301227937
0, 3.0, 25, no_regularization, -0.035228042037, 0.00166831443273, 21.115948736, 0.0211923320982, 0.0136758053923, 1.54962223359
0, 3.0, 21, regularization, -0.0349889996517, 0.0019960678675, 17.5289629282, 0.0183679623731, 0.00443809759095, 4.13870177406
0, 3.0, 22, regularization, -0.0345989447683, 0.00185330043819, 18.6688267348, 0.0177668684001, 0.00426691046138, 4.16387186019
0, 3.0, 23, regularization, -0.0343194470381, 0.00241326745593, 14.2211535459, 0.0175546686033, 0.00455832308108, 3.85112426018
0, 3.0, 24, regularization, -0.0337623803432, 0.00143805081415, 23.4778771452, 0.0177421109498, 0.00365875474065, 4.84922117151
0, 3.0, 25, regularization, -0.0352137031231, 0.00148045424639, 23.7857422537, 0.0179513297122, 0.00353040114879, 5.08478469035
0, 11.0, 6, no_regularization, -0.0179621278387, 0.516347926494, 0.0347868693125, -0.0531197373822, 0.78973885876, 0.0672624080643
0, 11.0, 7, no_regularization, -0.0222891662428, 0.52167495978, 0.0427261570158, -0.0183041491944, 0.708941403246, 0.0258189874517
0, 11.0, 8, no_regularization, -0.00855449897557, 0.490132865095, 0.0174534286207, -0.0604060768034, 0.749969980212, 0.0805446596493
0, 11.0, 9, no_regularization, 0.0215809260345, 0.561522251618, 0.0384328955304, 0.0324001162223, 0.704346115804, 0.0460002767039
0, 11.0, 10, no_regularization, -0.145472834454, 0.712463271171, 0.204182924707, 0.0433747529984, 0.685679371188, 0.0632580690348
0, 11.0, 6, regularization, -0.0260592801698, 0.386442567179, 0.0674337725267, -0.0432870982734, 0.740038908384, 0.0584930032502
0, 11.0, 7, regularization, -0.0566116239038, 0.343070038687, 0.165014771096, -0.0628939124105, 0.596666523496, 0.105408817042
0, 11.0, 8, regularization, -0.043689378622, 0.370330804953, 0.117973925036, -0.0924414420203, 0.54035960052, 0.171073932861
0, 11.0, 9, regularization, 0.0225059228519, 0.471146894423, 0.0477683777997, 0.0323288324602, 0.624680339496, 0.0517526011564
0, 11.0, 10, regularization, -0.142950740178, 0.644915142916, 0.221658216199, 0.0395533552639, 0.647378581379, 0.0610977199456
0, 5.0, 11, no_regularization, -0.0555802576981, 0.0467652060048, 1.18849594488, 0.0329989652304, 0.0610499454969, 0.540524073557
0, 5.0, 12, no_regularization, -0.0554131485106, 0.00205246661124, 26.9983190992, 0.0323522102308, 0.0158226565461, 2.04467626132
0, 5.0, 13, no_regularization, -0.0557828046917, 0.00207957387022, 26.8241515681, 0.0324638192396, 0.0168371227193, 1.9281096765
0, 5.0, 14, no_regularization, -0.0561702536515, 0.00268693651032, 20.9049426496, 0.0329866324103, 0.0177912236349, 1.85409576582
0, 5.0, 15, no_regularization, -0.0560486798966, 0.00230634397339, 24.3019603942, 0.033675106687, 0.0175204414133, 1.92204670491
0, 5.0, 11, regularization, -0.0557567979067, 0.00351973278897, 15.8412019462, 0.0299444110179, 0.00725094317699, 4.12972633863
0, 5.0, 12, regularization, -0.055436244063, 0.00234179885246, 23.6725045812, 0.0290244862845, 0.00557561439155, 5.20561219737
0, 5.0, 13, regularization, -0.0557747065213, 0.00218740946815, 25.4980639581, 0.0290156151212, 0.00548490382388, 5.29008639948
0, 5.0, 14, regularization, -0.0561583012541, 0.00264966251141, 21.1945110037, 0.0297294632744, 0.00587968166949, 5.05630490655
0, 5.0, 15, regularization, -0.0560509324046, 0.00243793710248, 22.991131456, 0.0298519807668, 0.00611855016072, 4.87893046272
0, 5.0, 21, no_regularization, -0.0566592047546, 0.0237727095709, 2.3833717644, 0.0343422892435, 0.025893223304, 1.32630413913
0, 5.0, 22, no_regularization, -0.0560994574823, 0.00343558364134, 16.3289453377, 0.0340470904032, 0.0375600892693, 0.906469901045
0, 5.0, 23, no_regularization, -0.0563723575331, 0.0581003184827, 0.970259010711, 0.0294122612448, 0.0713662627027, 0.41213116858
0, 5.0, 24, no_regularization, -0.0557052777252, 0.00224384128587, 24.8258546966, 0.0336300790673, 0.0172060773637, 1.95454654518
0, 5.0, 25, no_regularization, -0.057074375304, 0.00261136259312, 21.8561663763, 0.0338258333211, 0.0177704179834, 1.90349114763
0, 5.0, 21, regularization, -0.0566739291515, 0.00311986532137, 18.1655050182, 0.0305025352652, 0.00730926562454, 4.17313268282
0, 5.0, 22, regularization, -0.0560461634805, 0.00295638185059, 18.9576875766, 0.0297967829371, 0.00795278572543, 3.74671014231
0, 5.0, 23, regularization, -0.0561581264756, 0.00397090254028, 14.1424086605, 0.0297796207387, 0.0084043343975, 3.54336457001
0, 5.0, 24, regularization, -0.0557239947736, 0.00235026468919, 23.7096676939, 0.030263051867, 0.0058457076374, 5.17696979462
0, 5.0, 25, regularization, -0.0570488383138, 0.00252404194467, 22.602175227, 0.0301943526451, 0.00563851527309, 5.35501833066
0, 9.0, 26, no_regularization, -0.00761447053617, 0.390152406806, 0.0195166565766, 0.00821545695742, 0.452262580512, 0.0181652369916
0, 9.0, 27, no_regularization, 0.00915238660319, 0.526822492371, 0.0173728091259, -0.0796631758609, 0.695314148805, 0.114571486856
0, 9.0, 28, no_regularization, -0.00976569597382, 0.448647703983, 0.0217669585448, -0.0209429503035, 0.761356199748, 0.0275074272862
0, 9.0, 29, no_regularization, 0.0217142382794, 0.48174934083, 0.0450737270175, -0.1185270651, 0.775721661939, 0.152795868564
0, 9.0, 30, no_regularization, 0.0541402287977, 0.551853139796, 0.0981062259024, 0.0280974821034, 0.532902817099, 0.0527253397839
0, 9.0, 26, regularization, -0.0451534579733, 0.424703168997, 0.10631768555, -0.000241678910103, 0.707614472055, 0.000341540372119
0, 9.0, 27, regularization, -0.0157199746463, 0.398681087054, 0.039429948289, -0.146351436876, 0.868333249431, 0.168542937831
0, 9.0, 28, regularization, 0.00876855191355, 0.34617952883, 0.0253294928882, 0.0283713100807, 0.576006284742, 0.0492552092439
0, 9.0, 29, regularization, 0.0168617640319, 0.358765569118, 0.0469993931508, -0.0545875671206, 0.63877606871, 0.0854565000077
0, 9.0, 30, regularization, -0.0310827544745, 0.294616935228, 0.105502266699, -0.047307538949, 0.606593940463, 0.0779888089765
0, 1.0, 26, no_regularization, -0.0122143747353, 0.000890465866395, 13.7168365417, 0.00662294232665, 0.00552724220944, 1.1982363131
0, 1.0, 27, no_regularization, -0.0118399088947, 0.00108145768833, 10.9481018282, 0.00620653803865, 0.00583498274852, 1.06367718743
0, 1.0, 28, no_regularization, -0.0116360371146, 0.00190986632347, 6.09259243517, 0.00653698815782, 0.00937344238531, 0.697394605856
0, 1.0, 29, no_regularization, -0.0123312582474, 0.000890263736987, 13.8512417558, 0.00656289510812, 0.00565688034436, 1.16016155701
0, 1.0, 30, no_regularization, -0.0120076902744, 0.00115645192701, 10.3832161061, 0.00683980153325, 0.00679381444814, 1.00676896395
0, 1.0, 26, regularization, -0.0122112316868, 0.000809365023058, 15.0874220394, 0.00610208076507, 0.0023873199042, 2.55603815573
0, 1.0, 27, regularization, -0.0118281181788, 0.000968620972752, 12.2112967936, 0.00584970408234, 0.00222323080281, 2.63117264971
0, 1.0, 28, regularization, -0.0116411775565, 0.00155793902957, 7.47216504339, 0.00613926673807, 0.00279667801898, 2.19519969635
0, 1.0, 29, regularization, -0.0123467710805, 0.000709073953491, 17.4125294262, 0.00623928384503, 0.00261105286855, 2.38956626278
0, 1.0, 30, regularization, -0.0120259177101, 0.000972769165029, 12.3625605564, 0.00609106372704, 0.00253607336068, 2.40176953139
0, 0.5, 11, no_regularization, -0.00582191562824, 0.0007179719552, 8.10883431598, 0.00304408754535, 0.00361381435634, 0.842347515723
0, 0.5, 12, no_regularization, -0.00575103201714, 0.000644973249817, 8.91669851232, 0.00266042631794, 0.00409523082048, 0.64964013863
0, 0.5, 13, no_regularization, -0.00606469141074, 0.000780551387609, 7.76975290419, 0.00292069076665, 0.00443815339868, 0.658086934877
0, 0.5, 14, no_regularization, -0.00604037523131, 0.000607105383269, 9.94946741996, 0.0029285233354, 0.00343130924698, 0.853471116886
0, 0.5, 15, no_regularization, -0.0055815421248, 0.000516371282948, 10.8091644697, 0.00285179287311, 0.00314750387292, 0.906049043385
0, 0.5, 11, regularization, -0.00581305604594, 0.000994047647601, 5.8478645968, 0.00297012959765, 0.00219490644316, 1.35319188975
0, 0.5, 12, regularization, -0.00574533843461, 0.000978574853575, 5.87112821632, 0.00246961746111, 0.0022002620537, 1.12241969404
0, 0.5, 13, regularization, -0.00603378539338, 0.000966515358315, 6.24282412221, 0.00287166173832, 0.00194093636206, 1.47952390118
0, 0.5, 14, regularization, -0.00601997965288, 0.000804944864283, 7.47874782485, 0.00268875442672, 0.00197971751808, 1.3581505453
0, 0.5, 15, regularization, -0.00559285849418, 0.000984031196931, 5.68361908811, 0.00258412029649, 0.00203298070905, 1.27109927064
0, 1.0, 1, no_regularization, -0.012411179775, 0.000799329450767, 15.5269892322, 0.00647086681137, 0.00524990588651, 1.23256815479
0, 1.0, 2, no_regularization, -0.0121020586286, 0.000654810282175, 18.4817785519, 0.005938428855, 0.00435511969956, 1.36355123732
0, 1.0, 3, no_regularization, -0.0121629552891, 0.000706141940263, 17.2245190316, 0.00656659391485, 0.00519273362003, 1.26457361293
0, 1.0, 4, no_regularization, -0.0120812162814, 0.000744247851249, 16.2327862433, 0.00646624871513, 0.00497910907403, 1.29867585124
0, 1.0, 5, no_regularization, -0.0122414558049, 0.000785161932136, 15.5909950596, 0.0067380516224, 0.00507890025131, 1.32667532123
0, 1.0, 1, regularization, -0.0124283505859, 0.000713963162696, 17.407551587, 0.00612219716931, 0.00238306967548, 2.56903825864
0, 1.0, 2, regularization, -0.0121109611898, 0.000633890814173, 19.1057527875, 0.00563453796646, 0.00207994158094, 2.70898856877
0, 1.0, 3, regularization, -0.0121780267389, 0.000654164924927, 18.6161413963, 0.00597924850129, 0.00216374679635, 2.7633771712
0, 1.0, 4, regularization, -0.0120917105065, 0.00070442756853, 17.1652999494, 0.0060815621099, 0.00233780711241, 2.60139601664
0, 1.0, 5, regularization, -0.0122477887845, 0.000664492563146, 18.4317921129, 0.00637412811657, 0.00239568504486, 2.66067032904
0, 5.0, 6, no_regularization, -0.0556892193631, 0.00208009391556, 26.7724543332, 0.0330070849977, 0.0177713234396, 1.85732284429
0, 5.0, 7, no_regularization, -0.0552590504548, 0.00248357386483, 22.2498115467, 0.0333938901078, 0.0186524175014, 1.79032503992
0, 5.0, 8, no_regularization, -0.055730332618, 0.0197939794947, 2.81551936703, 0.0331090503439, 0.0235440792688, 1.40625802207
0, 5.0, 9, no_regularization, -0.0565062267144, 0.00214299311143, 26.3678993707, 0.0342527649349, 0.0188880731846, 1.8134599861
0, 5.0, 10, no_regularization, -0.0564352984599, 0.0591685049391, 0.953806396122, 0.0344326558507, 0.0766748777078, 0.449073502039
0, 5.0, 6, regularization, -0.0557032841362, 0.00238151827152, 23.3898201842, 0.0290861347903, 0.00538102941446, 5.40531049917
0, 5.0, 7, regularization, -0.0552255488551, 0.00247000645208, 22.3584633994, 0.0296131423589, 0.00578274760136, 5.1209467195
0, 5.0, 8, regularization, -0.055732543376, 0.00311932465833, 17.8668620553, 0.029783831409, 0.00689466026219, 4.31984032227
0, 5.0, 9, regularization, -0.0565005375032, 0.00231301851408, 24.4271877459, 0.0302436049498, 0.00694068761162, 4.35743641584
0, 5.0, 10, regularization, -0.0558410148895, 0.00371308494558, 15.0389812536, 0.0303402927971, 0.0081498980649, 3.72278187476
0, 3.0, 26, no_regularization, -0.0346573359702, 0.00227217315436, 15.2529466796, 0.0213920443147, 0.0157191929485, 1.36088693515
0, 3.0, 27, no_regularization, -0.0344212972695, 0.00262778005073, 13.0990024298, 0.0203255953358, 0.0159201828275, 1.27671871335
0, 3.0, 28, no_regularization, -0.0340966551257, 0.0335831954667, 1.01528918413, 0.0220860523272, 0.0671037765305, 0.329132777157
0, 3.0, 29, no_regularization, -0.0345805578152, 0.00188060769926, 18.3879699253, 0.0209359667782, 0.0152735107669, 1.37073702947
0, 3.0, 30, no_regularization, -0.0343706041029, 0.00243837147129, 14.0957210612, 0.0218763132585, 0.0183017198988, 1.19531461411
0, 3.0, 26, regularization, -0.0346519944785, 0.00190452774959, 18.1945337819, 0.0180401511062, 0.00380658602518, 4.73919438229
0, 3.0, 27, regularization, -0.0344211973578, 0.00214450293776, 16.0508977403, 0.0181705899422, 0.0040432842324, 4.4940174615
0, 3.0, 28, regularization, -0.0342132671942, 0.003488480439, 9.80749864949, 0.0183170662553, 0.00603124121417, 3.03703095347
0, 3.0, 29, regularization, -0.0345788337839, 0.00166571962305, 20.7590961321, 0.0179729666672, 0.00328870718287, 5.46505531436
0, 3.0, 30, regularization, -0.0343663115692, 0.00190169389646, 18.0714212908, 0.0182544507588, 0.00378131992725, 4.82753406482
0, 1.0, 16, no_regularization, -0.0118912682632, 0.00084613951026, 14.0535551396, 0.006227131875, 0.00554555042928, 1.12290600445
0, 1.0, 17, no_regularization, -0.0118211421305, 0.000853941193296, 13.8430400399, 0.00642293624156, 0.00539255234563, 1.19107536281
0, 1.0, 18, no_regularization, -0.0117388663299, 0.000676831321906, 17.3438579893, 0.00600479450254, 0.00470404497944, 1.27651723756
0, 1.0, 19, no_regularization, -0.0119819865428, 0.00091385620265, 13.1114572599, 0.00653390147228, 0.00603257388841, 1.08310343033
0, 1.0, 20, no_regularization, -0.0118705534732, 0.00106186285859, 11.1789892426, 0.00671751713356, 0.00685045104661, 0.980594867091
0, 1.0, 16, regularization, -0.0119124260555, 0.000751333036759, 15.8550542472, 0.00549445534482, 0.00234390368634, 2.34414723473
0, 1.0, 17, regularization, -0.0117970062154, 0.000776943185109, 15.1838724394, 0.00595493006552, 0.00252624113306, 2.35722947726
0, 1.0, 18, regularization, -0.0117380319662, 0.000712652688708, 16.4709011166, 0.00555380090827, 0.00222788147736, 2.49286192497
0, 1.0, 19, regularization, -0.0119993431871, 0.000834685105867, 14.3758923009, 0.00606294568334, 0.00238627947671, 2.54075255749
0, 1.0, 20, regularization, -0.0118567116733, 0.000963017713815, 12.312039024, 0.00592598478536, 0.00230498781407, 2.57093974606
0, 0.5, 6, no_regularization, -0.0063678269686, 0.000520486955988, 12.2343641764, 0.00309088663782, 0.00296546763385, 1.04229316231
0, 0.5, 7, no_regularization, -0.00613924194149, 0.000734702306378, 8.35609455449, 0.00358952131857, 0.00441728421201, 0.812608187812
0, 0.5, 8, no_regularization, -0.00632981133919, 0.000654314635456, 9.67395652824, 0.00320229788862, 0.00319347082214, 1.00276409805
0, 0.5, 9, no_regularization, -0.00605358104559, 0.000554780639422, 10.9116660089, 0.00305408980311, 0.0032567679175, 0.937767099305
0, 0.5, 10, no_regularization, -0.00616650758596, 0.000769979320004, 8.00866650019, 0.00336601601546, 0.00438865142578, 0.766981855903
0, 0.5, 6, regularization, -0.00639466017618, 0.000628329160463, 10.1772455881, 0.00311284966278, 0.00192430741359, 1.61764676516
0, 0.5, 7, regularization, -0.00611044373564, 0.000843353226152, 7.24541455011, 0.0028495359382, 0.00192814679204, 1.47786255173
0, 0.5, 8, regularization, -0.00634766428768, 0.000768145483537, 8.26362248262, 0.00331135340649, 0.00233280590181, 1.4194723204
0, 0.5, 9, regularization, -0.00602424386347, 0.000864575065639, 6.9678667624, 0.0029874882242, 0.00218134789885, 1.3695606399
0, 0.5, 10, regularization, -0.00618379700163, 0.000819091914351, 7.54957641906, 0.00319576658291, 0.00211688352441, 1.50965631602
0, 5.0, 1, no_regularization, -0.0559764771245, 0.00275271513437, 20.3350054009, 0.0327618947183, 0.0179591658355, 1.82424367692
0, 5.0, 2, no_regularization, -0.0555240094144, 0.00212093109363, 26.1790727577, 0.031546044888, 0.0154610225017, 2.04035954831
0, 5.0, 3, no_regularization, -0.0557107428128, 0.00212019346835, 26.2762543345, 0.0324705489591, 0.0158782143578, 2.04497484587
0, 5.0, 4, no_regularization, -0.0556783756361, 0.00248069158957, 22.4446988373, 0.0325710221141, 0.0175026974682, 1.86091442038
0, 5.0, 5, no_regularization, -0.055397804661, 0.00219097306105, 25.2845667735, 0.0335722379489, 0.018978930639, 1.76892147337
0, 5.0, 1, regularization, -0.0559566803436, 0.00266538542789, 20.9938419255, 0.0294000619144, 0.00606793742313, 4.84514916095
0, 5.0, 2, regularization, -0.0555503719032, 0.00235660681503, 23.5721850369, 0.0286341907618, 0.00559992576345, 5.11331613514
0, 5.0, 3, regularization, -0.055697649502, 0.0023590253493, 23.6104497642, 0.0290806410598, 0.00566662028858, 5.1319198356
0, 5.0, 4, regularization, -0.055698679254, 0.00240406768957, 23.1685153857, 0.0296443607193, 0.00574955331064, 5.15594153454
0, 5.0, 5, regularization, -0.0553692780623, 0.00231659894152, 23.9011065187, 0.029424174633, 0.00557766393203, 5.27535810539
0, 11.0, 21, no_regularization, -0.0043510504784, 0.416808283347, 0.0104389731496, -0.10750334354, 0.667356913615, 0.161088229321
0, 11.0, 22, no_regularization, -0.0111169268919, 0.344949498059, 0.0322276940667, 0.00728630572361, 0.431388122401, 0.0168903716752
0, 11.0, 23, no_regularization, 0.0191587629689, 0.46000600827, 0.0416489407191, -0.0179783363864, 0.870055213824, 0.020663443079
0, 11.0, 24, no_regularization, -0.009851708166, 0.425004670307, 0.0231802350757, -0.171938062163, 1.04043551633, 0.165255856288
0, 11.0, 25, no_regularization, -0.018826840922, 0.379486728358, 0.0496113289745, 0.0378176994478, 0.503140886329, 0.0751632405066
0, 11.0, 21, regularization, 0.0044058286285, 0.323485734508, 0.0136198544743, 0.0338186846339, 0.50095944218, 0.0675078295495
0, 11.0, 22, regularization, -0.0625093110338, 0.327606489963, 0.190806082751, 0.0194005598805, 0.583092166271, 0.0332718582117
0, 11.0, 23, regularization, 0.0130512612286, 0.361559767047, 0.0360971059784, -0.0312219620051, 0.80456647162, 0.0388059447
0, 11.0, 24, regularization, -0.00422590138776, 0.281404699803, 0.0150171670577, -0.0263997053231, 0.609947799184, 0.0432819093018
0, 11.0, 25, regularization, -0.0461543976606, 0.272273496847, 0.169514837819, 0.0332580125083, 0.433353804711, 0.0767456340449
0, 9.0, 6, no_regularization, 0.0169133019438, 0.637444795165, 0.0265329673598, 0.0589087411579, 0.63463199657, 0.0928234653725
0, 9.0, 7, no_regularization, -0.0259094938923, 0.494898787076, 0.0523531165744, 0.0323059539912, 0.675245039618, 0.047843304424
0, 9.0, 8, no_regularization, -0.0349101783572, 0.450467557866, 0.0774976527112, -0.0345197159507, 0.699547466752, 0.0493457807959
0, 9.0, 9, no_regularization, -0.025973855881, 0.376965802388, 0.0689024195737, 0.00860156476197, 0.613370379676, 0.0140234433337
0, 9.0, 10, no_regularization, 0.0114158536359, 0.814211180962, 0.0140207527271, 0.01941061491, 0.680857424498, 0.0285090743107
0, 9.0, 6, regularization, -0.0393029802645, 0.393218669848, 0.0999519689127, 0.02968497799, 0.749874160464, 0.0395866127346
0, 9.0, 7, regularization, -0.0352934642543, 0.423281003235, 0.0833806950574, 0.0602787470009, 0.384625796428, 0.156720499667
0, 9.0, 8, regularization, -0.00943328781807, 0.495620128033, 0.0190333024922, -0.151033809379, 0.862164667788, 0.175179771362
0, 9.0, 9, regularization, -0.0458768753061, 0.324008725192, 0.141591481152, 0.00872726586751, 0.760736762966, 0.0114721232
0, 9.0, 10, regularization, -0.00413646338719, 0.703438520474, 0.00588034812822, 0.0354140570745, 0.855510065163, 0.0413952547335
0, 9.0, 21, no_regularization, 0.0117034786328, 0.413546990238, 0.0283002389308, -0.116547487638, 0.841330007246, 0.138527672417
0, 9.0, 22, no_regularization, -0.0120652342174, 0.463499613255, 0.0260307320058, 0.0300699700307, 0.615691784538, 0.048839323158
0, 9.0, 23, no_regularization, 0.00151941291903, 0.331358475425, 0.00458540532902, -0.129148734047, 0.389937953615, 0.331203292344
0, 9.0, 24, no_regularization, -0.0727337740916, 0.2163577885, 0.336173588184, 0.0480382401697, 0.298817593276, 0.160761083854
0, 9.0, 25, no_regularization, 0.00854378640121, 0.564563163467, 0.0151334464487, -0.0295170882775, 0.703052754739, 0.0419841727076
0, 9.0, 21, regularization, 0.00930993539839, 0.448306718755, 0.0207668879562, -0.0733605533856, 0.725472801359, 0.101121025141
0, 9.0, 22, regularization, -0.002337094017, 0.323139849056, 0.00723245376211, 0.0288526447951, 0.467717576942, 0.0616881772623
0, 9.0, 23, regularization, -0.0349806684978, 0.311410278476, 0.112329845595, -0.118764261536, 0.726928015847, 0.163378297365
0, 9.0, 24, regularization, -0.0844257262581, 0.107724333786, 0.783720105673, 0.0547841941461, 0.165297569591, 0.331427705087
0, 9.0, 25, regularization, 0.0078495931871, 0.226653982985, 0.0346324961235, 0.00928097337215, 0.553583952822, 0.0167652500128
0, 1.0, 6, no_regularization, -0.0125248101889, 0.000710697652909, 17.6232609431, 0.00701138377285, 0.00520016929503, 1.34829913702
0, 1.0, 7, no_regularization, -0.0123047177826, 0.00108735677924, 11.3161733275, 0.00823738138865, 0.0103330840045, 0.797185175795
0, 1.0, 8, no_regularization, -0.0120961096216, 0.0010787840981, 11.2127251809, 0.00624466159482, 0.0059261470627, 1.05374732162
0, 1.0, 9, no_regularization, -0.0119645357957, 0.000700264904659, 17.0857281524, 0.00620119473648, 0.00450991267142, 1.37501437129
0, 1.0, 10, no_regularization, -0.012081008436, 0.00118886534514, 10.1617971164, 0.00625506071798, 0.00705782780667, 0.886258617995
0, 1.0, 6, regularization, -0.0125181210402, 0.000565931788947, 22.1194873387, 0.00616997759116, 0.00217443106599, 2.83751353982
0, 1.0, 7, regularization, -0.0123126283114, 0.000879651845486, 13.9971607797, 0.00641463047227, 0.00252559461268, 2.53984960218
0, 1.0, 8, regularization, -0.0120822134547, 0.000946240947163, 12.768643643, 0.00602137012902, 0.00260845156408, 2.30840787383
0, 1.0, 9, regularization, -0.0119802487167, 0.000669684502404, 17.8893922043, 0.0058499047109, 0.00201915159312, 2.8972092689
0, 1.0, 10, regularization, -0.0120946052435, 0.000992877650665, 12.1813651817, 0.00632780283043, 0.00253802992523, 2.49319472853
0, 3.0, 1, no_regularization, -0.0350591457304, 0.00173162001479, 20.2464428863, 0.0203006254753, 0.0129843826246, 1.5634648225
0, 3.0, 2, no_regularization, -0.0343699471818, 0.0013974177476, 24.5953275181, 0.0192726508212, 0.0124361556502, 1.54972737262
0, 3.0, 3, no_regularization, -0.0349401549092, 0.00152032241987, 22.982069101, 0.0205621257894, 0.0128496746179, 1.6002059508
0, 3.0, 4, no_regularization, -0.0345908486622, 0.00169635228923, 20.3913119237, 0.0205418815718, 0.0135181852858, 1.51957390268
0, 3.0, 5, no_regularization, -0.034569876115, 0.00142435956451, 24.2704700249, 0.0213846469299, 0.0145200928903, 1.47276240527
0, 3.0, 1, regularization, -0.0350458723394, 0.00151231915409, 23.173595497, 0.0178528140176, 0.00350231602027, 5.09743093263
0, 3.0, 2, regularization, -0.0343636938099, 0.00137367784569, 25.0158317088, 0.0170442124546, 0.00318332824399, 5.35421142536
0, 3.0, 3, regularization, -0.0349360732659, 0.00143478324342, 24.3493736256, 0.0175983075327, 0.00315811046456, 5.57241671253
0, 3.0, 4, regularization, -0.034592096179, 0.001511914877, 22.8796585742, 0.0179574105005, 0.00347765353963, 5.1636571314
0, 3.0, 5, regularization, -0.0345546925598, 0.00134630972145, 25.6662282157, 0.0180045372055, 0.00297881251117, 6.04419953857
0, 5.0, 16, no_regularization, -0.0566159787976, 0.0255126744361, 2.21913147284, 0.0336212474094, 0.031543383771, 1.06587320033
0, 5.0, 17, no_regularization, -0.0567884176522, 0.00291556720804, 19.4776568675, 0.0332859290666, 0.0189465515978, 1.75683310469
0, 5.0, 18, no_regularization, -0.0566437401778, 0.00247971553066, 22.84283801, 0.0341599261506, 0.0181099142666, 1.886255542
0, 5.0, 19, no_regularization, -0.0557689082339, 0.00270194142967, 20.6403098237, 0.0343331786477, 0.0218399635941, 1.57203460984
0, 5.0, 20, no_regularization, -0.0565178480426, 0.0218155103945, 2.59071857685, 0.0338211561825, 0.0265790598402, 1.27247375889
0, 5.0, 16, regularization, -0.055967704463, 0.00312781223695, 17.8935627279, 0.0293523885665, 0.00681691369307, 4.30581783606
0, 5.0, 17, regularization, -0.0567391501447, 0.00277403249141, 20.453671801, 0.0295518368844, 0.00597901585081, 4.94259216262
0, 5.0, 18, regularization, -0.0566095434674, 0.00244492599989, 23.1538882854, 0.0303913995895, 0.00536173220659, 5.66820542662
0, 5.0, 19, regularization, -0.0557594983354, 0.0025699093945, 21.6970677856, 0.0304598893725, 0.00592477730323, 5.14110283199
0, 5.0, 20, regularization, -0.056491701583, 0.00344691742036, 16.3890498941, 0.0299235242143, 0.0092437467394, 3.23716400481
0, 9.0, 11, no_regularization, -0.0371177356972, 0.578867017066, 0.0641213518873, 0.0523787728277, 0.869209761493, 0.0602602215808
0, 9.0, 12, no_regularization, 0.0011881092276, 0.302922916397, 0.0039221503666, 0.0247297769704, 0.36194252835, 0.0683251484237
0, 9.0, 13, no_regularization, -0.00748499733073, 0.525180781258, 0.014252230085, -0.017240807165, 0.629559413461, 0.0273855124653
0, 9.0, 14, no_regularization, -0.0471110090903, 0.439152520664, 0.107277100491, 0.0063506955638, 0.572028588826, 0.0111020597359
0, 9.0, 15, no_regularization, -0.0228351228852, 0.450810588822, 0.0506534749878, -0.0612603231598, 0.830236261121, 0.0737866147608
0, 9.0, 11, regularization, -0.0169047531515, 0.252543966421, 0.0669378619137, 0.0557818799464, 0.547679163973, 0.101851382371
0, 9.0, 12, regularization, 0.00949434644806, 0.195775996343, 0.0484959679704, -0.0338578537768, 0.346357019073, 0.0977542013367
0, 9.0, 13, regularization, -0.0100881834946, 0.459866418182, 0.0219372041438, -0.0383614011538, 0.640461133303, 0.059896532606
0, 9.0, 14, regularization, -0.0912455101971, 0.521832139058, 0.174856056896, -0.0350203492748, 0.737890830662, 0.0474600683727
0, 9.0, 15, regularization, 0.0119106991772, 0.373393725906, 0.0318984984235, 0.0348658832333, 0.521792098484, 0.0668194925425
0, 0.5, 26, no_regularization, -0.00622848377414, 0.000572958853211, 10.8707348516, 0.00300145689028, 0.00305440174123, 0.982666048726
0, 0.5, 27, no_regularization, -0.00597522447211, 0.000671322196562, 8.90068063101, 0.00294231036199, 0.00325696643217, 0.903389833226
0, 0.5, 28, no_regularization, -0.00609007511522, 0.00105899763795, 5.7507919725, 0.00333568089372, 0.00544204366348, 0.612946367209
0, 0.5, 29, no_regularization, -0.00624191267506, 0.000610822937572, 10.2188576936, 0.00299361417037, 0.00338242616084, 0.885049378173
0, 0.5, 30, no_regularization, -0.00637746665749, 0.000757662152609, 8.41729606729, 0.00311588272448, 0.00454937642736, 0.684903255256
0, 0.5, 26, regularization, -0.00622417554222, 0.000778304406629, 7.99709662338, 0.00291703466193, 0.00202612160786, 1.43971351503
0, 0.5, 27, regularization, -0.00597874469866, 0.000971620142421, 6.15337665166, 0.00285087603113, 0.00192759235007, 1.47898285186
0, 0.5, 28, regularization, -0.00609150448675, 0.00108661722497, 5.60593403711, 0.00320767899082, 0.00254359544647, 1.2610806468
0, 0.5, 29, regularization, -0.00625705512393, 0.000685294301778, 9.13046425119, 0.00297871290131, 0.0019613832735, 1.51867966937
0, 0.5, 30, regularization, -0.0063755058454, 0.000868082415334, 7.34435548145, 0.00313080214198, 0.00191213517083, 1.63733306606
0, 3.0, 16, no_regularization, -0.0348288877205, 0.00215339718355, 16.173926476, 0.0202647343567, 0.0148725305732, 1.36256128417
0, 3.0, 17, no_regularization, -0.0347301780523, 0.00184030120385, 18.8720074625, 0.0205607892385, 0.0142281427949, 1.44507892105
0, 3.0, 18, no_regularization, -0.0344706779136, 0.00157248331862, 21.9211723937, 0.020651998824, 0.013256101552, 1.55792400526
0, 3.0, 19, no_regularization, -0.0343444338107, 0.00189669539043, 18.1075116141, 0.0208036667355, 0.0147482290447, 1.41058744561
0, 3.0, 20, no_regularization, -0.0346508411748, 0.00256018743296, 13.5344938924, 0.0211632035118, 0.0159879334658, 1.32369849781
0, 3.0, 16, regularization, -0.0348251853003, 0.00179382040739, 19.4139754219, 0.0174403307563, 0.00407102423337, 4.28401546063
0, 3.0, 17, regularization, -0.0347230826692, 0.00162059179751, 21.4261745139, 0.0175514547271, 0.00341706550158, 5.13641155517
0, 3.0, 18, regularization, -0.034475612109, 0.00146884941528, 23.4711684877, 0.0179922525253, 0.00319296322255, 5.63497017386
0, 3.0, 19, regularization, -0.03434310111, 0.00168380217586, 20.3961614982, 0.0180876268816, 0.00355242510092, 5.0916279352
0, 3.0, 20, regularization, -0.0346261116825, 0.00213549223201, 16.2145809587, 0.0181811549675, 0.00404233769866, 4.49768335128
0, 7.0, 6, no_regularization, -0.0470958820686, 0.336179529358, 0.140091462911, -0.0138665480054, 0.393218384863, 0.035264241295
0, 7.0, 7, no_regularization, -0.00922378551841, 0.446733427411, 0.0206471800686, -0.133588060458, 0.902849943115, 0.14796263928
0, 7.0, 8, no_regularization, -0.0277639008765, 0.296637730913, 0.0935953116655, 0.0386940635016, 0.298201297631, 0.129758199609
0, 7.0, 9, no_regularization, -0.0629031814439, 0.164146153392, 0.38321447164, 0.0299316165087, 0.172641658216, 0.173374241293
0, 7.0, 10, no_regularization, 0.00167220449402, 0.531453090136, 0.00314647618963, 0.0452195570038, 0.653158830714, 0.069232099265
0, 7.0, 6, regularization, -0.0113730310431, 0.270574757092, 0.0420328605866, 0.00268113585988, 0.434969378489, 0.00616396462021
0, 7.0, 7, regularization, -0.0107216944525, 0.391191856199, 0.0274077649692, -0.0997226112449, 0.744581610919, 0.133931069184
0, 7.0, 8, regularization, -0.0281398703459, 0.169793613629, 0.165729851344, 0.0433387162117, 0.269206467038, 0.16098690603
0, 7.0, 9, regularization, 0.00701150641087, 0.362596356927, 0.0193369466541, -0.00397925867014, 0.419964965313, 0.00947521578894
0, 7.0, 10, regularization, -0.00101445319221, 0.433814703358, 0.00233844815392, 0.0453835002071, 0.656671514906, 0.0691114189925
0, 0.5, 1, no_regularization, -0.00680344272712, 0.00061881378604, 10.9943296038, 0.0031127063158, 0.00286103857484, 1.08796377063
0, 0.5, 2, no_regularization, -0.0059779709671, 0.000515205453243, 11.6030817016, 0.00292640047092, 0.002864668579, 1.02154940099
0, 0.5, 3, no_regularization, -0.00645797931084, 0.000549296316708, 11.756822528, 0.00310870669088, 0.00318742474567, 0.975303556611
0, 0.5, 4, no_regularization, -0.00619871273868, 0.000534878178611, 11.5890178111, 0.00311940483894, 0.00291937131624, 1.06851938347
0, 0.5, 5, no_regularization, -0.00610243499821, 0.000542788113513, 11.2427572496, 0.00301773707955, 0.00376390854774, 0.801756217315
0, 0.5, 1, regularization, -0.00680328003184, 0.000719982492256, 9.44922981463, 0.00310662742051, 0.00196722314944, 1.57919421668
0, 0.5, 2, regularization, -0.00599164211903, 0.000795867703242, 7.52843983318, 0.00271167741451, 0.00219978038992, 1.23270369485
0, 0.5, 3, regularization, -0.006458378256, 0.000714119359403, 9.04383583915, 0.00308900033325, 0.00186940679375, 1.65239601331
0, 0.5, 4, regularization, -0.00621381503775, 0.000816634565828, 7.60905219761, 0.00311869945433, 0.00204500283524, 1.52503429364
0, 0.5, 5, regularization, -0.00613168691188, 0.000773847419313, 7.92363812148, 0.00305661677622, 0.00199066965314, 1.53547162956
0, 3.0, 11, no_regularization, -0.0343535665229, 0.00256012477434, 13.4187078955, 0.0213119750846, 0.0182207592979, 1.16965351093
0, 3.0, 12, no_regularization, -0.0338453191403, 0.0013866944276, 24.4071934427, 0.0199327566749, 0.0132636732139, 1.50280818545
0, 3.0, 13, no_regularization, -0.0340224341413, 0.00158095915142, 21.520122206, 0.0197407460374, 0.0136753283848, 1.44352994545
0, 3.0, 14, no_regularization, -0.0346633486516, 0.00176062409728, 19.6881030455, 0.0207166432982, 0.0141667022874, 1.46234761471
0, 3.0, 15, no_regularization, -0.0345080424291, 0.00153252069452, 22.5171787582, 0.0208158401368, 0.0140958505565, 1.47673530259
0, 3.0, 11, regularization, -0.0343131268612, 0.00212907562593, 16.1164434196, 0.0180322856626, 0.00420109756337, 4.29227966991
0, 3.0, 12, regularization, -0.0338266939658, 0.00135104149829, 25.0374944135, 0.0169895589217, 0.00306774192349, 5.53813174166
0, 3.0, 13, regularization, -0.0340021539705, 0.00144788235425, 23.484058543, 0.0169702122341, 0.0031761986872, 5.34293156864
0, 3.0, 14, regularization, -0.0346600083795, 0.00159565749741, 21.7214586687, 0.017610531073, 0.00333857302108, 5.27486772396
0, 3.0, 15, regularization, -0.0344972757634, 0.00139719015344, 24.6904658457, 0.0177155294358, 0.00347470204563, 5.09843123329
0, 5.0, 26, no_regularization, -0.0562776926464, 0.0216572831229, 2.59855736876, 0.0345578018059, 0.0294794509311, 1.17226748512
0, 5.0, 27, no_regularization, -0.0562778625274, 0.0307484356566, 1.83026750225, 0.0344864955576, 0.0435958493762, 0.791049974965
0, 5.0, 28, no_regularization, -0.0549965149227, 0.165516405144, 0.332272289716, 0.0330596033039, 0.200803987389, 0.16463618942
0, 5.0, 29, no_regularization, -0.0580960591545, 0.0546875556752, 1.06232685731, 0.0352383657785, 0.0417828838206, 0.843368445554
0, 5.0, 30, no_regularization, -0.0560470027107, 0.0315378181274, 1.77713634102, 0.0343341101014, 0.0523016455327, 0.656463286227
0, 5.0, 26, regularization, -0.0562901472699, 0.00290419137572, 19.3823822151, 0.030334239497, 0.00654893517705, 4.63193460874
0, 5.0, 27, regularization, -0.0563116846588, 0.00345659406206, 16.2910899133, 0.0303877926438, 0.0233734665318, 1.30009780973
0, 5.0, 28, regularization, -0.0559404115394, 0.00747682764871, 7.48183777501, 0.0314639900684, 0.0130753276646, 2.40636341019
0, 5.0, 29, regularization, -0.0577845025611, 0.0107543237485, 5.3731414371, 0.0310890159126, 0.0170232219508, 1.82627096107
0, 5.0, 30, regularization, -0.0560709279532, 0.00306986392329, 18.2649555011, 0.0306403127572, 0.00705529013451, 4.34288486696
0, 0.5, 16, no_regularization, -0.00612524789369, 0.00061110986467, 10.0231533605, 0.002973685058, 0.0033528293461, 0.886918107379
0, 0.5, 17, no_regularization, -0.00616560177298, 0.000605365514734, 10.1849240218, 0.00296157299751, 0.00401640004404, 0.737370024161
0, 0.5, 18, no_regularization, -0.00538053108716, 0.000526662861389, 10.2162720815, 0.0027821187468, 0.00287302687445, 0.968358065683
0, 0.5, 19, no_regularization, -0.00612075615923, 0.000646131759541, 9.47292261811, 0.00304642317596, 0.00346038708256, 0.880370635792
0, 0.5, 20, no_regularization, -0.00631990096606, 0.000643739344889, 9.81748438438, 0.00314405103267, 0.00385005484475, 0.816624998722
0, 0.5, 16, regularization, -0.0061191594827, 0.000832637457614, 7.34912827515, 0.0028221210462, 0.00211952312423, 1.33148867967
0, 0.5, 17, regularization, -0.00617787118632, 0.000826861746588, 7.47146812851, 0.00297757567624, 0.00199763333266, 1.49055165808
0, 0.5, 18, regularization, -0.0053434886512, 0.00108012909175, 4.94708335513, 0.00240016411451, 0.00216741669545, 1.10738471266
0, 0.5, 19, regularization, -0.00610237109325, 0.000931398433202, 6.55183740461, 0.00290606622896, 0.00190214548356, 1.52778336572
0, 0.5, 20, regularization, -0.00634846649286, 0.00081817046349, 7.75934450846, 0.00334873311711, 0.00216493571282, 1.54680487613
0, 7.0, 21, no_regularization, -0.0582653391243, 0.224165831595, 0.259920696699, 0.0439391154405, 0.242370176308, 0.181289282823
0, 7.0, 22, no_regularization, 0.0317319705526, 0.479616134188, 0.0661611824347, -0.0753528371189, 1.00175933101, 0.0752204993621
0, 7.0, 23, no_regularization, 0.0301050984662, 0.554521954996, 0.0542901830936, 0.0153461097913, 0.542003678812, 0.0283136635252
0, 7.0, 24, no_regularization, -0.0724237069392, 0.0354203126633, 2.04469417386, 0.0446891219664, 0.0501124331427, 0.891777133215
0, 7.0, 25, no_regularization, -0.0702317347652, 0.0760612199485, 0.923357984697, 0.0462906645167, 0.102762802083, 0.450461291229
0, 7.0, 21, regularization, -0.051123118051, 0.137317754607, 0.372297946449, 0.00454961829088, 0.259801580063, 0.0175118961547
0, 7.0, 22, regularization, -0.0126543539647, 0.249542004118, 0.050710316323, 0.0360797061084, 0.370265668568, 0.0974427530586
0, 7.0, 23, regularization, -0.0277112272841, 0.227453929491, 0.121832264433, 0.0731416552279, 0.361306190738, 0.20243676168
0, 7.0, 24, regularization, -0.0743432992238, 0.011245991135, 6.61064892646, 0.0427275065622, 0.0137178330967, 3.11474168413
0, 7.0, 25, regularization, -0.0614938727694, 0.0853901561961, 0.720151777544, 0.0422618620175, 0.124285188856, 0.340039407805
0, 7.0, 11, no_regularization, 0.0101571158096, 0.56197914068, 0.018073830636, 0.0519956952444, 0.742737794798, 0.070005452272
0, 7.0, 12, no_regularization, 0.0145905742916, 0.462426131967, 0.0315522270109, -0.118007538996, 0.822039195107, 0.143554637903
0, 7.0, 13, no_regularization, 0.00570985839917, 0.486941044744, 0.0117259747577, -0.0211371213314, 0.721490779734, 0.0292964538497
0, 7.0, 14, no_regularization, -0.0680720172708, 0.176167583803, 0.386404898116, 0.0458372933208, 0.189526672147, 0.241851412267
0, 7.0, 15, no_regularization, -0.052278853377, 0.210398111035, 0.248475868532, 0.0464848150547, 0.204590115255, 0.227209486621
0, 7.0, 11, regularization, -0.0126309615887, 0.408963076061, 0.0308853349558, -0.0639917167355, 0.677873718231, 0.0944006457464
0, 7.0, 12, regularization, 0.0133418643913, 0.271642202994, 0.0491155801428, -0.0304878016824, 0.368385881753, 0.0827605051998
0, 7.0, 13, regularization, -0.000104220590394, 0.256907293766, 0.000405673925664, 0.0121058103634, 0.336847438099, 0.0359385555423
0, 7.0, 14, regularization, -0.0709369870424, 0.0439348179491, 1.61459613022, 0.0317998658518, 0.0890308844573, 0.357177916918
0, 7.0, 15, regularization, -0.0586177296918, 0.110238653161, 0.531734813614, 0.0410719923445, 0.146533589486, 0.280290631578
0, 1.0, 11, no_regularization, -0.011577690971, 0.00111164187694, 10.4149467658, 0.00623799452678, 0.00638780177985, 0.976547917699
0, 1.0, 12, no_regularization, -0.0112162653751, 0.00090842234608, 12.3469721143, 0.0057302228954, 0.00566487560206, 1.01153552133
0, 1.0, 13, no_regularization, -0.0113539255988, 0.00102914119148, 11.0324275161, 0.00565195045138, 0.00648345664785, 0.871749555579
0, 1.0, 14, no_regularization, -0.0118814025536, 0.000800738329235, 14.8380589761, 0.00623984695743, 0.00542890288625, 1.14937531361
0, 1.0, 15, no_regularization, -0.0119395094326, 0.000683286262927, 17.4736564752, 0.0062347848124, 0.00488320705636, 1.27678075913
0, 1.0, 11, regularization, -0.0115889824803, 0.00100312325391, 11.5528998407, 0.00581743328725, 0.00237652048769, 2.44787844977
0, 1.0, 12, regularization, -0.0112217015588, 0.000909189946438, 12.3425271064, 0.00559314214472, 0.00223426999107, 2.50334210596
0, 1.0, 13, regularization, -0.0113309697488, 0.000942141055922, 12.0268293984, 0.00523400204065, 0.00224536254412, 2.33102759033
0, 1.0, 14, regularization, -0.0118726236181, 0.000749806464913, 15.8342508017, 0.00597270504997, 0.00217275572201, 2.74890775316
0, 1.0, 15, regularization, -0.0119059556757, 0.000697869208603, 17.0604398775, 0.00594754454789, 0.00260267310959, 2.28516770929
0, 11.0, 11, no_regularization, -0.031801345999, 0.563777564305, 0.056407611818, -0.0363037918653, 0.670619157425, 0.0541347372251
0, 11.0, 12, no_regularization, -0.0277457885248, 0.473694935647, 0.0585731162334, 0.0745350654987, 0.811234500353, 0.0918785695951
0, 11.0, 13, no_regularization, 0.00275726995049, 0.534286326446, 0.00516065976988, -0.00413405322532, 0.545165166783, 0.00758312063428
0, 11.0, 14, no_regularization, 0.00651730263229, 0.315918359196, 0.0206297052469, -0.0136032602935, 0.389040436164, 0.0349661861055
0, 11.0, 15, no_regularization, -0.00673710324633, 0.474459831151, 0.0141995229185, 0.00899631698601, 0.646817260027, 0.013908591409
0, 11.0, 11, regularization, -0.0305327674972, 0.531670568137, 0.0574279813988, -0.0327563307624, 0.620473282245, 0.0527924919569
0, 11.0, 12, regularization, -0.0109252356447, 0.377937690738, 0.0289075048941, 0.0649796702546, 0.558832236054, 0.116277598289
0, 11.0, 13, regularization, -0.0208191325452, 0.377810797275, 0.0551046521044, -0.0699359495886, 0.556559478558, 0.125657638191
0, 11.0, 14, regularization, -0.0321398354445, 0.356290793436, 0.0902067525647, -0.0430514051597, 0.9127684957, 0.0471657439565
0, 11.0, 15, regularization, -0.0112925923086, 0.213411832728, 0.0529145556936, 0.0397971871279, 0.336486131098, 0.118272889875
0, 3.0, 6, no_regularization, -0.0347680220178, 0.00139040968145, 25.0055954599, 0.0206184077218, 0.0134534736739, 1.53257130623
0, 3.0, 7, no_regularization, -0.0344269288461, 0.00171883522456, 20.029219994, 0.0213904520049, 0.0157757600131, 1.35590627564
0, 3.0, 8, no_regularization, -0.0345621296889, 0.0024210103674, 14.2759114766, 0.0204117728028, 0.0150441502329, 1.35679134327
0, 3.0, 9, no_regularization, -0.0344505825605, 0.00139650318064, 24.6691758659, 0.0207169426775, 0.0133403114755, 1.55295794371
0, 3.0, 10, no_regularization, -0.0349413713712, 0.00267522746658, 13.0610842658, 0.0200827681875, 0.0164918709903, 1.21773740525
0, 3.0, 6, regularization, -0.0347656839775, 0.00134459707081, 25.855837955, 0.017843481756, 0.00309703252463, 5.76147703135
0, 3.0, 7, regularization, -0.0344198573164, 0.00153819175603, 22.3768312251, 0.0177852300356, 0.00359205790465, 4.95126484809
0, 3.0, 8, regularization, -0.0345733656076, 0.00197367844889, 17.5172230446, 0.0181525438074, 0.00456791723985, 3.97392134188
0, 3.0, 9, regularization, -0.0344442263599, 0.00129778348256, 26.5408111774, 0.0179098131748, 0.00316024067455, 5.66723076475
0, 3.0, 10, regularization, -0.0349219968237, 0.00212631008149, 16.4237554662, 0.0184015772339, 0.00503374213483, 3.65564558951
0, 0.5, 21, no_regularization, -0.00614619898252, 0.00064907852058, 9.46911473365, 0.00306505903869, 0.0039446556354, 0.777015618596
0, 0.5, 22, no_regularization, -0.00579225575669, 0.000635619381254, 9.11277397687, 0.00300607206637, 0.00356963079349, 0.842124085173
0, 0.5, 23, no_regularization, -0.00531283417336, 0.00069834991592, 7.60769644594, 0.00280503795453, 0.00419805490692, 0.668175623407
0, 0.5, 24, no_regularization, -0.00610812012374, 0.00058339642506, 10.4699306704, 0.00303784068529, 0.00298069448417, 1.01917210953
0, 0.5, 25, no_regularization, -0.00569386759416, 0.000521372816231, 10.92091382, 0.0029333454001, 0.00308114012365, 0.952032456292
0, 0.5, 21, regularization, -0.00617345489388, 0.000767493144939, 8.04366128164, 0.00310265744621, 0.00198297459042, 1.56464811057
0, 0.5, 22, regularization, -0.00579511373554, 0.000999370892094, 5.79876178243, 0.00297614459945, 0.00218049323809, 1.36489512898
0, 0.5, 23, regularization, -0.00526344272476, 0.00110702770892, 4.75457179831, 0.00246305601787, 0.00230119229751, 1.07033906751
0, 0.5, 24, regularization, -0.00610174738592, 0.000848216285419, 7.1936220641, 0.00290672625526, 0.00196321197276, 1.48059725368
0, 0.5, 25, regularization, -0.00569669579304, 0.000957154852061, 5.95169713738, 0.00291732637815, 0.00219306482912, 1.33025086145
0, 9.0, 1, no_regularization, 0.0104637598663, 0.459338477887, 0.0227800638744, 0.0358307927461, 0.652395987155, 0.0549218472393
0, 9.0, 2, no_regularization, -0.0406953765783, 0.522765438337, 0.0778463410048, -0.00372310327293, 0.919275379032, 0.00405004132369
0, 9.0, 3, no_regularization, -0.0138574123512, 0.488730820202, 0.0283538745222, 0.0455257866663, 0.846207500374, 0.0537997910042
0, 9.0, 4, no_regularization, -0.0505691924199, 0.452510395305, 0.111752554073, -0.0440941508382, 0.721590695315, 0.0611068728082
0, 9.0, 5, no_regularization, -0.0439184744482, 0.502870649683, 0.0873355294765, -0.0582422953559, 0.945483498427, 0.0616005413662
0, 9.0, 1, regularization, 0.00932947337734, 0.439219987186, 0.02124100371, 0.0273380204571, 0.595351427384, 0.0459191314569
0, 9.0, 2, regularization, -0.0356634041773, 0.430175144976, 0.082904381143, 0.0270689507634, 0.724470813658, 0.0373637560729
0, 9.0, 3, regularization, -0.0143034278426, 0.417934274666, 0.0342241082143, 0.0543842451397, 0.81214265258, 0.0669639071005
0, 9.0, 4, regularization, -0.0265694206755, 0.407435931291, 0.0652112851002, -0.121713249262, 0.850209416018, 0.143156788162
0, 9.0, 5, regularization, -0.0575848349168, 0.453413839147, 0.127002817173, -0.0589837684722, 0.728161855734, 0.081003650504
0, 1.0, 21, no_regularization, -0.0119635088974, 0.00105414496671, 11.3490167626, 0.006517726547, 0.00648237046334, 1.00545419054
0, 1.0, 22, no_regularization, -0.0119419726356, 0.000947792210753, 12.5997792555, 0.00623654874612, 0.00569790867354, 1.09453294243
0, 1.0, 23, no_regularization, -0.0119282407921, 0.00125327449361, 9.51766021959, 0.0061971770179, 0.00650759349269, 0.952299344584
0, 1.0, 24, no_regularization, -0.0120628920123, 0.000718919747322, 16.7791913593, 0.00640916215702, 0.00490490519412, 1.30668420762
0, 1.0, 25, no_regularization, -0.0120515117547, 0.00075550318971, 15.9516358353, 0.00621943855913, 0.00506525569733, 1.22786270443
0, 1.0, 21, regularization, -0.011976516614, 0.000932005796038, 12.8502597998, 0.00617027442582, 0.00253586207007, 2.43320585084
0, 1.0, 22, regularization, -0.0119252695213, 0.000835030702888, 14.2812347858, 0.00579128314352, 0.00246258826286, 2.35170581736
0, 1.0, 23, regularization, -0.0119469299855, 0.00107881794326, 11.0740927698, 0.00578744362827, 0.00284688076804, 2.03290692509
0, 1.0, 24, regularization, -0.0120373070336, 0.000730828388085, 16.470771018, 0.00600788550492, 0.00221287384788, 2.71496972621
0, 1.0, 25, regularization, -0.0120439700946, 0.00069923528806, 17.2244883808, 0.0056765463648, 0.00190043137745, 2.98697781574
0, 7.0, 1, no_regularization, 0.00377983493333, 0.340217116121, 0.0111100669373, 0.0347604751049, 0.347482073555, 0.100035304697
0, 7.0, 2, no_regularization, -0.0387322666761, 0.416170137944, 0.0930683466802, -0.00317394666718, 0.354547441526, 0.00895210709606
0, 7.0, 3, no_regularization, -0.031984994772, 0.505694642535, 0.0632496215734, 0.00853055759401, 0.830323298453, 0.0102737784305
0, 7.0, 4, no_regularization, -0.0552514576061, 0.232558202386, 0.237581203498, 0.0262664895878, 0.242206306781, 0.108446761511
0, 7.0, 5, no_regularization, -0.0726733340043, 0.474514756482, 0.153152948378, -0.103193605616, 0.873802420957, 0.118097184376
0, 7.0, 1, regularization, -0.0506595119181, 0.233872516843, 0.216611650663, 0.0362625875173, 0.280399619796, 0.129324667215
0, 7.0, 2, regularization, -0.0300681811047, 0.220483503949, 0.136373835531, 0.0349458044478, 0.361156355377, 0.096760873587
0, 7.0, 3, regularization, -0.00772879539392, 0.377228059074, 0.0204883894716, 0.000654626219332, 0.75309563529, 0.000869247129655
0, 7.0, 4, regularization, -0.0261710097402, 0.334845488299, 0.0781584660829, 0.0266710443681, 0.263741162023, 0.101125831719
0, 7.0, 5, regularization, -0.0237592557751, 0.362482695872, 0.0655459034202, 0.0726098040621, 0.482207922563, 0.15057779158
0, 11.0, 26, no_regularization, -0.0321972081418, 0.521979378607, 0.0616829121251, 0.0262714680107, 0.856554640964, 0.0306710941186
0, 11.0, 27, no_regularization, -0.0509690866623, 0.511624794898, 0.0996220026288, -0.153782628218, 0.762405753773, 0.201707066686
0, 11.0, 28, no_regularization, -0.0148582237965, 0.49872847836, 0.0297922104737, 0.0955935085427, 0.814252780247, 0.117400285098
0, 11.0, 29, no_regularization, -0.0277889148994, 0.313887071705, 0.0885315688486, -0.0803629829916, 0.432225528236, 0.185928358558
0, 11.0, 30, no_regularization, 0.0341391564891, 0.325381565312, 0.104920376962, -0.0045787498105, 0.387314402173, 0.0118217907334
0, 11.0, 26, regularization, -0.0310835199302, 0.471484442219, 0.0659269259955, 0.0265002798263, 0.831187142128, 0.0318824467838
0, 11.0, 27, regularization, -0.0562466099726, 0.423367078502, 0.132855417506, -0.0187339887432, 0.680685726124, 0.0275222294581
0, 11.0, 28, regularization, -0.00506725587237, 0.322264478241, 0.0157239044775, 0.0657259317776, 0.730886102554, 0.0899263668415
0, 11.0, 29, regularization, 0.0445492233314, 0.554799437887, 0.0802978883704, -0.0280151140457, 0.46050380466, 0.0608357928039
0, 11.0, 30, regularization, 0.00193712801109, 0.266667059014, 0.00726421935373, 0.0654755984727, 0.385056788996, 0.170041407771
0, 9.0, 16, no_regularization, 0.00763164024512, 0.321060741804, 0.0237700822662, 0.0150509563874, 0.359282864762, 0.0418916621515
0, 9.0, 17, no_regularization, -0.0465001222387, 0.439590125278, 0.105780634197, -0.148485447555, 1.04472354446, 0.142128937691
0, 9.0, 18, no_regularization, -0.0796725452989, 0.277373138483, 0.2872395854, 0.0516103643854, 0.317742712076, 0.162428160974
0, 9.0, 19, no_regularization, -0.0091386160706, 0.476645742999, 0.0191727634303, 0.0454313451485, 0.700748881392, 0.0648325617848
0, 9.0, 20, no_regularization, 0.0107452141804, 0.81305036199, 0.0132159269373, 0.061250378622, 0.682395544361, 0.0897578818152
0, 9.0, 16, regularization, -0.0139616044056, 0.400919548374, 0.0348239552355, -0.00443937972464, 0.655137044134, 0.00677626118748
0, 9.0, 17, regularization, -0.0485517108029, 0.358052625104, 0.135599371151, -0.00222146797997, 0.867555236058, 0.002560606965
0, 9.0, 18, regularization, -0.0453508684039, 0.377119546178, 0.120255947653, 0.0605278362368, 0.587277104236, 0.103065206868
0, 9.0, 19, regularization, 0.00547416437465, 0.460645287434, 0.0118836869148, 0.0155303658232, 0.657880675238, 0.0236066606114
0, 9.0, 20, regularization, 0.0624987205659, 0.755694741397, 0.0827036594834, 0.0559939662294, 0.657978211439, 0.0851000310588
