welch_sim, strain percent, trial, regularization, mean axial strain, axial strain std, axial strain SNRe, mean lateral strain, lateral strain std, lateral strain SNRe
0, 3.0, 16, no_regularization, -0.0287204840274, 0.00882551041363, 3.25425756487, 0.0145080013754, 0.00967508279666, 1.49952219327
0, 3.0, 17, no_regularization, -0.0287441195029, 0.00853496142588, 3.36780895292, 0.0146690473555, 0.0154237107772, 0.951071215444
0, 3.0, 18, no_regularization, -0.0287466295583, 0.0102031384899, 2.81743010612, 0.0151879028271, 0.0168341189788, 0.902209545165
0, 3.0, 19, no_regularization, -0.0287468385289, 0.00907334183565, 3.16827460594, 0.0151567959741, 0.00993520917826, 1.52556385096
0, 3.0, 20, no_regularization, -0.0287374814639, 0.00612975785298, 4.68819195687, 0.0150445703144, 0.0100138278316, 1.50237956627
0, 3.0, 16, regularization, -0.0287208205082, 0.00581391923752, 4.94001022974, 0.0140299108948, 0.00497504154122, 2.82005904445
0, 3.0, 17, regularization, -0.0287413730915, 0.00574356490313, 5.00409999299, 0.0145285481311, 0.00509161217544, 2.85342787913
0, 3.0, 18, regularization, -0.0287474449358, 0.00574946849705, 5.00001781913, 0.0146726606484, 0.00527858592424, 2.77965744215
0, 3.0, 19, regularization, -0.0287497854422, 0.00576715309202, 4.98509142787, 0.0145874683027, 0.00548108691525, 2.66141889889
0, 3.0, 20, regularization, -0.0287469792981, 0.00587458681065, 4.89344701587, 0.0144814502177, 0.0052039363414, 2.78278773368
0, 0.5, 16, no_regularization, -0.00478075245905, 0.00153774748137, 3.10893206914, 0.0021366838405, 0.00482437345978, 0.442893540127
0, 0.5, 17, no_regularization, -0.00480092234958, 0.00144397813725, 3.32478880791, 0.00223449104074, 0.00507129547417, 0.440615430933
0, 0.5, 18, no_regularization, -0.00462975562098, 0.00511386153098, 0.905334568199, 0.00228539707683, 0.00473319516994, 0.482844462308
0, 0.5, 19, no_regularization, -0.00478023291651, 0.00148798553856, 3.21255334319, 0.00231892520397, 0.00515467401083, 0.449868449313
0, 0.5, 20, no_regularization, -0.00478655199661, 0.0015752825969, 3.03853543867, 0.00230275227435, 0.00495357437241, 0.46486680147
0, 0.5, 16, regularization, -0.00478365535943, 0.00153827334478, 3.10975638736, 0.0015499594881, 0.00162726824855, 0.952491692429
0, 0.5, 17, regularization, -0.0047922326142, 0.0015049844976, 3.18424051666, 0.00168507005761, 0.00161257634012, 1.04495521587
0, 0.5, 18, regularization, -0.00479589561131, 0.0014773392942, 3.24630613301, 0.00180695723409, 0.0016894556392, 1.06954997347
0, 0.5, 19, regularization, -0.00477474505508, 0.0015209439115, 3.13933013504, 0.00186464383578, 0.00207812042738, 0.897274196052
0, 0.5, 20, regularization, -0.00478590187754, 0.00161041348873, 2.97184661643, 0.00163868168173, 0.00158452407819, 1.03417909786
0, 3.0, 1, no_regularization, -0.0287360298785, 0.0285373528982, 1.00696199752, 0.0149341709581, 0.0278243566081, 0.536730145045
0, 3.0, 2, no_regularization, -0.0287324865501, 0.00612091684472, 4.69414750747, 0.0144328707934, 0.0166480459119, 0.866940833165
0, 3.0, 3, no_regularization, -0.028732930987, 0.00905687988507, 3.17249774222, 0.0147656852916, 0.0160867763917, 0.917877201251
0, 3.0, 4, no_regularization, -0.0287293067736, 0.00603034248906, 4.764125226, 0.0148289489601, 0.0168284753471, 0.881181964157
0, 3.0, 5, no_regularization, -0.0287389585622, 0.00602817348356, 4.76744052581, 0.0146936746621, 0.017405555177, 0.844194540924
0, 3.0, 1, regularization, -0.0287240920786, 0.00571283768924, 5.02799022851, 0.0147422026233, 0.00542904719124, 2.71543092258
0, 3.0, 2, regularization, -0.0287340906822, 0.00582214168182, 4.93531285435, 0.0144742948351, 0.00500026155049, 2.89470754458
0, 3.0, 3, regularization, -0.0287294803036, 0.00575869673351, 4.98888579015, 0.014674765868, 0.00526655957914, 2.78640460579
0, 3.0, 4, regularization, -0.0287358684189, 0.00573677695227, 5.0090614744, 0.0145617833704, 0.00521088976701, 2.7944907725
0, 3.0, 5, regularization, -0.0287278596675, 0.00576054619395, 4.98700274249, 0.0145564146288, 0.00523697412001, 2.77954679463
0, 0.5, 26, no_regularization, -0.00479515113459, 0.00154928875969, 3.09506610991, 0.00227705681159, 0.00482005830956, 0.472412710667
0, 0.5, 27, no_regularization, -0.00478985574739, 0.00147161008491, 3.25484025728, 0.0021541174696, 0.00495456958683, 0.43477388537
0, 0.5, 28, no_regularization, -0.00479514973554, 0.00146716451469, 3.26831087279, 0.00243384325893, 0.0048720941313, 0.499547667458
0, 0.5, 29, no_regularization, -0.00478171712752, 0.00148103937653, 3.22862254934, 0.00236576161742, 0.0048381473966, 0.488980889478
0, 0.5, 30, no_regularization, -0.00479364746347, 0.00153234425047, 3.12830975286, 0.00244347367749, 0.00504499953972, 0.484335758259
0, 0.5, 26, regularization, -0.00479466331179, 0.0015802260568, 3.03416292318, 0.00169829949575, 0.00159671765003, 1.0636191663
0, 0.5, 27, regularization, -0.00479390262712, 0.00152777519587, 3.13783247699, 0.00156342264571, 0.00165559600823, 0.944326174953
0, 0.5, 28, regularization, -0.00479515946, 0.00153768074589, 3.11843630273, 0.00192190096492, 0.00185554395219, 1.03576148797
0, 0.5, 29, regularization, -0.00478331417846, 0.00155723017135, 3.07168090271, 0.00184834186431, 0.00175041231102, 1.05594656337
0, 0.5, 30, regularization, -0.00479559615775, 0.00153584239127, 3.12245330967, 0.00194117587977, 0.00177664030796, 1.09261051383
0, 9.0, 6, no_regularization, -0.0619073296984, 0.290405236612, 0.21317566591, 0.0220352098105, 0.293781616808, 0.0750054072476
0, 9.0, 7, no_regularization, 0.000529669350301, 0.646877446298, 0.0008188094257, -0.0739397507981, 0.638102325677, 0.115874441798
0, 9.0, 8, no_regularization, -0.0322171287709, 0.504022919053, 0.0639199678289, 0.0372254345296, 0.635386272627, 0.0585870928179
0, 9.0, 9, no_regularization, -0.0345532600369, 0.269074665516, 0.128415137005, 0.0252220792962, 0.27075120152, 0.0931559274887
0, 9.0, 10, no_regularization, 0.0157407991547, 0.522882433086, 0.0301038974704, -0.034969054372, 0.830402949355, 0.0421109467388
0, 9.0, 6, regularization, -0.0618716054828, 0.173327084208, 0.356964439605, 0.0297874188363, 0.208080047517, 0.143153652605
0, 9.0, 7, regularization, -0.0018830966, 0.554370753696, 0.00339681808148, -0.0770295681066, 0.621928013841, 0.12385608365
0, 9.0, 8, regularization, -0.0311436063337, 0.427519782252, 0.0728471701816, 0.040824084023, 0.576639522933, 0.0707965416858
0, 9.0, 9, regularization, -0.0367997177974, 0.187931138438, 0.195814903817, 0.0256098994529, 0.192942920637, 0.132733035078
0, 9.0, 10, regularization, 0.0146411986638, 0.449257902805, 0.0325897409313, -0.0449212270828, 0.767784129779, 0.0585076264805
0, 1.0, 26, no_regularization, -0.00958522517812, 0.00248282264267, 3.86061614446, 0.00452721797249, 0.00580122380218, 0.780390160226
0, 1.0, 27, no_regularization, -0.00959568197398, 0.00233510215312, 4.10931999749, 0.00437947818017, 0.00575383765061, 0.761140380751
0, 1.0, 28, no_regularization, -0.00959386045555, 0.0023563902841, 4.07142251446, 0.00456880560628, 0.00540118451085, 0.845889563132
0, 1.0, 29, no_regularization, -0.00956553650898, 0.00234685809949, 4.07589044735, 0.0045269674819, 0.0059838186135, 0.756534877525
0, 1.0, 30, no_regularization, -0.00956382568961, 0.00237830525119, 4.02127762398, 0.00466205590556, 0.00555888421714, 0.838667567709
0, 1.0, 26, regularization, -0.00958840307827, 0.00239232116542, 4.00799157607, 0.00488166117848, 0.0035691022494, 1.36775604546
0, 1.0, 27, regularization, -0.00959682375113, 0.00228984914042, 4.19102882445, 0.0047426406237, 0.00357864707322, 1.32526078338
0, 1.0, 28, regularization, -0.00960814623596, 0.00230966807133, 4.15996841936, 0.00489300729882, 0.00340513140625, 1.43695109382
0, 1.0, 29, regularization, -0.00957170015055, 0.00224632738664, 4.26104414142, 0.00491960015213, 0.00381335836502, 1.29009646648
0, 1.0, 30, regularization, -0.00956538908136, 0.00231627374488, 4.12964534201, 0.00491913696331, 0.00329035501751, 1.49501708391
0, 9.0, 21, no_regularization, 0.0196733254426, 0.622007828488, 0.0316287425039, 0.0202627750596, 0.439191167904, 0.0461365722729
0, 9.0, 22, no_regularization, -0.0176549982088, 0.577365592374, 0.0305785423344, 0.00878783007707, 0.426996078685, 0.0205805873069
0, 9.0, 23, no_regularization, 0.00136640918711, 0.591885092443, 0.00230857172203, -0.100848797696, 0.772841486296, 0.130490921469
0, 9.0, 24, no_regularization, 0.0265081471197, 0.586146380948, 0.0452244490136, -0.00343501612153, 0.672746528219, 0.00510595889752
0, 9.0, 25, no_regularization, -0.00100518160025, 0.366961776685, 0.00273919973173, 0.0289938675758, 0.314118895829, 0.0923022077332
0, 9.0, 21, regularization, 0.0198286231759, 0.567490215101, 0.0349409076108, 0.0316281858905, 0.377866331343, 0.08370204823
0, 9.0, 22, regularization, -0.0134666588843, 0.556779929697, 0.0241866816062, 0.0223239659532, 0.382558668376, 0.0583543592097
0, 9.0, 23, regularization, -0.00265643171359, 0.537537833202, 0.00494185069313, -0.100184705055, 0.766727991831, 0.130665250418
0, 9.0, 24, regularization, 0.0261336019992, 0.552562321228, 0.0472953022587, -0.00450984063473, 0.563304937379, 0.00800603782334
0, 9.0, 25, regularization, 0.00195340994394, 0.266273564585, 0.00733610167793, 0.0326720429951, 0.22077575085, 0.147987461799
0, 7.0, 16, no_regularization, -0.0671367871282, 0.0923287597008, 0.727149236551, 0.0274906822577, 0.10632574063, 0.258551523788
0, 7.0, 17, no_regularization, -0.0670959650528, 0.159727421035, 0.420065412801, 0.0266063076784, 0.139975823542, 0.190077879201
0, 7.0, 18, no_regularization, -0.0521873575958, 0.210341028018, 0.248108312903, 0.0320579137717, 0.19258725434, 0.166459166166
0, 7.0, 19, no_regularization, -0.0672046069068, 0.0862611222259, 0.779083382788, 0.0250999703173, 0.120432620394, 0.208415047644
0, 7.0, 20, no_regularization, -0.0666318032014, 0.103169891903, 0.64584543002, 0.0276485750157, 0.109952196342, 0.251459961107
0, 7.0, 16, regularization, -0.0670326265174, 0.0230554781034, 2.90744898964, 0.0315612337212, 0.00836559310512, 3.77274310675
0, 7.0, 17, regularization, -0.0670119634638, 0.0785497781254, 0.85311461169, 0.0276077777912, 0.045830594706, 0.602387509225
0, 7.0, 18, regularization, -0.0531670363035, 0.113810899595, 0.467152412402, 0.0336648221631, 0.10247143312, 0.328528850804
0, 7.0, 19, regularization, -0.0670620559278, 0.0344658667599, 1.94575277607, 0.0290586135441, 0.0399690803506, 0.727027324352
0, 7.0, 20, regularization, -0.0672826829374, 0.021005213904, 3.20314200298, 0.0321308530242, 0.00853339000965, 3.7653093305
0, 3.0, 21, no_regularization, -0.0287132401058, 0.00895064906608, 3.20795060714, 0.0149874905483, 0.00981982300369, 1.52624854264
0, 3.0, 22, no_regularization, -0.0287315415437, 0.0113678301625, 2.52744289219, 0.014648409173, 0.0127854563717, 1.14570874493
0, 3.0, 23, no_regularization, -0.0287476459857, 0.0209534958077, 1.37197373887, 0.0152941481645, 0.0101651278993, 1.50457016538
0, 3.0, 24, no_regularization, -0.0287322824897, 0.0212173765643, 1.35418638599, 0.0152891670374, 0.0203428467904, 0.75157460482
0, 3.0, 25, no_regularization, -0.028749859258, 0.0109218022015, 2.63233656199, 0.0152425515358, 0.0127850265502, 1.19221899743
0, 3.0, 21, regularization, -0.0287171922809, 0.00585700799818, 4.90304815868, 0.0144049808472, 0.0049289910714, 2.92250090101
0, 3.0, 22, regularization, -0.0287375927297, 0.00582060422738, 4.93721813185, 0.014521025434, 0.00508122003963, 2.85778323331
0, 3.0, 23, regularization, -0.028750935685, 0.00578026575274, 4.97398163249, 0.0147195232425, 0.00540862071739, 2.7214929668
0, 3.0, 24, regularization, -0.0287336385242, 0.00573016240935, 5.01445447294, 0.0146826720915, 0.00519239578207, 2.82772591068
0, 3.0, 25, regularization, -0.0287585813192, 0.00571537323188, 5.03179410205, 0.0145816091598, 0.00531948102176, 2.74117138498
0, 7.0, 6, no_regularization, -0.066891936254, 0.105276204405, 0.635394642429, 0.0306774029135, 0.106833515208, 0.287151488497
0, 7.0, 7, no_regularization, -0.0509644217595, 0.205927764827, 0.247486888435, 0.0288397117483, 0.198376678226, 0.145378539485
0, 7.0, 8, no_regularization, -0.0664450107274, 0.0996109197355, 0.667045449474, 0.0269992803463, 0.106588548309, 0.253303762689
0, 7.0, 9, no_regularization, -0.0671143107682, 0.0896729758013, 0.748434075802, 0.0296755339071, 0.0997843680806, 0.297396621114
0, 7.0, 10, no_regularization, -0.0521522672294, 0.206842987443, 0.252134567741, 0.0249077843513, 0.176538149264, 0.14109009557
0, 7.0, 6, regularization, -0.0670312807451, 0.0469013117075, 1.42919842334, 0.0316917218286, 0.0281825592083, 1.12451539955
0, 7.0, 7, regularization, -0.051847809879, 0.0775106793443, 0.668911823733, 0.0314734431482, 0.108098924161, 0.2911540831
0, 7.0, 8, regularization, -0.0669674847272, 0.0217964369558, 3.07240513039, 0.0305379300611, 0.0180225251077, 1.69443126746
0, 7.0, 9, regularization, -0.0670888575507, 0.023631974761, 2.83890187888, 0.0316575497674, 0.00845550564623, 3.74401615846
0, 7.0, 10, regularization, -0.0554181161433, 0.106167835938, 0.521985925905, 0.0301343907055, 0.0638809501709, 0.471727340074
0, 9.0, 16, no_regularization, -0.0733557928615, 0.277195085083, 0.264635979529, 0.0147604252296, 0.286098948315, 0.0515920289694
0, 9.0, 17, no_regularization, -0.0182415822768, 0.617513936463, 0.0295403572287, -0.0476793233878, 0.74629174829, 0.0638883164621
0, 9.0, 18, no_regularization, -0.0586799709962, 0.206813350366, 0.283733960561, 0.0267109210376, 0.220867221041, 0.120936555962
0, 9.0, 19, no_regularization, -0.0409461255065, 0.565689124058, 0.0723827342, -0.03529921403, 0.730763997196, 0.0483045335642
0, 9.0, 20, no_regularization, -0.067651983396, 0.270639166219, 0.249971149191, 0.0329877752088, 0.215753130547, 0.15289592844
0, 9.0, 16, regularization, -0.0775182306246, 0.151248347371, 0.512522827338, 0.0279424068403, 0.175266020236, 0.159428546404
0, 9.0, 17, regularization, -0.0151448617388, 0.591382448853, 0.0256092512859, -0.0425038288192, 0.677096022557, 0.0627737091981
0, 9.0, 18, regularization, -0.0595993431151, 0.124126215128, 0.480151135306, 0.0366374419566, 0.116396042711, 0.314765357166
0, 9.0, 19, regularization, -0.0409756193758, 0.482913310224, 0.0848508800819, -0.0442107290245, 0.669184296159, 0.0660665967183
0, 9.0, 20, regularization, -0.0722937651645, 0.158205044102, 0.45696245385, 0.0362706818624, 0.126942619013, 0.28572501611
0, 5.0, 1, no_regularization, -0.0479118667576, 0.053833448466, 0.890001813423, 0.0245991425877, 0.0617581559565, 0.398314072153
0, 5.0, 2, no_regularization, -0.0479066005441, 0.0616236228584, 0.777406428282, 0.0235959420244, 0.0770229783993, 0.306349384492
0, 5.0, 3, no_regularization, -0.0479040825541, 0.0534027962974, 0.89703322439, 0.0242035821995, 0.0534913350351, 0.452476689609
0, 5.0, 4, no_regularization, -0.0478875130849, 0.0464956701759, 1.02993489294, 0.0235159632173, 0.0535593330106, 0.439063780213
0, 5.0, 5, no_regularization, -0.0479207729412, 0.0512481253773, 0.935073675151, 0.0231207217847, 0.0677007182825, 0.341513685101
0, 5.0, 1, regularization, -0.0479072067356, 0.0108952455506, 4.39707453248, 0.0237547693697, 0.00589212303251, 4.03161462152
0, 5.0, 2, regularization, -0.0478945775585, 0.0107378335949, 4.46035758845, 0.0235745928196, 0.00503940123987, 4.67805433572
0, 5.0, 3, regularization, -0.0478952105225, 0.00988161209496, 4.84690251572, 0.0232575046501, 0.0052185397304, 4.45670740315
0, 5.0, 4, regularization, -0.0479004182181, 0.0106977336241, 4.47762300889, 0.0235343133709, 0.00625163877482, 3.76450307169
0, 5.0, 5, regularization, -0.0479199621798, 0.0108951992953, 4.39826394001, 0.0232758258638, 0.00504506899184, 4.61357929921
0, 0.5, 1, no_regularization, -0.00479642033887, 0.00154847400726, 3.097514273, 0.00246948210459, 0.00502438446466, 0.491499430818
0, 0.5, 2, no_regularization, -0.00478934414834, 0.00145729397408, 3.28646397605, 0.0024853983343, 0.00503580262478, 0.493545621123
0, 0.5, 3, no_regularization, -0.00479073381998, 0.00153530885696, 3.12037138212, 0.00231543393585, 0.00474160181975, 0.488323149827
0, 0.5, 4, no_regularization, -0.00477743852621, 0.00148124581978, 3.22528405645, 0.00228189283245, 0.00526403064079, 0.433487756468
0, 0.5, 5, no_regularization, -0.00479666251315, 0.00149609104429, 3.20613008911, 0.00215901772139, 0.00461244788358, 0.468085011665
0, 0.5, 1, regularization, -0.00479961343136, 0.00155739658572, 3.08181838548, 0.00185969826334, 0.00185801249918, 1.00090729431
0, 0.5, 2, regularization, -0.0047908852533, 0.0015207153073, 3.15041561711, 0.00188054110787, 0.00181424673139, 1.03654099265
0, 0.5, 3, regularization, -0.0047873442579, 0.00155254098945, 3.08355418016, 0.00170527226077, 0.00153337517953, 1.11210373269
0, 0.5, 4, regularization, -0.00477610320879, 0.00155973010064, 3.06213440827, 0.00166364743983, 0.00178217831326, 0.933491013473
0, 0.5, 5, regularization, -0.00480283125585, 0.00154441351944, 3.10980912522, 0.00153268992671, 0.00146668270917, 1.04500442879
0, 5.0, 26, no_regularization, -0.0478803657153, 0.0462154676615, 1.03602469342, 0.0237295824, 0.0626640744023, 0.378679213351
0, 5.0, 27, no_regularization, -0.0478992640118, 0.0495116587457, 0.967434039281, 0.0237556587986, 0.0444823989928, 0.534046259567
0, 5.0, 28, no_regularization, -0.0479083337673, 0.0563022154556, 0.850913829582, 0.0240687389313, 0.046122948602, 0.521838686833
0, 5.0, 29, no_regularization, -0.0479118597743, 0.0449612700489, 1.06562514186, 0.0236041492343, 0.0659881765094, 0.357702704984
0, 5.0, 30, no_regularization, -0.0478785330938, 0.0356914173792, 1.34145788006, 0.0229427491446, 0.050909487348, 0.450657634554
0, 5.0, 26, regularization, -0.0478912768742, 0.0103361000241, 4.63339913147, 0.0233520493609, 0.00640057181138, 3.64843174158
0, 5.0, 27, regularization, -0.0478998894639, 0.00918474524915, 5.2151571072, 0.0234729324515, 0.00496167891911, 4.73084470684
0, 5.0, 28, regularization, -0.0479094227304, 0.0094009694799, 5.09622149427, 0.0239123098981, 0.00646112678369, 3.70095042222
0, 5.0, 29, regularization, -0.0479051852903, 0.0114311321811, 4.19076470567, 0.0233921289701, 0.00517719759666, 4.51829943388
0, 5.0, 30, regularization, -0.0478783040448, 0.00945270123493, 5.06503938449, 0.0234875095194, 0.00473877794664, 4.95644864222
0, 5.0, 16, no_regularization, -0.0479026159288, 0.0545540670945, 0.878075980033, 0.0246997451819, 0.0617779851878, 0.399814676811
0, 5.0, 17, no_regularization, -0.0478701929634, 0.0506461899553, 0.945188433831, 0.0244945955341, 0.0518964691429, 0.471989635107
0, 5.0, 18, no_regularization, -0.0478933117425, 0.0557218530451, 0.859506802542, 0.0242493793277, 0.0675041287859, 0.359228091138
0, 5.0, 19, no_regularization, -0.0478942439384, 0.0407179251806, 1.17624470613, 0.0234537650396, 0.0599450603459, 0.391254340295
0, 5.0, 20, no_regularization, -0.0479374312143, 0.0448540585202, 1.06874233449, 0.023691133506, 0.0670011752199, 0.353592805324
0, 5.0, 16, regularization, -0.0478972253912, 0.0100382229514, 4.77148451702, 0.0232380953318, 0.00531646291648, 4.37096913809
0, 5.0, 17, regularization, -0.047871318017, 0.00995699666294, 4.80780697609, 0.023538955347, 0.00519703292736, 4.52930656319
0, 5.0, 18, regularization, -0.0478942905288, 0.0104022210431, 4.60423695387, 0.0233894236237, 0.00565145031313, 4.13865863234
0, 5.0, 19, regularization, -0.0478921951332, 0.0103298046087, 4.636311813, 0.0233528025425, 0.00584493034046, 3.99539450125
0, 5.0, 20, regularization, -0.0479151676153, 0.0103566026982, 4.62653333449, 0.0233954183378, 0.00573255536202, 4.08115000386
0, 3.0, 6, no_regularization, -0.0287216046069, 0.0137962650101, 2.08183914892, 0.0145820207661, 0.0210590915301, 0.692433514769
0, 3.0, 7, no_regularization, -0.0287301723462, 0.00885720722149, 3.24370556404, 0.0152220948132, 0.0105578232666, 1.44178344616
0, 3.0, 8, no_regularization, -0.028718892083, 0.010896989144, 2.63548873028, 0.0145461058862, 0.0166643060469, 0.872889986856
0, 3.0, 9, no_regularization, -0.0287358841603, 0.0199958164786, 1.43709481386, 0.0147730600042, 0.0205566432997, 0.718651376531
0, 3.0, 10, no_regularization, -0.0287260829252, 0.021630498602, 1.32803609634, 0.0152448775254, 0.0172907061272, 0.881680448056
0, 3.0, 6, regularization, -0.0287167686833, 0.00566831320077, 5.06619300419, 0.014410776477, 0.00510675976749, 2.82190217147
0, 3.0, 7, regularization, -0.028721982649, 0.00576725115889, 4.98018585592, 0.0146275317159, 0.00559810793788, 2.6129420651
0, 3.0, 8, regularization, -0.0287236559849, 0.00575119051215, 4.9943843669, 0.0143877522297, 0.00526873858752, 2.730777394
0, 3.0, 9, regularization, -0.0287430841433, 0.0059227876755, 4.85296548147, 0.0142028685258, 0.00485977191923, 2.92253808652
0, 3.0, 10, regularization, -0.0287270043131, 0.00586199398727, 4.90055165111, 0.0147295981511, 0.00554593468325, 2.65592708756
0, 1.0, 6, no_regularization, -0.00958720729487, 0.00235361981122, 4.07338825462, 0.00448308314771, 0.00551101621015, 0.813476675945
0, 1.0, 7, no_regularization, -0.00957377861312, 0.00235425242916, 4.06658967175, 0.00454184337569, 0.00585074919579, 0.776284066144
0, 1.0, 8, no_regularization, -0.00958002055774, 0.00248396860328, 3.85673979337, 0.0043329767973, 0.00578047447633, 0.749588431718
0, 1.0, 9, no_regularization, -0.00958699270295, 0.00247086044255, 3.88002192996, 0.00447126134889, 0.00574319864885, 0.778531550495
0, 1.0, 10, no_regularization, -0.00956546160201, 0.00240636169217, 3.97507225664, 0.0045054716971, 0.00593132379166, 0.759606431103
0, 1.0, 6, regularization, -0.0095892769021, 0.0022902133406, 4.18706708764, 0.00488297599909, 0.00336475147579, 1.45121446093
0, 1.0, 7, regularization, -0.00958326410445, 0.00230412878185, 4.1591703467, 0.00481061125455, 0.00355592032122, 1.35284562645
0, 1.0, 8, regularization, -0.00957421800562, 0.00239074476789, 4.00470101795, 0.0046484123607, 0.00349610579757, 1.32959716606
0, 1.0, 9, regularization, -0.00959533234427, 0.00238086958851, 4.03017972533, 0.00480406517492, 0.00355832670652, 1.35009108807
0, 1.0, 10, regularization, -0.00957809764401, 0.00233070638178, 4.10952564376, 0.00491578494502, 0.00377551797426, 1.30201603556
0, 11.0, 16, no_regularization, -0.0474733257915, 0.482524749766, 0.0983852658635, -0.138853490592, 0.700334808932, 0.198267298471
0, 11.0, 17, no_regularization, 0.0105375129174, 0.528667067489, 0.0199322287417, -0.0191696685148, 0.702202353268, 0.0272993509998
0, 11.0, 18, no_regularization, -0.0106217202462, 0.519899332083, 0.0204303402423, 0.00325063593883, 0.55488090041, 0.00585825883794
0, 11.0, 19, no_regularization, -0.00026128236834, 0.537715765652, 0.00048591167496, -0.12654907224, 0.91720509129, 0.137972492131
0, 11.0, 20, no_regularization, 0.0115794227687, 0.595293026827, 0.0194516351559, -0.0978844063902, 0.758308263034, 0.129082605534
0, 11.0, 16, regularization, -0.0453667242171, 0.391143221845, 0.115984942812, -0.137326065837, 0.645397750483, 0.212777416305
0, 11.0, 17, regularization, 0.0128087567269, 0.434935520006, 0.0294497831005, -0.0156365814868, 0.660875260878, 0.0236604128078
0, 11.0, 18, regularization, -0.00554908824674, 0.420177866148, 0.0132065220322, 0.00304734152486, 0.53264534398, 0.00572114552263
0, 11.0, 19, regularization, 8.84993731759e-05, 0.452112461746, 0.000195746369906, -0.121717281733, 0.880996482464, 0.138158646664
0, 11.0, 20, regularization, 0.0139927229503, 0.574238866233, 0.0243674257754, -0.086922622139, 0.735637363571, 0.118159607496
0, 9.0, 26, no_regularization, -0.0865308148324, 0.163279712556, 0.52995447798, 0.031929249065, 0.159783942467, 0.199827645833
0, 9.0, 27, no_regularization, 0.0184637765317, 0.582615929737, 0.0316911632335, -0.0739288317742, 0.733374084772, 0.1008064415
0, 9.0, 28, no_regularization, 0.000511412287727, 0.334355590422, 0.00152954609516, -0.250247349937, 0.555427429327, 0.450549138779
0, 9.0, 29, no_regularization, 0.0036018109103, 0.480913410616, 0.0074895206305, -0.273997595156, 0.735493305228, 0.372535811283
0, 9.0, 30, no_regularization, -0.0634020291174, 0.429483887182, 0.147623766594, -0.0989827074677, 0.515716204206, 0.191932513775
0, 9.0, 26, regularization, -0.0865198367145, 0.0595144109091, 1.45376280119, 0.0360808415599, 0.0663258092769, 0.543993988965
0, 9.0, 27, regularization, 0.0176368773873, 0.486165137003, 0.0362775444905, -0.0667761369869, 0.688597866795, 0.0969740689115
0, 9.0, 28, regularization, -0.00247969476657, 0.232436768514, 0.0106682552095, -0.249478450007, 0.516720450316, 0.482811256752
0, 9.0, 29, regularization, 0.0056286911242, 0.387917749856, 0.0145100117906, -0.268176164643, 0.725304747629, 0.369742739889
0, 9.0, 30, regularization, -0.0600891415465, 0.360670075359, 0.166604178311, -0.0882821854962, 0.455593459568, 0.193774040523
0, 0.5, 6, no_regularization, -0.00479214084847, 0.00156198371989, 3.06798386401, 0.00215376364592, 0.00489157653117, 0.440300510929
0, 0.5, 7, no_regularization, -0.00477780214791, 0.0015021520333, 3.18063820572, 0.00236660958338, 0.00496218291377, 0.476929130688
0, 0.5, 8, no_regularization, -0.00478702377047, 0.0014705819401, 3.25519009852, 0.00218614143296, 0.00490879927483, 0.445351563705
0, 0.5, 9, no_regularization, -0.00479332793473, 0.00143321347376, 3.34446195383, 0.00229141109949, 0.00466601865979, 0.491084855539
0, 0.5, 10, no_regularization, -0.00478728548715, 0.00152948099656, 3.13000651719, 0.00231260212297, 0.00486638201058, 0.475220013131
0, 0.5, 6, regularization, -0.00479090807756, 0.00159292908863, 3.0076091345, 0.00158686623396, 0.00148056803291, 1.07179555325
0, 0.5, 7, regularization, -0.00478024749395, 0.00157013020415, 3.04449113922, 0.00173796770502, 0.00191165084732, 0.909144945302
0, 0.5, 8, regularization, -0.00478903274905, 0.00153264093983, 3.12469321716, 0.00171290303778, 0.00157878093114, 1.08495295579
0, 0.5, 9, regularization, -0.00478849172922, 0.00151180583863, 3.16739862148, 0.00176760810596, 0.0016777314898, 1.05357032202
0, 0.5, 10, regularization, -0.00478061655541, 0.00159131444446, 3.00419352821, 0.00175286681188, 0.00166086518954, 1.0553937929
0, 11.0, 21, no_regularization, 0.00652807488262, 0.376910909501, 0.0173199414452, 0.0278390092394, 0.351610613289, 0.0791756795365
0, 11.0, 22, no_regularization, -0.00871215983748, 0.496252483492, 0.0175559017381, -0.0887084902765, 0.706040335992, 0.12564224132
0, 11.0, 23, no_regularization, -0.0162914056363, 0.466704792823, 0.0349073030465, -0.0252697864205, 0.648403205584, 0.038972334194
0, 11.0, 24, no_regularization, 0.00301995245053, 0.70746223614, 0.00426871187783, -0.0212261863982, 0.690798435939, 0.030727033088
0, 11.0, 25, no_regularization, -0.0240668274679, 0.589143473755, 0.040850537331, -0.0430323896804, 0.684478166612, 0.0628689003966
0, 11.0, 21, regularization, 0.00215067757969, 0.273665495146, 0.00785878241077, 0.0382931918794, 0.318647920219, 0.120173989691
0, 11.0, 22, regularization, -0.0113528701828, 0.389570488004, 0.0291420180235, -0.0820387938871, 0.683445443429, 0.120037077832
0, 11.0, 23, regularization, -0.0164152211186, 0.343638204126, 0.0477689061387, -0.023614166454, 0.601360824587, 0.0392678829224
0, 11.0, 24, regularization, 0.00208755601565, 0.629121142698, 0.00331820991851, -0.00252662162964, 0.631744959557, 0.00399943298543
0, 11.0, 25, regularization, -0.0255649536749, 0.522080588768, 0.0489674472196, -0.0304970563046, 0.642125254542, 0.0474939368744
0, 1.0, 16, no_regularization, -0.00958547012279, 0.0024404686378, 3.92771698613, 0.00440004641861, 0.00569848200629, 0.772143601357
0, 1.0, 17, no_regularization, -0.00960573888666, 0.00239946976563, 4.00327565041, 0.00454318127509, 0.00567477742571, 0.800591976438
0, 1.0, 18, no_regularization, -0.00958765073093, 0.0024050725427, 3.98642891668, 0.0046044500342, 0.005959236278, 0.772657739919
0, 1.0, 19, no_regularization, -0.00956285446132, 0.00239136946332, 3.99890297506, 0.00437455673956, 0.00560998161995, 0.779780939746
0, 1.0, 20, no_regularization, -0.00958671739024, 0.00247461296078, 3.87402698612, 0.00449998465068, 0.00555652887865, 0.809855351957
0, 1.0, 16, regularization, -0.00959020107268, 0.0023348526513, 4.10741168928, 0.00473628816332, 0.00334751593736, 1.41486650159
0, 1.0, 17, regularization, -0.00961161926805, 0.0023360538635, 4.11446817141, 0.00496910110562, 0.00346118382151, 1.43566518332
0, 1.0, 18, regularization, -0.00959613253871, 0.00228628378167, 4.197262219, 0.00490474162821, 0.00320294418053, 1.5313228554
0, 1.0, 19, regularization, -0.00957676838903, 0.00232658764809, 4.11622936144, 0.0047210829224, 0.00336806237994, 1.40172074915
0, 1.0, 20, regularization, -0.00959040476079, 0.0023314064623, 4.1135704631, 0.00494901484635, 0.00352568061126, 1.40370481391
0, 0.5, 21, no_regularization, -0.00477522913677, 0.00153491033262, 3.11108019491, 0.0023190678708, 0.00512000884172, 0.452942161331
0, 0.5, 22, no_regularization, -0.00478590238079, 0.00157157839632, 3.04528389549, 0.00223630187528, 0.00487364303601, 0.458856313185
0, 0.5, 23, no_regularization, -0.00478383291187, 0.00149137148569, 3.20767357951, 0.00247889306364, 0.00464813188609, 0.533309536905
0, 0.5, 24, no_regularization, -0.00478231739195, 0.00151936966258, 3.14756672437, 0.00235640774382, 0.00508036304615, 0.463826644359
0, 0.5, 25, no_regularization, -0.00480758576635, 0.0013802250973, 3.48318964475, 0.00235940310949, 0.0046349569976, 0.50904530737
0, 0.5, 21, regularization, -0.00477632773556, 0.0015319181412, 3.11787399542, 0.00172150725679, 0.00158894589118, 1.0834272371
0, 0.5, 22, regularization, -0.00478105503138, 0.00160610546313, 2.97680017977, 0.00162801633456, 0.00143895161102, 1.13139060556
0, 0.5, 23, regularization, -0.00477916340469, 0.00157356081187, 3.03716473405, 0.00201031546334, 0.0018221916199, 1.10324042839
0, 0.5, 24, regularization, -0.00478646311652, 0.0015602337407, 3.06778592955, 0.00179137111621, 0.00162056178837, 1.10540130532
0, 0.5, 25, regularization, -0.00480007161979, 0.00149450210823, 3.21181990534, 0.00180220918946, 0.00170933657591, 1.05433254917
0, 1.0, 11, no_regularization, -0.00958243608411, 0.00754709986409, 1.26968454859, 0.00452296472657, 0.00523096832555, 0.864651522449
0, 1.0, 12, no_regularization, -0.00957583746228, 0.00238376017817, 4.01711445219, 0.00467670551189, 0.00596987101463, 0.783384682924
0, 1.0, 13, no_regularization, -0.00959267166068, 0.00241066087336, 3.97927048417, 0.00446929314461, 0.00574768956618, 0.777580816282
0, 1.0, 14, no_regularization, -0.00956318023534, 0.00236051885675, 4.05130431726, 0.00443042602719, 0.00564332330705, 0.78507393359
0, 1.0, 15, no_regularization, -0.00957684981451, 0.00232923312567, 4.11158922178, 0.00448850692826, 0.00569502232578, 0.788145624636
0, 1.0, 11, regularization, -0.00958640372048, 0.00236996913334, 4.04494876562, 0.00481738966639, 0.00355647290604, 1.35454136547
0, 1.0, 12, regularization, -0.00958358499974, 0.00228271654655, 4.19832458578, 0.00496651176765, 0.00338901806346, 1.46547220305
0, 1.0, 13, regularization, -0.00960131056764, 0.00234963491977, 4.08629889131, 0.00486250979044, 0.00354802439231, 1.37048375456
0, 1.0, 14, regularization, -0.00957417471817, 0.00227831171041, 4.20231115629, 0.00479796831314, 0.00347541025785, 1.38054731878
0, 1.0, 15, regularization, -0.00958857302475, 0.00228862986997, 4.18965650609, 0.00495220292504, 0.00339884597169, 1.45702481557
0, 1.0, 21, no_regularization, -0.00957113789745, 0.00241262221103, 3.96711008201, 0.00451970780151, 0.00576501165959, 0.78398936002
0, 1.0, 22, no_regularization, -0.00957126704986, 0.00242231818085, 3.95128399131, 0.00453377522164, 0.00523284988953, 0.866406512197
0, 1.0, 23, no_regularization, -0.00956776689486, 0.00230142587255, 4.15732134108, 0.00456922487458, 0.00583644031505, 0.782878711669
0, 1.0, 24, no_regularization, -0.00957153628005, 0.00234015602048, 4.09012740872, 0.00451635202274, 0.00587663206387, 0.768527274408
0, 1.0, 25, no_regularization, -0.00959312516093, 0.00228085476255, 4.20593424819, 0.00456790984665, 0.00545715317592, 0.837049959822
0, 1.0, 21, regularization, -0.00957530293535, 0.00235249544996, 4.07027479502, 0.00494295431577, 0.003720683032, 1.32850723194
0, 1.0, 22, regularization, -0.00958139946236, 0.00232272016592, 4.12507696922, 0.00488268012136, 0.00337788234057, 1.44548555251
0, 1.0, 23, regularization, -0.00957398328034, 0.00225952454317, 4.2371671993, 0.00494348964684, 0.00381254591831, 1.29663740523
0, 1.0, 24, regularization, -0.00957969747614, 0.0022561560847, 4.24602603566, 0.00478145820304, 0.00309498356544, 1.54490584584
0, 1.0, 25, regularization, -0.00959810922704, 0.00223455065351, 4.2953196035, 0.00489476798122, 0.00368439074987, 1.32851489256
0, 11.0, 11, no_regularization, 0.0150127634286, 0.511665549618, 0.0293409697796, -0.0793939737942, 0.789510739244, 0.100560980171
0, 11.0, 12, no_regularization, -0.0381817765647, 0.550052507653, 0.0694147850132, -0.128732755659, 0.861700113677, 0.149393917461
0, 11.0, 13, no_regularization, 0.0129174225805, 0.524745620954, 0.0246165419294, -0.139770785192, 0.710701140973, 0.196666048687
0, 11.0, 14, no_regularization, 0.00690095796434, 0.567877493619, 0.0121521948693, -0.228598240157, 0.760139857232, 0.300731816628
0, 11.0, 15, no_regularization, -0.0346891778368, 0.530451973589, 0.0653955109301, -0.118419600324, 0.824046918762, 0.143704924596
0, 11.0, 11, regularization, 0.0165968700614, 0.438664592197, 0.0378349890933, -0.0871547378516, 0.767609496904, 0.113540463221
0, 11.0, 12, regularization, -0.0376023537785, 0.48971231371, 0.0767845788759, -0.133990397455, 0.794003344005, 0.168752938469
0, 11.0, 13, regularization, 0.0050278648031, 0.462204097549, 0.0108780186713, -0.131915762846, 0.653521349208, 0.201853792543
0, 11.0, 14, regularization, 0.0105634558884, 0.521611238056, 0.0202515879982, -0.222000897209, 0.733104977822, 0.302822793358
0, 11.0, 15, regularization, -0.0346408094713, 0.445458803876, 0.0777643390811, -0.11495788027, 0.78135880032, 0.147125597386
0, 9.0, 1, no_regularization, 0.0172043948086, 0.333953658233, 0.0515173120117, -0.255404943857, 0.57019608092, 0.447924762031
0, 9.0, 2, no_regularization, -0.0502380606859, 0.383800144264, 0.130896409073, 0.0266287376241, 0.281390123862, 0.0946328082118
0, 9.0, 3, no_regularization, -0.0857439838001, 0.238307016338, 0.359804696973, 0.0385639549417, 0.257322861276, 0.149866027256
0, 9.0, 4, no_regularization, 0.0136476697082, 0.668274879044, 0.0204222396145, 0.0332174741281, 0.528512543838, 0.0628508717822
0, 9.0, 5, no_regularization, -0.0257560637375, 0.27209678543, 0.0946577288547, 0.025405679784, 0.308715660431, 0.0822947554672
0, 9.0, 1, regularization, 0.0169819482972, 0.258144803443, 0.0657845831901, -0.253334834339, 0.547392898306, 0.46280255941
0, 9.0, 2, regularization, -0.0454590565322, 0.248978442218, 0.182582299605, 0.0242228285623, 0.196762889295, 0.123106692777
0, 9.0, 3, regularization, -0.0802343720858, 0.122953073359, 0.652560931534, 0.0420796955464, 0.140143680923, 0.300261098249
0, 9.0, 4, regularization, 0.0172940662872, 0.601069204692, 0.0287721715773, 0.0375344768249, 0.474744682471, 0.0790624481133
0, 9.0, 5, regularization, -0.0295315793777, 0.181886230241, 0.162362919604, 0.0238521090854, 0.232416189162, 0.102626711037
0, 7.0, 21, no_regularization, -0.0668147253653, 0.080244060976, 0.832643868626, 0.0294600102269, 0.109886618116, 0.268094611809
0, 7.0, 22, no_regularization, -0.0689851128997, 0.117431688956, 0.587448869321, 0.0288976344719, 0.147031133813, 0.196540921113
0, 7.0, 23, no_regularization, -0.0670971854042, 0.08779998252, 0.764204997295, 0.0303338605112, 0.0858711664415, 0.353248497351
0, 7.0, 24, no_regularization, -0.0234150480664, 0.314670276938, 0.074411375279, -0.000614475278594, 0.253651806154, 0.00242251489517
0, 7.0, 25, no_regularization, -0.0454995330123, 0.221483463619, 0.205430835643, 0.0255043517564, 0.189353017862, 0.134692079611
0, 7.0, 21, regularization, -0.0668683343691, 0.0202788834196, 3.29743669736, 0.031431079891, 0.00889339000221, 3.53420685286
0, 7.0, 22, regularization, -0.0671961154016, 0.0466480869781, 1.4404902699, 0.0288795823088, 0.0816018584539, 0.353908389539
0, 7.0, 23, regularization, -0.0670502235261, 0.0214292602513, 3.12890985222, 0.0319712175749, 0.00792230669847, 4.0355945297
0, 7.0, 24, regularization, -0.0212956369432, 0.263645633278, 0.0807737138615, 0.00375126704701, 0.173716679073, 0.0215941673939
0, 7.0, 25, regularization, -0.0472840984223, 0.139706257164, 0.338453691209, 0.0302295757371, 0.123796073111, 0.244188486578
0, 9.0, 11, no_regularization, 0.00853492226087, 0.490765013404, 0.017391056876, -0.100200882605, 0.836378454522, 0.119803280516
0, 9.0, 12, no_regularization, -0.0848948313852, 0.264070411438, 0.321485587585, 0.0368380966692, 0.26482957702, 0.139101142266
0, 9.0, 13, no_regularization, 0.0114403417689, 0.7706561553, 0.014844936604, 0.00837626651888, 0.38659633766, 0.0216666990939
0, 9.0, 14, no_regularization, -0.00978310306579, 0.573112842863, 0.017070116623, -0.0669294842995, 0.68895536144, 0.0971463291317
0, 9.0, 15, no_regularization, -0.0237815823663, 0.579372557542, 0.0410471328969, -0.0685255131565, 0.657780165336, 0.104176922272
0, 9.0, 11, regularization, 0.0130751606346, 0.411400583346, 0.0317820663457, -0.0994151970449, 0.809721220843, 0.122777067571
0, 9.0, 12, regularization, -0.0834195306403, 0.15752066722, 0.529578322088, 0.0422159074661, 0.140868265809, 0.299683588946
0, 9.0, 13, regularization, 0.00922901495781, 0.739379963199, 0.0124821004317, 0.000719968930879, 0.334791906276, 0.0021504968232
0, 9.0, 14, regularization, -0.0157834020825, 0.464997811282, 0.0339429599442, -0.0644345423187, 0.655322146634, 0.0983249881752
0, 9.0, 15, regularization, -0.0258727124427, 0.551708860275, 0.0468955898766, -0.0692603187689, 0.658817179246, 0.105128282854
0, 1.0, 1, no_regularization, -0.0095781174239, 0.00231864331185, 4.13091456326, 0.00451868654313, 0.00571563478398, 0.790583498406
0, 1.0, 2, no_regularization, -0.00958216084383, 0.00235405890896, 4.07048473059, 0.0046918539553, 0.005438798785, 0.862663639669
0, 1.0, 3, no_regularization, -0.00957718245691, 0.002311378742, 4.14349335438, 0.00464506547554, 0.00570837561131, 0.81372807114
0, 1.0, 4, no_regularization, -0.00959439928028, 0.00246893207932, 3.88605233844, 0.00444296779789, 0.00586565921124, 0.75745413054
0, 1.0, 5, no_regularization, -0.00959631038764, 0.00245103836879, 3.91520202615, 0.00447465875913, 0.00561939189647, 0.796288787394
0, 1.0, 1, regularization, -0.00958380561192, 0.0022969129074, 4.17247235671, 0.00490494267643, 0.0034833418437, 1.4081140745
0, 1.0, 2, regularization, -0.00958760358985, 0.00228154160127, 4.20224798203, 0.00501200682254, 0.00338557685111, 1.48039966096
0, 1.0, 3, regularization, -0.00957449874356, 0.00223795652628, 4.27823267839, 0.00498456838003, 0.00358605699177, 1.38998582328
0, 1.0, 4, regularization, -0.00958120763477, 0.00227913210883, 4.2038842758, 0.00483939799753, 0.00335209242387, 1.4436946795
0, 1.0, 5, regularization, -0.00959904984483, 0.00233865796989, 4.10451206137, 0.00487374607702, 0.00316131756297, 1.54168190317
0, 7.0, 11, no_regularization, -0.0627249403341, 0.177845048595, 0.352694330426, 0.0290936021332, 0.171382767522, 0.169758036668
0, 7.0, 12, no_regularization, -0.0579365783789, 0.158153577918, 0.366331126627, 0.0216555181821, 0.16086516182, 0.13461906815
0, 7.0, 13, no_regularization, -0.0674612630683, 0.0895951885429, 0.752956315684, 0.0275164961117, 0.0990577172469, 0.277782457304
0, 7.0, 14, no_regularization, -0.0500016968671, 0.177298693787, 0.282019544528, 0.0249719799949, 0.15127777247, 0.165073689195
0, 7.0, 15, no_regularization, -0.0668851267551, 0.125114649117, 0.534590691234, 0.0281275254825, 0.141613237508, 0.198622148448
0, 7.0, 11, regularization, -0.0608880893238, 0.0983150820647, 0.619315857192, 0.0325718951205, 0.0800019886855, 0.407138568124
0, 7.0, 12, regularization, -0.0597259546618, 0.0674276250495, 0.885778708919, 0.0265401417924, 0.0593916242685, 0.446866744584
0, 7.0, 13, regularization, -0.0670765711297, 0.020143385969, 3.32995511444, 0.0311488972178, 0.00897460785547, 3.47078086524
0, 7.0, 14, regularization, -0.054942599962, 0.0880761253754, 0.623808094735, 0.0301871570599, 0.0707022073741, 0.426962016903
0, 7.0, 15, regularization, -0.0674151441562, 0.0415808870816, 1.62130124891, 0.0282851376009, 0.044275012496, 0.638851035975
0, 3.0, 26, no_regularization, -0.0287172806946, 0.0113581311101, 2.52834558928, 0.015119180098, 0.00975166888678, 1.5504197562
0, 3.0, 27, no_regularization, -0.0287470342324, 0.00586536183855, 4.90115273767, 0.0146306756701, 0.0101456533069, 1.44206343618
0, 3.0, 28, no_regularization, -0.0287583496006, 0.00663299317263, 4.33565192247, 0.0149620889347, 0.0159359487928, 0.938889119771
0, 3.0, 29, no_regularization, -0.0287547360576, 0.0112853845547, 2.54796244808, 0.0146434248263, 0.0189670178932, 0.772046766062
0, 3.0, 30, no_regularization, -0.0287369001065, 0.0173706555633, 1.65433595766, 0.0147639641233, 0.0123287127066, 1.19752682009
0, 3.0, 26, regularization, -0.0287263546836, 0.00578935403692, 4.96192744482, 0.0145592934807, 0.00538139557273, 2.70548657573
0, 3.0, 27, regularization, -0.0287453090294, 0.00565242687135, 5.08548092416, 0.0143358126488, 0.00490205136339, 2.92445174195
0, 3.0, 28, regularization, -0.0287596238859, 0.00573933345239, 5.01096932675, 0.0147538252985, 0.00543390738479, 2.71514110451
0, 3.0, 29, regularization, -0.0287540203172, 0.00572367187497, 5.02370173295, 0.0145476573361, 0.00483561998203, 3.00843684784
0, 3.0, 30, regularization, -0.0287425101951, 0.00578457540527, 4.96881934825, 0.0144494018003, 0.00479325214757, 3.01452987563
0, 5.0, 6, no_regularization, -0.0478809719392, 0.0440670684238, 1.08654770222, 0.0239289293772, 0.0502382149307, 0.47630930777
0, 5.0, 7, no_regularization, -0.0479032633823, 0.0462079414983, 1.03668897226, 0.0243822401589, 0.0605700700665, 0.402546012116
0, 5.0, 8, no_regularization, -0.0478407989854, 0.0385471929496, 1.24109683027, 0.0234774546432, 0.0626320143453, 0.374847510313
0, 5.0, 9, no_regularization, -0.0479180300197, 0.0416187192682, 1.15135763095, 0.0230605108648, 0.0610185277015, 0.377926373077
0, 5.0, 10, no_regularization, -0.0478692628615, 0.0650100947347, 0.736335842254, 0.0244677449303, 0.0562742919444, 0.434794363196
0, 5.0, 6, regularization, -0.0478857351167, 0.00995622787255, 4.80962626908, 0.0233564826426, 0.00542589362746, 4.30463334635
0, 5.0, 7, regularization, -0.0478977615925, 0.0106969360921, 4.47770849335, 0.023662840497, 0.0053509032996, 4.42221418929
0, 5.0, 8, regularization, -0.0478517605359, 0.00992230787811, 4.82264419969, 0.0232467381152, 0.00535826994344, 4.3384783448
0, 5.0, 9, regularization, -0.0479089833301, 0.0114834851531, 4.17198983509, 0.0234599213934, 0.00543914318255, 4.31316488756
0, 5.0, 10, regularization, -0.0478694957853, 0.0102557919225, 4.6675572347, 0.0234241723853, 0.00611100660186, 3.83311194235
0, 5.0, 11, no_regularization, -0.0478929447849, 0.0538682075088, 0.889076265942, 0.0223394758138, 0.0575245430418, 0.388346862617
0, 5.0, 12, no_regularization, -0.0478636416071, 0.0505920225337, 0.946070926009, 0.0229848722448, 0.0589624403683, 0.389822268231
0, 5.0, 13, no_regularization, -0.0480741488783, 0.0512084888819, 0.938792569903, 0.0224706416573, 0.0564687524071, 0.397930549187
0, 5.0, 14, no_regularization, -0.0478527970119, 0.064203667279, 0.745328094794, 0.0237295954767, 0.0435009944152, 0.545495471902
0, 5.0, 15, no_regularization, -0.0478900738402, 0.0568784931364, 0.841971564286, 0.0235180239863, 0.0680005519723, 0.345850486564
0, 5.0, 11, regularization, -0.0478970103711, 0.0114072274408, 4.19883013816, 0.0234980872932, 0.00553980378373, 4.24168223471
0, 5.0, 12, regularization, -0.0478681668153, 0.00986166335308, 4.85396480304, 0.0234013642185, 0.00589440229847, 3.97009960188
0, 5.0, 13, regularization, -0.0479021659698, 0.010627323515, 4.5074534432, 0.0232740577115, 0.00557777400502, 4.17264265109
0, 5.0, 14, regularization, -0.047857159712, 0.019711580375, 2.42787025706, 0.0233473098388, 0.00459841579257, 5.07725070806
0, 5.0, 15, regularization, -0.0478878897903, 0.0108954590333, 4.39521544194, 0.0233986288168, 0.00604172285328, 3.87284047696
0, 11.0, 26, no_regularization, -0.00163014323985, 0.326857191431, 0.00498732560455, 0.006518217249, 0.338332877868, 0.0192656926813
0, 11.0, 27, no_regularization, -0.0149330537588, 0.544114581501, 0.0274446858556, -0.122865398408, 0.707822886052, 0.173582121784
0, 11.0, 28, no_regularization, 0.00554179669877, 0.329775427487, 0.0168047593509, -0.245279155493, 0.549533707147, 0.446340510696
0, 11.0, 29, no_regularization, -0.000143555885344, 0.507348364196, 0.000282953283138, -0.00292198463517, 0.683724939724, 0.00427362593552
0, 11.0, 30, no_regularization, -0.0193050197244, 0.587004056665, 0.0328873702068, -0.0731221450134, 0.830170242626, 0.0880809034809
0, 11.0, 26, regularization, -0.0034509186374, 0.262235566889, 0.0131596132376, 0.0134096092104, 0.285139317873, 0.0470282713393
0, 11.0, 27, regularization, -0.010446147868, 0.449614248066, 0.0232335783684, -0.11736234745, 0.649071950818, 0.180815620367
0, 11.0, 28, regularization, 0.00291861647407, 0.246739268698, 0.0118287473634, -0.242448598011, 0.532358756902, 0.455423330354
0, 11.0, 29, regularization, 0.000619619475261, 0.465502836933, 0.00133107561566, -0.00472281149995, 0.670074404164, 0.00704818967954
0, 11.0, 30, regularization, -0.0258149731398, 0.534513936417, 0.0482961647601, -0.0732193096529, 0.803638425425, 0.0911097669504
0, 0.5, 11, no_regularization, -0.00480599412814, 0.00665595632504, 0.722059144238, 0.00234157778924, 0.00468966912603, 0.499305542951
0, 0.5, 12, no_regularization, -0.00480696074579, 0.00152930779819, 3.14322646591, 0.00238887461963, 0.00507301335844, 0.470898547045
0, 0.5, 13, no_regularization, -0.00479103764253, 0.00164452628881, 2.9133238399, 0.00226740024436, 0.00496626640302, 0.456560333329
0, 0.5, 14, no_regularization, -0.00476869190102, 0.00148435018767, 3.21264614012, 0.00223334622298, 0.00489353902412, 0.456386719708
0, 0.5, 15, no_regularization, -0.00479724537924, 0.0015103166814, 3.17631754872, 0.00237013198507, 0.00470023762739, 0.504257906294
0, 0.5, 11, regularization, -0.00480304094732, 0.0015526643378, 3.09341873218, 0.00173894587607, 0.00150062806468, 1.15881204477
0, 0.5, 12, regularization, -0.00480403643489, 0.00157847962647, 3.04345799231, 0.00179379846138, 0.00164811033158, 1.08839707331
0, 0.5, 13, regularization, -0.00478857721488, 0.00162118934756, 2.95374332559, 0.0016993792809, 0.00177208394721, 0.958972222264
0, 0.5, 14, regularization, -0.00476671951091, 0.00158802547273, 3.00166438937, 0.00159501816262, 0.00188613351302, 0.845654961123
0, 0.5, 15, regularization, -0.00479282060862, 0.00156497653564, 3.06255109867, 0.00172501974349, 0.00168647229007, 1.02285685549
0, 3.0, 11, no_regularization, -0.0287511734115, 0.0143127493356, 2.00878061492, 0.0149669919259, 0.00940065318246, 1.592122551
0, 3.0, 12, no_regularization, -0.0287201038645, 0.0106762983516, 2.69008067391, 0.0148663072472, 0.0179178494511, 0.829692608357
0, 3.0, 13, no_regularization, -0.0287359152556, 0.00617521331356, 4.65342876375, 0.0148685527177, 0.00897496166913, 1.65667033084
0, 3.0, 14, no_regularization, -0.0286910714987, 0.0111676080355, 2.56913310419, 0.0143065263493, 0.0133847872547, 1.06886468026
0, 3.0, 15, no_regularization, -0.0287379124286, 0.0114225612993, 2.51589040982, 0.0149336365487, 0.0130318046087, 1.14593772674
0, 3.0, 11, regularization, -0.0287504041951, 0.0058994406571, 4.87341188194, 0.0144444618892, 0.00502434749073, 2.87489309125
0, 3.0, 12, regularization, -0.0287167029695, 0.00572439955262, 5.01654412931, 0.0146536812478, 0.00499168845678, 2.93561614966
0, 3.0, 13, regularization, -0.0287371221854, 0.00592338795305, 4.85146716933, 0.0142768052218, 0.00499043388988, 2.86083445586
0, 3.0, 14, regularization, -0.028701069103, 0.00579173207207, 4.95552431393, 0.0142882854703, 0.00513671864984, 2.78159783401
0, 3.0, 15, regularization, -0.0287383087195, 0.00572067764406, 5.0235847058, 0.0146369179368, 0.00501770885071, 2.91705205948
0, 7.0, 1, no_regularization, -0.04018422359, 0.272059896427, 0.147703590708, 0.0431453192951, 0.287103652883, 0.150277848651
0, 7.0, 2, no_regularization, -0.0493072955709, 0.214435020536, 0.229940498747, 0.0230496555259, 0.21565010171, 0.106884510339
0, 7.0, 3, no_regularization, -0.067117214715, 0.0990769081066, 0.677425406158, 0.0330544637542, 0.0983597407622, 0.33605684092
0, 7.0, 4, no_regularization, -0.0664620401453, 0.123592308976, 0.537752233095, 0.0287107877976, 0.175968822301, 0.16315837898
0, 7.0, 5, no_regularization, -0.0532776921821, 0.219678503143, 0.242525742937, 0.0220729396386, 0.201604888693, 0.109486132909
0, 7.0, 1, regularization, -0.0393879969615, 0.15112477192, 0.260632300456, 0.0382453467022, 0.168116404492, 0.227493246824
0, 7.0, 2, regularization, -0.0477811026775, 0.122516803272, 0.389996322148, 0.0280658889779, 0.116298612934, 0.241326085237
0, 7.0, 3, regularization, -0.0670941728817, 0.0215698967331, 3.11054678249, 0.0319320456552, 0.00967910755496, 3.29906920384
0, 7.0, 4, regularization, -0.0642770601978, 0.0448749793917, 1.43235854521, 0.0315938208434, 0.135709131047, 0.232805416995
0, 7.0, 5, regularization, -0.0542200197467, 0.124321162628, 0.43612864134, 0.0313784638416, 0.0892967456725, 0.351395379588
0, 5.0, 21, no_regularization, -0.0478438089086, 0.0504973178625, 0.947452477355, 0.0252577758703, 0.0610831406179, 0.413498317454
0, 5.0, 22, no_regularization, -0.0478665325366, 0.0439343643589, 1.08950096889, 0.0218430021732, 0.061953634073, 0.352570151857
0, 5.0, 23, no_regularization, -0.0479072609611, 0.0598613845438, 0.800303256034, 0.0251077835367, 0.0535720584938, 0.468673115103
0, 5.0, 24, no_regularization, -0.0478881406635, 0.0443794786836, 1.07906045956, 0.0238974322498, 0.0605169058845, 0.394888534047
0, 5.0, 25, no_regularization, -0.0479047891741, 0.0391066899025, 1.22497683372, 0.0241244019159, 0.0617440457048, 0.390716248677
0, 5.0, 21, regularization, -0.0478544895245, 0.0119400046427, 4.0079121371, 0.0235313389021, 0.00650486172699, 3.61750024669
0, 5.0, 22, regularization, -0.0478630899936, 0.00990111684829, 4.83411020464, 0.0237786474591, 0.00620352590153, 3.83308586706
0, 5.0, 23, regularization, -0.0478957916003, 0.0102848401017, 4.65693108756, 0.0236958710908, 0.00557211777638, 4.25257900888
0, 5.0, 24, regularization, -0.0478785565065, 0.00979042254498, 4.89034628348, 0.0235810250398, 0.00581000332745, 4.05869389581
0, 5.0, 25, regularization, -0.0478973206554, 0.0111942937849, 4.27872642755, 0.0235486828709, 0.00599948899687, 3.92511476947
0, 11.0, 6, no_regularization, 0.00639475658223, 0.593993170098, 0.0107657072575, -0.0451807758649, 0.645989254661, 0.0699404448896
0, 11.0, 7, no_regularization, 0.00406208789993, 0.370757139078, 0.0109561960426, 0.000575409211613, 0.418542612606, 0.00137479242085
0, 11.0, 8, no_regularization, -0.0308050676535, 0.491745915183, 0.0626442776695, -0.0496125746523, 0.770133225464, 0.064420769046
0, 11.0, 9, no_regularization, 0.0195989274139, 0.613350028644, 0.0319539031526, -0.114169789361, 0.778590180845, 0.146636564614
0, 11.0, 10, no_regularization, 0.0225403820039, 0.567109010723, 0.0397461186081, -0.0620535282203, 0.717303530316, 0.0865094420948
0, 11.0, 6, regularization, 0.00236156315473, 0.540336867292, 0.00437053863558, -0.0399895974563, 0.58418238206, 0.0684539600721
0, 11.0, 7, regularization, 0.00140202039986, 0.270265543309, 0.00518756620876, -0.00384813787403, 0.355228542549, 0.0108328510047
0, 11.0, 8, regularization, -0.0287078140223, 0.391595211565, 0.0733099209961, -0.0527551713429, 0.736256277147, 0.0716532720744
0, 11.0, 9, regularization, 0.020455776119, 0.53484533, 0.0382461526195, -0.0994900967932, 0.735690044745, 0.135233713578
0, 11.0, 10, regularization, 0.0285496218613, 0.495415965007, 0.0576275773852, -0.0631042273387, 0.66823105121, 0.0944347426305
0, 11.0, 1, no_regularization, 0.0204916263852, 0.503784749362, 0.0406753606797, -0.0946953382061, 0.769932223855, 0.122991784565
0, 11.0, 2, no_regularization, 0.0600623408264, 0.720824761018, 0.0833244695168, -0.0527847187727, 0.561490229869, 0.0940082586744
0, 11.0, 3, no_regularization, -0.0155854498136, 0.549115471326, 0.0283828277064, -0.137849002582, 0.753157979027, 0.183028005306
0, 11.0, 4, no_regularization, 0.0111424658627, 0.505234819994, 0.0220540339299, -0.0278008433957, 0.769850059662, 0.0361120234347
0, 11.0, 5, no_regularization, -0.0155074919337, 0.5437234319, 0.0285209189523, -0.132422056053, 0.789451566929, 0.167739303587
0, 11.0, 1, regularization, 0.0154036005042, 0.440380062897, 0.0349779697174, -0.0910558013814, 0.701980168137, 0.12971278323
0, 11.0, 2, regularization, 0.0636473924263, 0.670346870323, 0.094946952457, -0.0571244350786, 0.51494264338, 0.110933588067
0, 11.0, 3, regularization, -0.0122406096206, 0.451332268413, 0.0271210601974, -0.147123768755, 0.713833582223, 0.206103736808
0, 11.0, 4, regularization, 0.00868170261564, 0.415481528454, 0.0208955200679, -0.0241988973994, 0.724501984814, 0.0334007330644
0, 11.0, 5, regularization, -0.0139841735248, 0.446719998332, 0.0313041134872, -0.12949502974, 0.735586276401, 0.176043292126
0, 7.0, 26, no_regularization, -0.0427145469766, 0.25941591375, 0.164656617857, 0.0181004932286, 0.228137082846, 0.0793404255146
0, 7.0, 27, no_regularization, -0.0670776904661, 0.118578785717, 0.565680362308, 0.0268029152461, 0.114419660329, 0.234250959747
0, 7.0, 28, no_regularization, -0.0470434971266, 0.267129936144, 0.176107170187, -0.0998712756432, 0.350611393993, 0.284848916362
0, 7.0, 29, no_regularization, -0.0447227162387, 0.234484132483, 0.190728113519, 0.0226530941858, 0.20821255991, 0.108797923601
0, 7.0, 30, no_regularization, -0.0670546046053, 0.102861547378, 0.651891851858, 0.0278343665263, 0.110666515084, 0.251515704683
0, 7.0, 26, regularization, -0.0525310827939, 0.179470237815, 0.292700803394, 0.0175011237537, 0.118910085938, 0.147179472756
0, 7.0, 27, regularization, -0.0670506455596, 0.0329396901869, 2.03555786892, 0.0298994839366, 0.0386617919081, 0.773360014136
0, 7.0, 28, regularization, -0.0537416655663, 0.173721112326, 0.309355983546, -0.0983327625999, 0.30677324875, 0.32053890944
0, 7.0, 29, regularization, -0.0501857801545, 0.118064572696, 0.425070611857, 0.0299435115804, 0.0854158726636, 0.35056144305
0, 7.0, 30, regularization, -0.0670545479958, 0.0221279359614, 3.03031191489, 0.0315517159315, 0.00757578168347, 4.16481324962
