lanczos_sim, strain percent, trial, regularization, mean axial strain, axial strain std, axial strain SNRe, mean lateral strain, lateral strain std, lateral strain SNRe
0, 7.0, 6, no_regularization, -0.0672003808395, 0.102708856766, 0.654280292425, 0.0305894187732, 0.106740043064, 0.286578662468
0, 7.0, 7, no_regularization, -0.0530540775233, 0.212396127161, 0.249788347049, 0.0208861069555, 0.191252600603, 0.109206917394
0, 7.0, 8, no_regularization, -0.0664167304899, 0.102267910624, 0.649438617494, 0.0270180064361, 0.113484326923, 0.238076985331
0, 7.0, 9, no_regularization, -0.0671089327566, 0.0933433337965, 0.718947245905, 0.0296380984484, 0.102827448712, 0.288231389768
0, 7.0, 10, no_regularization, -0.0511611510134, 0.211994244145, 0.241332736272, 0.0240877221281, 0.184780740867, 0.130358402153
0, 7.0, 6, regularization, -0.0670168625022, 0.0468846148415, 1.42939987305, 0.0315591870148, 0.0281552899849, 1.12089724637
0, 7.0, 7, regularization, -0.0522583671885, 0.0774681991492, 0.67457831423, 0.0273335105804, 0.0916384228711, 0.298275654731
0, 7.0, 8, regularization, -0.0669810773716, 0.0221710120065, 3.02111050916, 0.0305044344685, 0.0178899420018, 1.705116454
0, 7.0, 9, regularization, -0.0670855912998, 0.0244910861319, 2.739184001, 0.0316278181841, 0.00837328825991, 3.77722791839
0, 7.0, 10, regularization, -0.0544000592968, 0.107028099435, 0.508278289384, 0.0302417061304, 0.0637973558714, 0.474027578689
0, 9.0, 6, no_regularization, -0.0615246384568, 0.289858466578, 0.212257517205, 0.0230958545203, 0.298467265749, 0.0773815328203
0, 9.0, 7, no_regularization, 0.00167983490003, 0.636199486736, 0.00264042165241, -0.0681511965043, 0.629764143814, 0.108217016122
0, 9.0, 8, no_regularization, -0.0323454999402, 0.49927031778, 0.0647855456019, 0.0376690810801, 0.64871277423, 0.0580674261036
0, 9.0, 9, no_regularization, -0.0368528637084, 0.273997972492, 0.134500497844, 0.0242998665715, 0.267064054152, 0.0909889076935
0, 9.0, 10, no_regularization, 0.00662028453938, 0.521585355741, 0.0126926196576, -0.035399616966, 0.83263023347, 0.0425154114551
0, 9.0, 6, regularization, -0.0636402081207, 0.180077685744, 0.353404186963, 0.0295219588211, 0.199940980124, 0.147653366522
0, 9.0, 7, regularization, -0.00142336515013, 0.592515002462, 0.00240224322459, -0.063760755679, 0.621408666889, 0.102606801412
0, 9.0, 8, regularization, -0.0312792354096, 0.422342722495, 0.0740612629119, 0.0405907341502, 0.587336035178, 0.0691098991362
0, 9.0, 9, regularization, -0.0364412924854, 0.20229132126, 0.180142639132, 0.0239070632155, 0.188369751089, 0.126915617169
0, 9.0, 10, regularization, 0.011060605233, 0.445826711039, 0.024809202677, -0.0436853443415, 0.772549109132, 0.0565470127726
0, 7.0, 11, no_regularization, -0.0557851186823, 0.201392359888, 0.276997194498, 0.0243207405267, 0.188807970357, 0.128812043691
0, 7.0, 12, no_regularization, -0.0632412772663, 0.143827105041, 0.439703470693, 0.0221589795161, 0.148536608465, 0.149181940702
0, 7.0, 13, no_regularization, -0.0674622498297, 0.0891248381756, 0.756941063913, 0.0284597527455, 0.0980827716681, 0.290160568074
0, 7.0, 14, no_regularization, -0.0545207213802, 0.184694098938, 0.295194712195, 0.0252131682974, 0.160621739945, 0.156972327071
0, 7.0, 15, no_regularization, -0.0645165691278, 0.117473692987, 0.549200144198, 0.0276965323176, 0.138416939505, 0.200094962486
0, 7.0, 11, regularization, -0.0564720188762, 0.122702960808, 0.460233546968, 0.0283110756481, 0.0990886140761, 0.285714720223
0, 7.0, 12, regularization, -0.0642154038072, 0.0376203394695, 1.70693313013, 0.0257297130988, 0.0570742397835, 0.450811315164
0, 7.0, 13, regularization, -0.0670777604785, 0.0200040508925, 3.3532088495, 0.0312158644968, 0.00893277275608, 3.49453247599
0, 7.0, 14, regularization, -0.0563537347325, 0.0828564006128, 0.680137374007, 0.0280427781112, 0.0760938789329, 0.368528697766
0, 7.0, 15, regularization, -0.0662551613627, 0.0384189720738, 1.72454279192, 0.0290043278618, 0.0465084830177, 0.623635216198
0, 0.5, 11, no_regularization, -0.00480533226724, 0.00666306368465, 0.721189605063, 0.00237346889797, 0.00473638515527, 0.501113997312
0, 0.5, 12, no_regularization, -0.00480678914142, 0.00151507906993, 3.17263252911, 0.00242447710275, 0.00507117445939, 0.478089863041
0, 0.5, 13, no_regularization, -0.00479107581755, 0.00163107773678, 2.93736816433, 0.00230847169314, 0.00499354814898, 0.462290864986
0, 0.5, 14, no_regularization, -0.00476801238519, 0.00147156322275, 3.24010026311, 0.00226312259944, 0.00492769776976, 0.459265706864
0, 0.5, 15, no_regularization, -0.00479692949157, 0.00150109416555, 3.19562196807, 0.00239612311322, 0.00473508322379, 0.506036113828
0, 0.5, 11, regularization, -0.00480274732966, 0.00153698735803, 3.12477998246, 0.00170609228921, 0.00150357892185, 1.13468755408
0, 0.5, 12, regularization, -0.00480373818992, 0.00155596467049, 3.08730543888, 0.00176098458413, 0.00164997127348, 1.06728196571
0, 0.5, 13, regularization, -0.00478826007568, 0.00159951830247, 2.99356379247, 0.00166416277655, 0.0017819027898, 0.933924558669
0, 0.5, 14, regularization, -0.00476623751727, 0.00156749856836, 3.04066467013, 0.00155938616793, 0.0018859581121, 0.826840298268
0, 0.5, 15, regularization, -0.0047923804947, 0.00154389270798, 3.10408907945, 0.00169323027774, 0.00170716975166, 0.991834746421
0, 9.0, 21, no_regularization, 0.0197547427192, 0.6201213742, 0.0318562519227, 0.020273824199, 0.434510268338, 0.0466590220677
0, 9.0, 22, no_regularization, -0.0173400968201, 0.579307366471, 0.0299324638763, 0.00864939180199, 0.430310133336, 0.0201003674604
0, 9.0, 23, no_regularization, -0.000616669192019, 0.568293059107, 0.00108512532775, -0.0988547017349, 0.778001323716, 0.127062382443
0, 9.0, 24, no_regularization, 0.0556177467871, 0.521923588825, 0.106563006497, 0.00739932997813, 0.366494313379, 0.0201894810042
0, 9.0, 25, no_regularization, -0.000311750029168, 0.363442070537, 0.000857770892367, 0.0301175538401, 0.321554740699, 0.0936622914486
0, 9.0, 21, regularization, 0.0199348128778, 0.567723830378, 0.0351135742611, 0.0330742243698, 0.373204964815, 0.0886221446334
0, 9.0, 22, regularization, -0.0145146217811, 0.55679209722, 0.0260682970423, 0.0234487793573, 0.38321792138, 0.0611891512611
0, 9.0, 23, regularization, -0.00115793036788, 0.522889159892, 0.00221448531868, -0.0924508037121, 0.731218908595, 0.126433825254
0, 9.0, 24, regularization, 0.0555276826153, 0.47156023221, 0.117753107286, 0.00501119150427, 0.30741268747, 0.0163011863483
0, 9.0, 25, regularization, -0.000798154282583, 0.254039739376, 0.00314184813976, 0.0333208158132, 0.243049181887, 0.137094951543
0, 1.0, 16, no_regularization, -0.00958561308501, 0.00243544158374, 3.93588298279, 0.00435195185164, 0.00570958219665, 0.76221896835
0, 1.0, 17, no_regularization, -0.00960587552232, 0.00239416760281, 4.01219844052, 0.00448906933628, 0.00564840853825, 0.794749407003
0, 1.0, 18, no_regularization, -0.00958703446049, 0.00240001403903, 3.99457432523, 0.00456545585614, 0.00595010842712, 0.767289522882
0, 1.0, 19, no_regularization, -0.00956321701927, 0.00238547822714, 4.00893075044, 0.00432681842791, 0.00556910072605, 0.776933052704
0, 1.0, 20, no_regularization, -0.00958728610505, 0.00246737320617, 3.88562463152, 0.00445165358512, 0.00555012797029, 0.802081250909
0, 1.0, 16, regularization, -0.00959025569421, 0.00234333337842, 4.09256991879, 0.00476361481234, 0.00348586087196, 1.36655333856
0, 1.0, 17, regularization, -0.00961173440551, 0.00234284549917, 4.10258995265, 0.0049977849567, 0.00359725861686, 1.38933156857
0, 1.0, 18, regularization, -0.00959611425017, 0.00229469509956, 4.18186897772, 0.00492490122073, 0.00333120465736, 1.47841448584
0, 1.0, 19, regularization, -0.00957740570028, 0.002333475693, 4.10435203118, 0.00474446373311, 0.00348974325135, 1.35954521332
0, 1.0, 20, regularization, -0.00959050219571, 0.00233877512119, 4.10065170816, 0.00497271273433, 0.00366591410422, 1.3564727904
0, 7.0, 1, no_regularization, -0.0387837627002, 0.27131644803, 0.142946596058, 0.0422659754866, 0.283282455758, 0.14920082281
0, 7.0, 2, no_regularization, -0.0493226311139, 0.215096306665, 0.229304872215, 0.0199474357274, 0.215301812322, 0.0926487125782
0, 7.0, 3, no_regularization, -0.0671168959136, 0.0934751214134, 0.718018815046, 0.0328075180717, 0.096954899072, 0.338379167899
0, 7.0, 4, no_regularization, -0.0661715345314, 0.125587063324, 0.526897697742, 0.0282003505064, 0.175809091307, 0.160403255012
0, 7.0, 5, no_regularization, -0.0514678295042, 0.188503311418, 0.273034086865, 0.0276436236435, 0.177579696457, 0.155668830362
0, 7.0, 1, regularization, -0.0402150083474, 0.161379793636, 0.24919481827, 0.0367023092184, 0.168621815934, 0.217660502677
0, 7.0, 2, regularization, -0.0477440800296, 0.124772284097, 0.382649723656, 0.0255867381477, 0.122172162232, 0.209431818838
0, 7.0, 3, regularization, -0.0670946113232, 0.0212861583239, 3.15203007993, 0.0319316083396, 0.00964052191198, 3.31222817926
0, 7.0, 4, regularization, -0.0637718570626, 0.0426147480825, 1.49647387189, 0.031606314887, 0.137924183435, 0.229157165189
0, 7.0, 5, regularization, -0.0521884502786, 0.101044464436, 0.516489948951, 0.030899890541, 0.0835677380534, 0.369758608534
0, 3.0, 6, no_regularization, -0.0287222266545, 0.0137756528511, 2.08499930747, 0.0145544108739, 0.0212212054043, 0.685842797177
0, 3.0, 7, no_regularization, -0.0287303297618, 0.00886022392454, 3.24261892323, 0.0151939217751, 0.0104888516707, 1.44857819065
0, 3.0, 8, no_regularization, -0.0287188668905, 0.0109040371754, 2.63378292174, 0.0145190251949, 0.0166739957873, 0.870758598005
0, 3.0, 9, no_regularization, -0.0287360315627, 0.0200326124996, 1.43446250774, 0.0147606874307, 0.0197419830347, 0.747680078782
0, 3.0, 10, no_regularization, -0.028726348717, 0.0216339237207, 1.32783812534, 0.0152134464661, 0.0172982420091, 0.879479340044
0, 3.0, 6, regularization, -0.028716864214, 0.00566590026827, 5.06836740047, 0.0144207148012, 0.00528094037079, 2.73070964424
0, 3.0, 7, regularization, -0.0287222220181, 0.00576401242397, 4.98302569555, 0.0146400752713, 0.00580086320516, 2.52377529921
0, 3.0, 8, regularization, -0.0287236128922, 0.00574763335851, 4.99746784469, 0.0143939951019, 0.00545689554027, 2.63776262449
0, 3.0, 9, regularization, -0.0287432922829, 0.00592048800704, 4.85488565279, 0.0142141342547, 0.00506696654227, 2.80525520271
0, 3.0, 10, regularization, -0.0287273194253, 0.00585805955085, 4.9038967897, 0.014738290001, 0.00572623114651, 2.57382030586
0, 3.0, 11, no_regularization, -0.028750885199, 0.0143190934335, 2.00787049352, 0.0149378181697, 0.0093945022525, 1.5900595655
0, 3.0, 12, no_regularization, -0.0287207466808, 0.0106780246805, 2.6897059653, 0.0148376685986, 0.0180167235602, 0.823549773022
0, 3.0, 13, no_regularization, -0.0287361374828, 0.00617311308085, 4.6550479647, 0.0148398176498, 0.00894521985628, 1.65896622869
0, 3.0, 14, no_regularization, -0.0286917656083, 0.0111691874233, 2.56883195894, 0.0142517630152, 0.0133936898517, 1.06406547956
0, 3.0, 15, no_regularization, -0.0287385618059, 0.0114092760319, 2.5188768968, 0.0149237050426, 0.013056345784, 1.14302311607
0, 3.0, 11, regularization, -0.0287503940469, 0.00589546207022, 4.87669901095, 0.0144533174149, 0.00521546135278, 2.7712442749
0, 3.0, 12, regularization, -0.0287170593059, 0.00572066368265, 5.0198824645, 0.0146657073421, 0.0051882806121, 2.82669894682
0, 3.0, 13, regularization, -0.0287372940244, 0.00592059326141, 4.85378622641, 0.0142883042102, 0.00520938561173, 2.74280025998
0, 3.0, 14, regularization, -0.0287017922818, 0.00578961128767, 4.95746447486, 0.0142652257472, 0.00534689043628, 2.66794801899
0, 3.0, 15, regularization, -0.0287387962548, 0.00571630679401, 5.02751116943, 0.0146502999818, 0.00520717353099, 2.81348410892
0, 0.5, 26, no_regularization, -0.004794927258, 0.00154304062786, 3.1074536674, 0.00231325436976, 0.00484380668949, 0.477569506394
0, 0.5, 27, no_regularization, -0.00478912550949, 0.0014608832984, 3.27823962032, 0.00218838874035, 0.0049881858579, 0.438714354816
0, 0.5, 28, no_regularization, -0.004794182104, 0.00145845542782, 3.28716394931, 0.00246150663484, 0.00488266571098, 0.50413171422
0, 0.5, 29, no_regularization, -0.00478082023059, 0.0014699922759, 3.25227574931, 0.0023979643895, 0.00485025841655, 0.494399304853
0, 0.5, 30, no_regularization, -0.00479339949145, 0.0015217213042, 3.14998513738, 0.00247291691232, 0.00505908137395, 0.48880749874
0, 0.5, 26, regularization, -0.00479437017587, 0.00156170053356, 3.06996768769, 0.00166502311509, 0.00160526257267, 1.03722789246
0, 0.5, 27, regularization, -0.00479355852825, 0.00150674194116, 3.18140644878, 0.00152817168252, 0.00167058237289, 0.914753865071
0, 0.5, 28, regularization, -0.00479469475449, 0.00151826196677, 3.15801545414, 0.00189669870517, 0.00187949797445, 1.0091517687
0, 0.5, 29, regularization, -0.00478262921312, 0.00153670436969, 3.11226369069, 0.00181613617073, 0.0017577403462, 1.03322209942
0, 0.5, 30, regularization, -0.00479541419571, 0.00151635225578, 3.16246714932, 0.00191121733908, 0.00179773836356, 1.06312318735
0, 11.0, 6, no_regularization, 0.0070165343579, 0.618894789424, 0.0113372005675, -0.0451536137296, 0.625457938761, 0.072192886094
0, 11.0, 7, no_regularization, 0.00376625333553, 0.369109350221, 0.0102036248425, -0.00159722062561, 0.42008399192, 0.00380214589542
0, 11.0, 8, no_regularization, -0.0364259775471, 0.509222885406, 0.0715324833017, -0.0495915209815, 0.804339036816, 0.061654997099
0, 11.0, 9, no_regularization, 0.0151157331513, 0.61425924961, 0.0246080676211, -0.112830719672, 0.785255965489, 0.143686548885
0, 11.0, 10, no_regularization, 0.0242930230215, 0.567442961445, 0.042811391932, -0.0842761366287, 0.699066783945, 0.120555200968
0, 11.0, 6, regularization, 0.00227382508959, 0.556736918081, 0.00408420030314, -0.0415986768773, 0.551129438935, 0.0754789600021
0, 11.0, 7, regularization, -0.00361362046842, 0.269873714059, 0.0133900423797, -0.00225071793292, 0.359235968301, 0.0062652911499
0, 11.0, 8, regularization, -0.0344480129474, 0.403099768545, 0.0854577839917, -0.0501579123879, 0.784559589367, 0.0639312973389
0, 11.0, 9, regularization, 0.0156328385136, 0.528470884208, 0.0295812673523, -0.100407722774, 0.727956806296, 0.137930879835
0, 11.0, 10, regularization, 0.0288294602846, 0.492414551414, 0.0585471331053, -0.0812135294417, 0.662865536475, 0.122518859366
0, 11.0, 26, no_regularization, -0.0148340989718, 0.356689128996, 0.0415883125273, 0.0269759571951, 0.340912286451, 0.0791287327186
0, 11.0, 27, no_regularization, -0.0149877338764, 0.54623526185, 0.0274382393873, -0.149706629842, 0.720725850221, 0.20771647055
0, 11.0, 28, no_regularization, 0.00555034620404, 0.330122240882, 0.0168130029325, -0.242955097189, 0.549401228004, 0.442217972594
0, 11.0, 29, no_regularization, 0.0160665778054, 0.521597131919, 0.0308026574961, 0.0543225928704, 0.551294830399, 0.0985363726904
0, 11.0, 30, no_regularization, -0.0180410851887, 0.573208695948, 0.0314738511755, -0.0720243401418, 0.808429457203, 0.0890916820263
0, 11.0, 26, regularization, -0.0114498322229, 0.251625201196, 0.0455035193949, 0.0357064037141, 0.299323828256, 0.119290214622
0, 11.0, 27, regularization, -0.0155529632577, 0.456815317437, 0.0340465012097, -0.14696108648, 0.674195358732, 0.217979973575
0, 11.0, 28, regularization, 0.00379637581742, 0.240797992829, 0.0157658117197, -0.245544896005, 0.530996754808, 0.462422592571
0, 11.0, 29, regularization, 0.0123169393925, 0.472736090958, 0.0260545780787, 0.0567215748325, 0.522495745598, 0.108558921887
0, 11.0, 30, regularization, -0.0228676150221, 0.515794301406, 0.0443347570141, -0.0726848300056, 0.791734949141, 0.0918044985691
0, 3.0, 16, no_regularization, -0.0287213349401, 0.00881606948189, 3.25783899493, 0.0144470255859, 0.00962842259515, 1.50045611762
0, 3.0, 17, no_regularization, -0.0287447038929, 0.00598576476686, 4.80217733447, 0.0146468395904, 0.0154193701258, 0.949898696956
0, 3.0, 18, no_regularization, -0.0287469709137, 0.010197441189, 2.81903767631, 0.0151600011919, 0.0167650049345, 0.904264642396
0, 3.0, 19, no_regularization, -0.0287462780003, 0.00907490114257, 3.16766844604, 0.0151391474384, 0.00987251249971, 1.53346449942
0, 3.0, 20, no_regularization, -0.0287376997171, 0.00612739847181, 4.6900327846, 0.0150232302616, 0.00999929165837, 1.50242944949
0, 3.0, 16, regularization, -0.0287211502219, 0.00581021585846, 4.94321569483, 0.0140069064625, 0.00514928405511, 2.7201658158
0, 3.0, 17, regularization, -0.028741960763, 0.00573611382051, 5.01070265729, 0.0145414408719, 0.00528416525144, 2.75188987854
0, 3.0, 18, regularization, -0.0287474205027, 0.00574675678449, 5.00237291759, 0.0146868436254, 0.00546634420865, 2.68677621914
0, 3.0, 19, regularization, -0.0287499244923, 0.00576517360444, 4.98682719115, 0.0145983389384, 0.00564431689235, 2.58637833715
0, 3.0, 20, regularization, -0.0287474036871, 0.00587068545282, 4.89677124045, 0.0144925557611, 0.00538596892485, 2.69079825066
0, 9.0, 16, no_regularization, -0.0401742294706, 0.340871113273, 0.117857535902, 0.0149978411077, 0.307983928395, 0.0486968303372
0, 9.0, 17, no_regularization, -0.0187609815337, 0.617213082497, 0.0303962797707, -0.0463700398943, 0.745046538505, 0.0622377764312
0, 9.0, 18, no_regularization, -0.0540499907732, 0.226171276106, 0.238978139504, 0.0265122824823, 0.228912445332, 0.115818440731
0, 9.0, 19, no_regularization, -0.0406326018777, 0.561804501392, 0.072325162538, -0.0405324203789, 0.702902930526, 0.0576643212293
0, 9.0, 20, no_regularization, -0.0576007857503, 0.286804686635, 0.200836277908, 0.032944743042, 0.217406271269, 0.15153538511
0, 9.0, 16, regularization, -0.0412618114003, 0.259102769364, 0.159248824324, 0.0196011733065, 0.213541866057, 0.0917907746544
0, 9.0, 17, regularization, -0.0148244959676, 0.592250361008, 0.0250307926235, -0.0440557403684, 0.68222181889, 0.0645768563077
0, 9.0, 18, regularization, -0.0566807307225, 0.13571906887, 0.417632770357, 0.0367624122897, 0.140188171391, 0.262236192433
0, 9.0, 19, regularization, -0.0406908908638, 0.496050947069, 0.0820296606713, -0.0555836495241, 0.650490619665, 0.0854488102422
0, 9.0, 20, regularization, -0.0577735995354, 0.184122461918, 0.313778117747, 0.0328206697093, 0.14044304452, 0.233693806777
0, 5.0, 6, no_regularization, -0.0478811029369, 0.0440835569567, 1.08614427334, 0.0239436348818, 0.0503618739561, 0.475431770125
0, 5.0, 7, no_regularization, -0.0479042785786, 0.0427430337835, 1.120750549, 0.0243638159528, 0.0601919840199, 0.404768447985
0, 5.0, 8, no_regularization, -0.0478408938552, 0.0385464260991, 1.24112398208, 0.0234638666648, 0.0626727357441, 0.374387145961
0, 5.0, 9, no_regularization, -0.0479184616454, 0.041635357419, 1.15090789694, 0.0230728553604, 0.0610920689713, 0.377673497541
0, 5.0, 10, no_regularization, -0.047869669914, 0.0649741594388, 0.73674935278, 0.0245131052966, 0.0563505902965, 0.435010621319
0, 5.0, 6, regularization, -0.0478858080486, 0.00995026291506, 4.81251686085, 0.0233457783383, 0.00544307748769, 4.28907697732
0, 5.0, 7, regularization, -0.0478990642428, 0.0107022382331, 4.47561184861, 0.0236483311579, 0.00534861653049, 4.42139215311
0, 5.0, 8, regularization, -0.04785194238, 0.00992935472556, 4.81923989046, 0.0232347084151, 0.00538144928362, 4.31755595761
0, 5.0, 9, regularization, -0.0479092996149, 0.011491387477, 4.1691483914, 0.0234496973368, 0.00544793618361, 4.30432672969
0, 5.0, 10, regularization, -0.0478697159514, 0.0102682106538, 4.66193357007, 0.0234103693244, 0.00614852381409, 3.80747802762
0, 11.0, 16, no_regularization, -0.0410355984521, 0.484469440791, 0.0847021401084, -0.140633831295, 0.695727333961, 0.202139292838
0, 11.0, 17, no_regularization, 0.00935307924554, 0.526215679935, 0.0177742313697, -0.0191022980465, 0.713394295874, 0.0267766341237
0, 11.0, 18, no_regularization, -0.0320270203858, 0.535916124613, 0.0597612553811, -3.85616389272e-05, 0.534505839736, 7.21444670207e-05
0, 11.0, 19, no_regularization, 0.00280082047861, 0.544371832592, 0.0051450503331, -0.126280389321, 0.821953239005, 0.153634517547
0, 11.0, 20, no_regularization, 0.00543142400091, 0.603239437209, 0.00900376146831, -0.0978388999016, 0.781181440475, 0.125244782879
0, 11.0, 16, regularization, -0.0308144512429, 0.37023306858, 0.0832298729044, -0.137264841852, 0.664448572, 0.206584599075
0, 11.0, 17, regularization, 0.0101954799912, 0.430356512485, 0.0236907765897, -0.0158688864402, 0.666259210406, 0.0238178867809
0, 11.0, 18, regularization, -0.0304516670492, 0.471728263719, 0.0645534079496, -0.00571201583295, 0.511181077908, 0.0111741535041
0, 11.0, 19, regularization, -4.36706054063e-05, 0.492523295518, 8.86670860113e-05, -0.122598095497, 0.789427323221, 0.15530004079
0, 11.0, 20, regularization, 0.00238707277067, 0.56027648444, 0.00426052643108, -0.0885897282063, 0.742672646576, 0.11928502903
0, 11.0, 21, no_regularization, 0.00496714683163, 0.373260304949, 0.0133074606803, 0.027505848026, 0.354791283702, 0.0775268426522
0, 11.0, 22, no_regularization, -0.00550897931587, 0.42774275764, 0.0128791878237, -0.048204553134, 0.723664482808, 0.066611743811
0, 11.0, 23, no_regularization, -0.0169671994973, 0.447500105271, 0.0379155206836, -0.0290653953904, 0.655042822432, 0.0443717485254
0, 11.0, 24, no_regularization, -0.00286812998244, 0.639328467297, 0.00448616029028, -0.0184422099651, 0.619099063155, 0.029788786743
0, 11.0, 25, no_regularization, -0.0258838268626, 0.592696082289, 0.0436713311191, -0.0434300963331, 0.684098419856, 0.0634851580891
0, 11.0, 21, regularization, 0.00175272692559, 0.277948727788, 0.00630593613267, 0.0381131698504, 0.3194852019, 0.119295571825
0, 11.0, 22, regularization, -0.0104231038248, 0.32194295352, 0.0323756234165, -0.0495363391529, 0.727099969564, 0.0681286497407
0, 11.0, 23, regularization, -0.0167652723523, 0.337734166147, 0.0496404392353, -0.0268224888929, 0.603488020741, 0.0444457685505
0, 11.0, 24, regularization, -0.00313309472784, 0.594576066131, 0.00526945988295, -0.000603211800185, 0.575384457639, 0.00104836304175
0, 11.0, 25, regularization, -0.0243160936388, 0.518274789275, 0.0469173769244, -0.0307899024801, 0.646788877897, 0.0476042546994
0, 11.0, 11, no_regularization, 0.0155772324171, 0.522063348354, 0.0298378203838, -0.0770582064085, 0.780850153859, 0.0986850114938
0, 11.0, 12, no_regularization, -0.0388712139458, 0.547628052641, 0.0709810495615, -0.129529373157, 0.857775213192, 0.151006197387
0, 11.0, 13, no_regularization, 0.00916752635394, 0.506345640208, 0.0181052736036, -0.139401601831, 0.797400880763, 0.174819974738
0, 11.0, 14, no_regularization, 0.00792007235518, 0.585779128984, 0.0135205779163, -0.214909758783, 0.7515788665, 0.285944387691
0, 11.0, 15, no_regularization, -0.0366112394027, 0.526615815431, 0.0695217240537, -0.118051298363, 0.805186713887, 0.146613569657
0, 11.0, 11, regularization, 0.0178617681584, 0.443777280545, 0.0402493974826, -0.0884954306755, 0.772036029409, 0.114626037263
0, 11.0, 12, regularization, -0.036205751046, 0.486213849139, 0.0744646642833, -0.132474888004, 0.790131499122, 0.167661823572
0, 11.0, 13, regularization, 0.00592950812249, 0.452208831779, 0.0131123226832, -0.135347170197, 0.751496673313, 0.180103485489
0, 11.0, 14, regularization, 0.012468822993, 0.532037353845, 0.0234359916704, -0.212636947498, 0.740226803375, 0.287259183981
0, 11.0, 15, regularization, -0.0298440500321, 0.440909660201, 0.0676874487587, -0.117921084135, 0.754022186431, 0.156389409034
0, 0.5, 16, no_regularization, -0.00478049599745, 0.00153050994216, 3.12346615058, 0.00217786023858, 0.00486238433254, 0.447899649562
0, 0.5, 17, no_regularization, -0.00480096619814, 0.0014326806532, 3.35103722342, 0.00227232357239, 0.00509207405214, 0.446247157667
0, 0.5, 18, no_regularization, -0.00462868543464, 0.00511076586211, 0.905673544733, 0.00231752306981, 0.00476474827769, 0.486389402913
0, 0.5, 19, no_regularization, -0.00477961022792, 0.00147917177906, 3.23127461974, 0.00235109359542, 0.00513215942731, 0.458110007829
0, 0.5, 20, no_regularization, -0.00478609455565, 0.00156242500878, 3.06324753429, 0.00233577230459, 0.00500335054155, 0.466841626464
0, 0.5, 16, regularization, -0.00478322687525, 0.00151793892415, 3.15113263066, 0.00151596152387, 0.00162979350328, 0.930155581561
0, 0.5, 17, regularization, -0.00479195352161, 0.00148583903357, 3.22508253811, 0.00165029910324, 0.00161177203094, 1.02390354936
0, 0.5, 18, regularization, -0.00479512222145, 0.00145772861774, 3.2894478184, 0.00177651856665, 0.00170094206988, 1.04443214035
0, 0.5, 19, regularization, -0.00477442377079, 0.00149958819426, 3.18382325832, 0.00183772582012, 0.00211075778835, 0.870647418789
0, 0.5, 20, regularization, -0.00478555292031, 0.00158666089813, 3.01611574719, 0.00160165232448, 0.00158536445676, 1.01027389485
0, 9.0, 1, no_regularization, 0.0166355363361, 0.321955811084, 0.0516702471688, -0.257560770138, 0.57216101845, 0.450154347871
0, 9.0, 2, no_regularization, -0.0504373556564, 0.379949377654, 0.132747567499, 0.0228591520048, 0.284448372363, 0.0803630965256
0, 9.0, 3, no_regularization, -0.0878618729816, 0.245353888596, 0.358102630793, 0.0386587819111, 0.256047007478, 0.150983142869
0, 9.0, 4, no_regularization, 0.00879812391647, 0.414406966986, 0.0212306370727, 0.0378757779497, 0.546572247199, 0.0692969285282
0, 9.0, 5, no_regularization, -0.0505421022057, 0.317046837436, 0.159415254271, 0.0276423899438, 0.287386975724, 0.0961852563921
0, 9.0, 1, regularization, 0.0143580840561, 0.244330822588, 0.058764931514, -0.254793056741, 0.554620670742, 0.459400578057
0, 9.0, 2, regularization, -0.0443219255457, 0.252226117614, 0.175722982081, 0.0207996601511, 0.203065466707, 0.102428347313
0, 9.0, 3, regularization, -0.0818500775564, 0.122070287142, 0.670515974629, 0.0431477581344, 0.146098781524, 0.295332772008
0, 9.0, 4, regularization, 0.0088910798022, 0.364307980028, 0.0244053940336, 0.0377021500372, 0.487790477915, 0.077291689248
0, 9.0, 5, regularization, -0.051845211181, 0.234854230216, 0.220754853483, 0.0241515368449, 0.224903282442, 0.107386324391
0, 0.5, 6, no_regularization, -0.00479118368214, 0.00154507975471, 3.10092968828, 0.0021910857333, 0.00492269404769, 0.445098905614
0, 0.5, 7, no_regularization, -0.00477778175161, 0.00148979675768, 3.2070023827, 0.00239679169792, 0.00501195413445, 0.478215010278
0, 0.5, 8, no_regularization, -0.00478653384785, 0.00146006894158, 3.27829303914, 0.00222390023913, 0.00495815444913, 0.448533877262
0, 0.5, 9, no_regularization, -0.00479314101544, 0.00142413436494, 3.36565224002, 0.00232161114593, 0.0046865998807, 0.495372168529
0, 0.5, 10, no_regularization, -0.00478689945826, 0.00152321499479, 3.14262889654, 0.00234928007439, 0.00487371134531, 0.482031024806
0, 0.5, 6, regularization, -0.00479038900154, 0.00157072172429, 3.04980120124, 0.00155204210515, 0.00148170016961, 1.04747379867
0, 0.5, 7, regularization, -0.00478001526676, 0.00154732637748, 3.0892094495, 0.00170549772514, 0.00192073304508, 0.887941054331
0, 0.5, 8, regularization, -0.00478851638229, 0.00151310137617, 3.16470294568, 0.00168140184715, 0.00159763673612, 1.05243063654
0, 0.5, 9, regularization, -0.0047882038651, 0.00148988652144, 3.2138044047, 0.0017378283463, 0.00170410553356, 1.01978915746
0, 0.5, 10, regularization, -0.00478003322419, 0.00157274958733, 3.03928436078, 0.00171819563203, 0.00166632980687, 1.03112578611
0, 7.0, 21, no_regularization, -0.0668134873515, 0.079815155019, 0.837102769964, 0.0294485994002, 0.110108126804, 0.267451642808
0, 7.0, 22, no_regularization, -0.068420215534, 0.110805307889, 0.617481389996, 0.028258950087, 0.14379470253, 0.196522887073
0, 7.0, 23, no_regularization, -0.0670973809249, 0.0858192825945, 0.781845045734, 0.0302591037984, 0.0842864927894, 0.359003000326
0, 7.0, 24, no_regularization, -0.0234202666263, 0.314614134251, 0.074441241116, -0.000654945157148, 0.254260890907, 0.00257587847982
0, 7.0, 25, no_regularization, -0.045557343458, 0.22096915988, 0.206170596308, 0.0246960060672, 0.189418548489, 0.13037797124
0, 7.0, 21, regularization, -0.0668664875096, 0.0201901882831, 3.31183080474, 0.0314563239418, 0.00889845445751, 3.53503230162
0, 7.0, 22, regularization, -0.0674220926861, 0.0386849598911, 1.74285026728, 0.0298565279638, 0.0670393218445, 0.445358442513
0, 7.0, 23, regularization, -0.067051003489, 0.0213672857993, 3.13802155869, 0.0319767932671, 0.00789306746451, 4.05125046895
0, 7.0, 24, regularization, -0.0212952293321, 0.263816377933, 0.0807198912328, 0.00375388505015, 0.173811349072, 0.021597468003
0, 7.0, 25, regularization, -0.0473476530153, 0.143050809962, 0.330984864943, 0.0284723985643, 0.119759253853, 0.237746960241
0, 1.0, 26, no_regularization, -0.00958545270259, 0.00247533342358, 3.87238850785, 0.00448685230575, 0.00575536216936, 0.779595127763
0, 1.0, 27, no_regularization, -0.00959616795328, 0.00233225485927, 4.11454516437, 0.00433217568101, 0.00573113535404, 0.755901826322
0, 1.0, 28, no_regularization, -0.00959378649288, 0.00235517580871, 4.07349058927, 0.00452435692956, 0.00543557985693, 0.832359573155
0, 1.0, 29, no_regularization, -0.00956586154635, 0.00233874833206, 4.09016285131, 0.00448758289405, 0.005954377615, 0.753661118628
0, 1.0, 30, no_regularization, -0.0095647428342, 0.00237748207804, 4.02305570358, 0.00461107540299, 0.00552405999126, 0.834725801364
0, 1.0, 26, regularization, -0.0095884874058, 0.00239788551738, 3.9987261011, 0.00490254766239, 0.00370909806587, 1.32176275076
0, 1.0, 27, regularization, -0.0095975601853, 0.00229766108196, 4.17710003474, 0.00476236943532, 0.00371115106839, 1.28325938437
0, 1.0, 28, regularization, -0.00960818481617, 0.00231923980181, 4.14281645592, 0.00491597598483, 0.00353554194503, 1.39044482042
0, 1.0, 29, regularization, -0.00957206569984, 0.00225357915229, 4.24749478629, 0.00494464677264, 0.00395353076619, 1.25069136047
0, 1.0, 30, regularization, -0.00956595504611, 0.00232625802036, 4.11216424076, 0.00494047645711, 0.00342972034522, 1.44048959094
0, 3.0, 1, no_regularization, -0.0287369666834, 0.0285543570265, 1.00639515913, 0.0149049668679, 0.0277966380525, 0.536214733584
0, 3.0, 2, no_regularization, -0.0287330903141, 0.00611681470844, 4.69739426216, 0.0143868614231, 0.0166895751351, 0.86202682253
0, 3.0, 3, no_regularization, -0.0287331514567, 0.00905626981138, 3.17273580129, 0.0146856782943, 0.0176354462294, 0.832736416378
0, 3.0, 4, no_regularization, -0.0287299621899, 0.00603037012798, 4.76421207657, 0.0148057522803, 0.0167522471871, 0.883806937362
0, 3.0, 5, no_regularization, -0.0287399544102, 0.00602462811348, 4.77041136297, 0.014675858536, 0.0173928982822, 0.843784531935
0, 3.0, 1, regularization, -0.0287243258862, 0.00570792657474, 5.03235728598, 0.0147520640628, 0.00561625051369, 2.62667486553
0, 3.0, 2, regularization, -0.0287343952093, 0.00581836902091, 4.93856527594, 0.0144623683319, 0.00518779529785, 2.78776773206
0, 3.0, 3, regularization, -0.0287295032232, 0.00575461318805, 4.9924299487, 0.0146857645132, 0.00546242597862, 2.68850590758
0, 3.0, 4, regularization, -0.0287360004037, 0.00573297266856, 5.01240840747, 0.0145744686907, 0.00540369673459, 2.69712928141
0, 3.0, 5, regularization, -0.0287284175011, 0.00575622944722, 4.99083953559, 0.0145680578961, 0.00543725048248, 2.67930601009
0, 5.0, 11, no_regularization, -0.0478920867205, 0.0564501179498, 0.848396574886, 0.0223452744914, 0.0581522161472, 0.384254908443
0, 5.0, 12, no_regularization, -0.0478633833237, 0.0505934134826, 0.946039810896, 0.022975900755, 0.0590468259717, 0.389113222886
0, 5.0, 13, no_regularization, -0.0480746450464, 0.0532094924614, 0.903497530657, 0.0224748998857, 0.0565471067929, 0.397454461606
0, 5.0, 14, no_regularization, -0.0478525186775, 0.0641729688951, 0.745680299687, 0.0237306558115, 0.0434713716305, 0.545891581549
0, 5.0, 15, no_regularization, -0.0478896083304, 0.0569023334548, 0.841610623375, 0.0235255605202, 0.0681213789093, 0.345347685218
0, 5.0, 11, regularization, -0.0478967633478, 0.0114065049705, 4.19907442916, 0.0234886726553, 0.00556736441354, 4.21899320946
0, 5.0, 12, regularization, -0.0478683956717, 0.00987165997482, 4.84907257683, 0.0233898143061, 0.00594275443846, 3.93585408051
0, 5.0, 13, regularization, -0.0479024394631, 0.010634779717, 4.50431891756, 0.0232641585844, 0.00560102285825, 4.1535553725
0, 5.0, 14, regularization, -0.0478570896611, 0.0196971425243, 2.42964631047, 0.0233328403257, 0.00461405586666, 5.05690459761
0, 5.0, 15, regularization, -0.0478876832843, 0.0109043529676, 4.39161162761, 0.0233851373839, 0.00607879559943, 3.84700176233
0, 11.0, 1, no_regularization, 0.0222555375461, 0.503666351405, 0.0441870644803, -0.0962680167125, 0.776088624004, 0.12404255614
0, 11.0, 2, no_regularization, 0.0616883774623, 0.72247627883, 0.0853846406725, -0.052808095606, 0.565448200538, 0.0933915707146
0, 11.0, 3, no_regularization, -0.0121935366666, 0.521811414431, 0.0233677078142, -0.134175775791, 0.727072339354, 0.184542539344
0, 11.0, 4, no_regularization, 0.00794446539771, 0.518942830495, 0.0153089414303, -0.0364936591106, 0.779768941869, 0.0468006061169
0, 11.0, 5, no_regularization, -0.0143196309992, 0.519376615856, 0.0275708042334, -0.13288231428, 0.814034878998, 0.163239091725
0, 11.0, 1, regularization, 0.0136662800826, 0.437096675502, 0.0312660352928, -0.0946709295005, 0.704337973192, 0.134411224588
0, 11.0, 2, regularization, 0.0644112635659, 0.665979070637, 0.096716648324, -0.0542456759246, 0.518059277728, 0.104709399593
0, 11.0, 3, regularization, -0.00979211738909, 0.421630393651, 0.0232244106131, -0.137942063766, 0.689425265715, 0.20008269297
0, 11.0, 4, regularization, 0.00476977369946, 0.436511482018, 0.0109270291755, -0.0371454421491, 0.733481579879, 0.0506426380267
0, 11.0, 5, regularization, -0.00848401732607, 0.419905983379, 0.020204564026, -0.129793764805, 0.762143354893, 0.170300985992
0, 9.0, 26, no_regularization, -0.0866768556782, 0.163110527812, 0.531399516885, 0.0323603222215, 0.159659531459, 0.20268330945
0, 9.0, 27, no_regularization, 0.0139044983174, 0.579176686635, 0.0240073515358, -0.0695949553132, 0.708235134684, 0.0982653244734
0, 9.0, 28, no_regularization, 0.013529722259, 0.329969457844, 0.0410029532654, -0.26406073286, 0.561954983642, 0.469896594116
0, 9.0, 29, no_regularization, 0.00448726910332, 0.475035936736, 0.00944616766081, -0.273845780699, 0.737703899132, 0.371213682103
0, 9.0, 30, no_regularization, -0.062727585807, 0.430264183917, 0.145788536792, -0.0966602980979, 0.509028505082, 0.189891719487
0, 9.0, 26, regularization, -0.0868593601044, 0.0607383806049, 1.43005722641, 0.0360809512891, 0.0657119126545, 0.549077782574
0, 9.0, 27, regularization, 0.0137474185923, 0.491191189436, 0.0279879177151, -0.0609310838385, 0.680434218373, 0.0895473540178
0, 9.0, 28, regularization, 0.0126622478075, 0.251673995143, 0.0503121023701, -0.261670772099, 0.536774900199, 0.487486974525
0, 9.0, 29, regularization, 0.00464439401989, 0.382717586348, 0.0121353033818, -0.266509270157, 0.722532442279, 0.368854399556
0, 9.0, 30, regularization, -0.0598013381207, 0.368958848877, 0.162081322355, -0.0813009685481, 0.439625339581, 0.184932398632
0, 5.0, 21, no_regularization, -0.0478452100797, 0.0505099442625, 0.947243375108, 0.02527223934, 0.0611763672806, 0.413104609891
0, 5.0, 22, no_regularization, -0.0478667842435, 0.0439621610729, 1.08881781685, 0.0218539991495, 0.062090195146, 0.351971822575
0, 5.0, 23, no_regularization, -0.0479067605093, 0.0598773374774, 0.800081675766, 0.0251033725534, 0.0536226908018, 0.468148318892
0, 5.0, 24, no_regularization, -0.047887040966, 0.044384360992, 1.07891698553, 0.0238984316486, 0.0601997503798, 0.396985560536
0, 5.0, 25, no_regularization, -0.0479051853929, 0.0391061065366, 1.22500523922, 0.0240873786586, 0.0619331056344, 0.388925735467
0, 5.0, 21, regularization, -0.0478554806858, 0.0119369161831, 4.00903214463, 0.0235204506334, 0.0065411361719, 3.59577449778
0, 5.0, 22, regularization, -0.0478630256827, 0.00989763751192, 4.83580305149, 0.0237716908217, 0.00622698234079, 3.81752982757
0, 5.0, 23, regularization, -0.0478960232483, 0.0102970046086, 4.65145205511, 0.023677947854, 0.00559444409573, 4.23240405103
0, 5.0, 24, regularization, -0.0478790962178, 0.00977050417145, 4.90037109423, 0.0235675914706, 0.00582778266236, 4.04400658638
0, 5.0, 25, regularization, -0.0478974756729, 0.0111863355662, 4.28178427058, 0.0235253539181, 0.00600941850191, 3.91474714411
0, 1.0, 1, no_regularization, -0.00957893652766, 0.00231944779875, 4.12983492572, 0.00446951511093, 0.00569537251899, 0.784762558731
0, 1.0, 2, no_regularization, -0.00958287983415, 0.00235624210064, 4.06701833888, 0.00464624338809, 0.00539283856622, 0.861558033128
0, 1.0, 3, no_regularization, -0.00957768960379, 0.0023049308024, 4.15530461643, 0.00459410694614, 0.00568419611815, 0.808224566965
0, 1.0, 4, no_regularization, -0.00959439406913, 0.00247073301178, 3.88321766189, 0.0043985443412, 0.00583044604879, 0.754409577654
0, 1.0, 5, no_regularization, -0.00959699899471, 0.00244804528986, 3.92027019862, 0.00442472710445, 0.0055943837218, 0.790923062214
0, 1.0, 1, regularization, -0.00958394060844, 0.00230626947986, 4.15560310369, 0.00493016170322, 0.00362056333513, 1.36171121642
0, 1.0, 2, regularization, -0.00958802798767, 0.00229206930752, 4.18313179109, 0.00503609829011, 0.00352405109006, 1.42906506217
0, 1.0, 3, regularization, -0.00957515335634, 0.00224670110212, 4.26187237247, 0.00501044630682, 0.00373199106028, 1.3425665351
0, 1.0, 4, regularization, -0.00958125930227, 0.00228752558867, 4.1884818031, 0.0048660236385, 0.00348527009729, 1.39616830336
0, 1.0, 5, regularization, -0.009599647674, 0.00234690944057, 4.09033578717, 0.00490216381525, 0.00330092137328, 1.48508954347
0, 7.0, 16, no_regularization, -0.0671122463503, 0.0975754574949, 0.687798428758, 0.0275985342295, 0.108721832552, 0.253845373848
0, 7.0, 17, no_regularization, -0.067130164278, 0.169756514396, 0.39544970935, 0.0260725543214, 0.155975339832, 0.167158182502
0, 7.0, 18, no_regularization, -0.0674666507215, 0.164348625165, 0.410509370881, 0.0337635654708, 0.206194501001, 0.163746197435
0, 7.0, 19, no_regularization, -0.0672079748254, 0.131893792305, 0.509561319385, 0.0223236958187, 0.135145950365, 0.165182129086
0, 7.0, 20, no_regularization, -0.0669636612196, 0.0939902061946, 0.712453604803, 0.0281663557961, 0.106379843861, 0.264771546694
0, 7.0, 16, regularization, -0.0670349747856, 0.0239153640317, 2.80300875608, 0.0316192753847, 0.00837344189298, 3.77613838954
0, 7.0, 17, regularization, -0.0670076160593, 0.0705565996721, 0.94970018922, 0.029040396926, 0.0422941484668, 0.686629190532
0, 7.0, 18, regularization, -0.0671975594144, 0.07402533621, 0.907764325768, 0.0331049120781, 0.156145400364, 0.212013367034
0, 7.0, 19, regularization, -0.0670646038895, 0.05720963335, 1.17226068343, 0.0276846002727, 0.0508841202573, 0.544071512541
0, 7.0, 20, regularization, -0.0672814484715, 0.0211974152048, 3.17404022242, 0.0322940970937, 0.0083531315092, 3.86610662817
0, 7.0, 26, no_regularization, -0.0432295020302, 0.26283100061, 0.164476419942, 0.0185610805646, 0.2276499344, 0.0815334325202
0, 7.0, 27, no_regularization, -0.0670762362028, 0.118601389236, 0.565560290945, 0.0268259853423, 0.114654602945, 0.233972162069
0, 7.0, 28, no_regularization, -0.0362201839942, 0.280795587813, 0.128991286068, -0.103423996211, 0.34887912202, 0.296446504485
0, 7.0, 29, no_regularization, -0.0514258397419, 0.28318771977, 0.181596291618, 0.0245906513675, 0.245986230789, 0.0999675928554
0, 7.0, 30, no_regularization, -0.0670467111001, 0.102845703674, 0.6519155269, 0.0290348293168, 0.106632083107, 0.272289806883
0, 7.0, 26, regularization, -0.0536988860381, 0.179431505592, 0.299272337157, 0.0173971381163, 0.123032740842, 0.14140250796
0, 7.0, 27, regularization, -0.0670493738709, 0.0329450133633, 2.03519036801, 0.0298828561806, 0.0386892211094, 0.772381953521
0, 7.0, 28, regularization, -0.0361160918229, 0.187096640896, 0.193034421408, -0.0949295808817, 0.302578140678, 0.313735753247
0, 7.0, 29, regularization, -0.0476802782919, 0.172751515182, 0.276004978837, 0.0267023703181, 0.104956930285, 0.254412645697
0, 7.0, 30, regularization, -0.0670473751391, 0.0219238907791, 3.05818779225, 0.0316379269504, 0.00755567694154, 4.18730541224
0, 9.0, 11, no_regularization, 0.00873788636893, 0.493460876439, 0.0177073538879, -0.100240702461, 0.803048699575, 0.124825184966
0, 9.0, 12, no_regularization, -0.0871826844645, 0.30395750417, 0.286825241254, 0.0397311796098, 0.264499098761, 0.150212911106
0, 9.0, 13, no_regularization, -0.013126095611, 0.597157126023, 0.021980974586, -0.00263702248098, 0.47143329069, 0.00559362805525
0, 9.0, 14, no_regularization, -0.0104720295536, 0.57957585075, 0.0180684366681, -0.0678708436208, 0.703708787153, 0.0964473442138
0, 9.0, 15, no_regularization, -0.0253008595082, 0.583581917569, 0.0433544267677, -0.0688399399548, 0.658644944201, 0.10451752581
0, 9.0, 11, regularization, 0.0110013528531, 0.414773737956, 0.0265237449875, -0.100041954812, 0.775524571741, 0.128999078118
0, 9.0, 12, regularization, -0.0867673101557, 0.225771702363, 0.38431437265, 0.0426887416506, 0.15639762603, 0.272950061547
0, 9.0, 13, regularization, -0.012749917813, 0.545447205363, 0.0233751638795, -0.00587033204496, 0.404333717346, 0.0145185320766
0, 9.0, 14, regularization, -0.0153748177366, 0.464727396567, 0.0330835191774, -0.0625025995602, 0.662021296732, 0.0944117657071
0, 9.0, 15, regularization, -0.0254577888538, 0.557345770989, 0.0456768314732, -0.0703665531536, 0.653301930418, 0.107709084999
0, 3.0, 26, no_regularization, -0.0287178864603, 0.0113525552341, 2.52964076088, 0.0150924741157, 0.0097657677393, 1.54544676042
0, 3.0, 27, no_regularization, -0.0287475471995, 0.00586436722685, 4.90207145757, 0.0145798379092, 0.0102900111107, 1.41689233882
0, 3.0, 28, no_regularization, -0.0287577895097, 0.00662794454729, 4.33886996255, 0.0149223269041, 0.0159238732359, 0.937104100434
0, 3.0, 29, no_regularization, -0.0287546013947, 0.011279161309, 2.54935634015, 0.0146207242444, 0.0190033197201, 0.769377375101
0, 3.0, 30, no_regularization, -0.0287368570544, 0.0173384622562, 1.6574051741, 0.0147438797165, 0.0122978825058, 1.19889580256
0, 3.0, 26, regularization, -0.0287267505099, 0.00578437611271, 4.96626601559, 0.0145714458018, 0.00556516199742, 2.61833272932
0, 3.0, 27, regularization, -0.0287455988693, 0.00564901947705, 5.0885997094, 0.0143478295567, 0.00509297976567, 2.81717780491
0, 3.0, 28, regularization, -0.0287597172067, 0.00573553604385, 5.01430328165, 0.014766961641, 0.00561187329073, 2.63137830738
0, 3.0, 29, regularization, -0.0287540355278, 0.00572048176292, 5.02650593421, 0.0145580834081, 0.00502908716973, 2.89477651049
0, 3.0, 30, regularization, -0.0287426257592, 0.00578105940399, 4.97186134075, 0.0144656922126, 0.00499640249048, 2.89522155996
0, 1.0, 11, no_regularization, -0.00958263142033, 0.00754175430138, 1.27061039612, 0.00447707289395, 0.00518687750121, 0.863153774676
0, 1.0, 12, no_regularization, -0.00957607275681, 0.00238456962171, 4.01584951416, 0.00462805397528, 0.0059024613946, 0.784088817508
0, 1.0, 13, no_regularization, -0.00959308110923, 0.0024031064275, 3.99195016893, 0.00440622462384, 0.00571793934151, 0.770596601446
0, 1.0, 14, no_regularization, -0.00956311559697, 0.00235453632448, 4.06157063602, 0.00438088251341, 0.00560126979807, 0.782123102678
0, 1.0, 15, no_regularization, -0.00957724413342, 0.0023252618149, 4.11878097858, 0.00444731825758, 0.00567877880857, 0.783146941887
0, 1.0, 11, regularization, -0.00958665948243, 0.00238030799931, 4.02748698287, 0.00483885528959, 0.00369243271289, 1.31047893512
0, 1.0, 12, regularization, -0.00958347315657, 0.00229246843132, 4.1804166311, 0.00499108263939, 0.00353133187371, 1.4133711636
0, 1.0, 13, regularization, -0.00960146338279, 0.00235560346254, 4.07601004816, 0.0048875615274, 0.00368946332696, 1.32473508862
0, 1.0, 14, regularization, -0.0095741784956, 0.00228500722404, 4.18999922401, 0.00482324893674, 0.00360062563412, 1.33955857311
0, 1.0, 15, regularization, -0.00958890820437, 0.00229654063105, 4.17537058772, 0.00497581014836, 0.0035434043771, 1.4042456403
0, 0.5, 21, no_regularization, -0.00477484741551, 0.00153096988889, 3.11883822808, 0.00235079115091, 0.00513901931879, 0.457439640733
0, 0.5, 22, no_regularization, -0.004785459028, 0.00156089037918, 3.06585208791, 0.00227261896183, 0.00493049857185, 0.460930863018
0, 0.5, 23, no_regularization, -0.004783074654, 0.00147691938637, 3.23854822284, 0.00250631057731, 0.00468117340041, 0.535402208578
0, 0.5, 24, no_regularization, -0.00478182969356, 0.00150943767355, 3.16795438284, 0.0023861462611, 0.00509702072579, 0.468145292999
0, 0.5, 25, no_regularization, -0.00480727424437, 0.00136834070309, 3.51321438697, 0.00238446702049, 0.00466356286238, 0.511297282969
0, 0.5, 21, regularization, -0.00477596248271, 0.00151379366388, 3.15496265883, 0.00168637303464, 0.00159591880392, 1.05667846666
0, 0.5, 22, regularization, -0.00478079020323, 0.0015857437451, 3.01485673079, 0.0015914989601, 0.00143244925973, 1.11103339214
0, 0.5, 23, regularization, -0.00477861992622, 0.00155051259614, 3.08196137079, 0.00198003396527, 0.0018435017352, 1.07406135154
0, 0.5, 24, regularization, -0.00478608053817, 0.00153936051721, 3.10913556938, 0.00175847885065, 0.00162685727546, 1.08090542248
0, 0.5, 25, regularization, -0.00479968724565, 0.0014712821765, 3.26224793741, 0.00176842494902, 0.00171867684329, 1.02894558446
0, 3.0, 21, no_regularization, -0.0287137560778, 0.00894889996724, 3.2086352717, 0.0149701108248, 0.00978140092045, 1.53046694912
0, 3.0, 22, no_regularization, -0.0287317989737, 0.0113608662792, 2.52901480114, 0.0146170779186, 0.0128320627085, 1.13910586712
0, 3.0, 23, no_regularization, -0.0287474492124, 0.0209469806511, 1.37239107112, 0.0152678352653, 0.0101052164402, 1.51088651644
0, 3.0, 24, no_regularization, -0.028732311476, 0.0212128553141, 1.35447638003, 0.0152600717391, 0.0203394014967, 0.750271424728
0, 3.0, 25, no_regularization, -0.0287489480108, 0.0109245423692, 2.63159288867, 0.0152206828171, 0.0127658943058, 1.19229271781
0, 3.0, 21, regularization, -0.0287169833565, 0.00585243385183, 4.90684458527, 0.0144143338412, 0.00513407332216, 2.80758238862
0, 3.0, 22, regularization, -0.0287380889596, 0.00581671194608, 4.9406072066, 0.0145368422832, 0.00528266855088, 2.75179904686
0, 3.0, 23, regularization, -0.0287508852071, 0.00577790949562, 4.97600130789, 0.0147316172304, 0.00559028371651, 2.63521817092
0, 3.0, 24, regularization, -0.0287340083105, 0.00572768244898, 5.01669018254, 0.0146924313023, 0.00538087694323, 2.73049011477
0, 3.0, 25, regularization, -0.0287583812249, 0.00571097470344, 5.03563449644, 0.0145925156403, 0.00551699439024, 2.64501186843
0, 5.0, 1, no_regularization, -0.0479110747028, 0.0538591741819, 0.889561999984, 0.0245989949883, 0.061846151591, 0.397744958344
0, 5.0, 2, no_regularization, -0.0479078978428, 0.0616263883444, 0.77739259317, 0.0236097368391, 0.0772123634253, 0.305776637208
0, 5.0, 3, no_regularization, -0.0479047428491, 0.0533818711614, 0.89739722132, 0.0242140324459, 0.0531689702293, 0.45541661502
0, 5.0, 4, no_regularization, -0.0478873903156, 0.0464805682316, 1.03026688652, 0.0234984009535, 0.0538110077407, 0.436683904281
0, 5.0, 5, no_regularization, -0.0479213368297, 0.0512937180225, 0.934253524159, 0.0231285853099, 0.0678838986184, 0.340707970236
0, 5.0, 1, regularization, -0.0479072498937, 0.0108961150423, 4.39672761419, 0.0237411746263, 0.00588918806847, 4.03131541229
0, 5.0, 2, regularization, -0.0478949710766, 0.0106968730895, 4.47747399413, 0.0235616041473, 0.00505041128974, 4.66528423045
0, 5.0, 3, regularization, -0.0478954711336, 0.00986971651563, 4.85277070094, 0.0232457640352, 0.00524529133446, 4.43173935496
0, 5.0, 4, regularization, -0.0479006686769, 0.0106988203879, 4.47719159124, 0.0235252506997, 0.00626930996589, 3.75244657349
0, 5.0, 5, regularization, -0.0479201936667, 0.0108904402699, 4.40020719816, 0.0232658389356, 0.0050572471742, 4.60049472255
0, 5.0, 16, no_regularization, -0.0479026168215, 0.0545706037107, 0.877809911642, 0.0247160819664, 0.0617464832034, 0.400283233703
0, 5.0, 17, no_regularization, -0.04787051647, 0.0506412160982, 0.945287656148, 0.0244839591283, 0.0520215520243, 0.470650301184
0, 5.0, 18, no_regularization, -0.0478932216729, 0.0569955821919, 0.840297086741, 0.0242748835259, 0.0663775543449, 0.365709218508
0, 5.0, 19, no_regularization, -0.0478942901078, 0.0407163644919, 1.1762909264, 0.0234410238913, 0.0599740797468, 0.390852581486
0, 5.0, 20, no_regularization, -0.0479364762088, 0.044735788989, 1.07154645737, 0.0237038959014, 0.0667518806504, 0.355104540433
0, 5.0, 16, regularization, -0.0478972456932, 0.0100327877727, 4.77407145236, 0.0232299161378, 0.00533346770228, 4.35549954261
0, 5.0, 17, regularization, -0.047871428439, 0.00996264505959, 4.80509223732, 0.0235311601463, 0.00519933189165, 4.52580459119
0, 5.0, 18, regularization, -0.0478943203946, 0.0104052299742, 4.60290839446, 0.0233777749087, 0.00567579997796, 4.11885108697
0, 5.0, 19, regularization, -0.0478928386602, 0.0103403369766, 4.63165163461, 0.0233397939283, 0.00587789374595, 3.97077506622
0, 5.0, 20, regularization, -0.0479151224109, 0.0103504540556, 4.6292773393, 0.0233807934354, 0.00576781598233, 4.05366494129
0, 1.0, 21, no_regularization, -0.00957090283025, 0.00240648499982, 3.97712964384, 0.00447370822298, 0.00577625274353, 0.774500081907
0, 1.0, 22, no_regularization, -0.00957139604942, 0.00241901302574, 3.95673605208, 0.00449442687904, 0.00524116906329, 0.857523736549
0, 1.0, 23, no_regularization, -0.00956779979866, 0.00229566424549, 4.16776966294, 0.00451663315477, 0.00581321536676, 0.776959543008
0, 1.0, 24, no_regularization, -0.00957236136783, 0.0023363784713, 4.09709363675, 0.00446614698688, 0.00581329096275, 0.768264828906
0, 1.0, 25, no_regularization, -0.00959351072922, 0.00227993748643, 4.20779551471, 0.00451925963769, 0.00540689974953, 0.835831964164
0, 1.0, 21, regularization, -0.00957538612693, 0.002359929835, 4.05748763582, 0.00496931644767, 0.00385689566309, 1.28842387292
0, 1.0, 22, regularization, -0.00958145622212, 0.00232985656541, 4.11246613391, 0.00490700776743, 0.00350553231548, 1.3997896256
0, 1.0, 23, regularization, -0.00957383275755, 0.0022667810004, 4.22353670508, 0.00497066926933, 0.00395745421505, 1.25602698078
0, 1.0, 24, regularization, -0.00958032853499, 0.00226352805266, 4.23247616646, 0.00480452441729, 0.00322810411051, 1.48834246134
0, 1.0, 25, regularization, -0.00959845387756, 0.0022423368226, 4.28055846956, 0.00491698105038, 0.0038242391875, 1.28574098253
0, 0.5, 1, no_regularization, -0.00479599399681, 0.00153779203431, 3.11875330981, 0.00249477146803, 0.00504890343827, 0.49412144608
0, 0.5, 2, no_regularization, -0.0047892038518, 0.00144150331497, 3.32236756035, 0.00250983043611, 0.00505431642843, 0.496571687121
0, 0.5, 3, no_regularization, -0.00479013360193, 0.00152257637806, 3.14607114031, 0.00234878536766, 0.00477669152755, 0.491718034148
0, 0.5, 4, no_regularization, -0.00477657103391, 0.00146979092399, 3.24983026902, 0.00231496907659, 0.0053142902855, 0.435612085946
0, 0.5, 5, no_regularization, -0.00479637416398, 0.00148657744297, 3.2264542871, 0.00218663250641, 0.00464859316217, 0.47038586302
0, 0.5, 1, regularization, -0.00479922449277, 0.00153640112013, 3.12367937636, 0.0018238807462, 0.00186123577773, 0.979929984166
0, 0.5, 2, regularization, -0.00479044618505, 0.00149752174506, 3.19891594286, 0.00184730291923, 0.00182898073286, 1.01001770333
0, 0.5, 3, regularization, -0.00478683015087, 0.00153139520469, 3.1257967481, 0.001671557368, 0.00153732262874, 1.0873172207
0, 0.5, 4, regularization, -0.0047755525808, 0.00153950278177, 3.10200971207, 0.00163077495484, 0.0017872486013, 0.912449982421
0, 0.5, 5, regularization, -0.00480264854825, 0.00152459932739, 3.15010538309, 0.00149772537198, 0.00146621412566, 1.02149157191
0, 5.0, 26, no_regularization, -0.047881498209, 0.0437123170772, 1.09537771984, 0.0237369770313, 0.0629571968994, 0.377033575196
0, 5.0, 27, no_regularization, -0.0478996313539, 0.0495260732201, 0.967159886491, 0.0237699926505, 0.0445183779219, 0.533936629323
0, 5.0, 28, no_regularization, -0.047908088391, 0.0563550526466, 0.850111678387, 0.0240394795351, 0.0464236672904, 0.517828102307
0, 5.0, 29, no_regularization, -0.0479123094256, 0.0449995548652, 1.06472851941, 0.0236371516321, 0.0658206603422, 0.35911447119
0, 5.0, 30, no_regularization, -0.0478785925057, 0.0356892213926, 1.34154208575, 0.0229261743982, 0.0509691252069, 0.449805138016
0, 5.0, 26, regularization, -0.0478916939695, 0.0108070475487, 4.43152431353, 0.0233411682164, 0.00642744068425, 3.63148714442
0, 5.0, 27, regularization, -0.0479003102222, 0.00918833048283, 5.21316797559, 0.0234592284257, 0.00498294133241, 4.70790781203
0, 5.0, 28, regularization, -0.0479089405727, 0.00940209744804, 5.09555881945, 0.0238978529937, 0.00647108236907, 3.69302253173
0, 5.0, 29, regularization, -0.0479054985162, 0.0114176936758, 4.19572462499, 0.0233768913035, 0.00518313611807, 4.5101827872
0, 5.0, 30, regularization, -0.0478789122427, 0.00946213622672, 5.06005315243, 0.0234793664583, 0.00476531247909, 4.9271409926
0, 1.0, 6, no_regularization, -0.00958681810499, 0.00235080333286, 4.07810299186, 0.00444338221276, 0.00549421985062, 0.808737606715
0, 1.0, 7, no_regularization, -0.00957434708873, 0.00235181220162, 4.07105086118, 0.00450916761625, 0.00581752878196, 0.775100181754
0, 1.0, 8, no_regularization, -0.00957983470251, 0.00248303776427, 3.85811075463, 0.00428463034846, 0.00574435582392, 0.745885261951
0, 1.0, 9, no_regularization, -0.00958732239286, 0.00246954316346, 3.88222507495, 0.00442510371045, 0.00569362504666, 0.77720321837
0, 1.0, 10, no_regularization, -0.00956572148901, 0.0024034261227, 3.98003558281, 0.00445271718769, 0.00592148745192, 0.751959237242
0, 1.0, 6, regularization, -0.00958922341362, 0.0022997124288, 4.16974891883, 0.00491041163228, 0.00349588631429, 1.40462566309
0, 1.0, 7, regularization, -0.00958393929402, 0.00231218749594, 4.14496631906, 0.00483369205708, 0.00369783532668, 1.30716801319
0, 1.0, 8, regularization, -0.00957405679582, 0.0023997052916, 3.98968024504, 0.00466761147466, 0.00363921927129, 1.2825859413
0, 1.0, 9, regularization, -0.00959564206762, 0.00238938789927, 4.01594151813, 0.00482680793234, 0.0037003147469, 1.30443172068
0, 1.0, 10, regularization, -0.00957814027888, 0.00233908475404, 4.09482395297, 0.00494109906139, 0.00391057015026, 1.2635239547
