cosine_window_sim, strain percent, trial, regularization, mean axial strain, axial strain std, axial strain SNRe, mean lateral strain, lateral strain std, lateral strain SNRe
0, 5.0, 16, no_regularization, -0.0479025527846, 0.0545605224491, 0.877970932724, 0.0247089871078, 0.061743925317, 0.400184908571
0, 5.0, 17, no_regularization, -0.0478703211945, 0.0506434692547, 0.94524174388, 0.0245036222671, 0.0519081754343, 0.472057090471
0, 5.0, 18, no_regularization, -0.0478932345171, 0.0557076828051, 0.859724047123, 0.0242660070502, 0.0673933610809, 0.360065244721
0, 5.0, 19, no_regularization, -0.0478942075706, 0.0407197702679, 1.17619051521, 0.0234451514509, 0.0599565277087, 0.391035844584
0, 5.0, 20, no_regularization, -0.0479369773228, 0.0447238741721, 1.07184313099, 0.0236989643917, 0.0670352356298, 0.353529963295
0, 5.0, 16, regularization, -0.047897213944, 0.0100350097825, 4.77301118603, 0.0232350250534, 0.00532195332805, 4.36588290448
0, 5.0, 17, regularization, -0.0478713456733, 0.00995996952264, 4.80637471475, 0.0235358119606, 0.00519692399769, 4.52879664414
0, 5.0, 18, regularization, -0.0478942944988, 0.0104026136228, 4.60406357819, 0.0233853762602, 0.00565898660404, 4.13243181095
0, 5.0, 19, regularization, -0.0478924436138, 0.0103339730486, 4.63446569763, 0.0233482131185, 0.00585550455573, 3.98739560295
0, 5.0, 20, regularization, -0.0479151096287, 0.010353850031, 4.62775774086, 0.0233903094809, 0.00574434741988, 4.0718828043
0, 9.0, 26, no_regularization, -0.0866790857468, 0.16319167666, 0.531148937989, 0.0319329721927, 0.159818753716, 0.199807415903
0, 9.0, 27, no_regularization, 0.0143206953835, 0.588890695315, 0.0243180873758, -0.0695875365409, 0.717499556834, 0.0969861735496
0, 9.0, 28, no_regularization, 0.0135449700613, 0.328682958348, 0.0412098337237, -0.26466365078, 0.566060033536, 0.467554031552
0, 9.0, 29, no_regularization, 0.00426711152651, 0.477807314572, 0.00893061155903, -0.273868855323, 0.740204142558, 0.369990978944
0, 9.0, 30, no_regularization, -0.0569819241743, 0.44385821019, 0.128378664326, -0.0966083517458, 0.495375258227, 0.195020542793
0, 9.0, 26, regularization, -0.0868395763798, 0.0605319960723, 1.43460619201, 0.0360809992984, 0.0663023993845, 0.544188440138
0, 9.0, 27, regularization, 0.0136542040503, 0.500089184364, 0.0273035380033, -0.0618232987965, 0.694583391663, 0.0890077412425
0, 9.0, 28, regularization, 0.0126628079629, 0.250750909257, 0.0504995495346, -0.261142017339, 0.53291795871, 0.490022925801
0, 9.0, 29, regularization, 0.00439600985728, 0.383141241039, 0.0114736013418, -0.266553920758, 0.725386095858, 0.367464888395
0, 9.0, 30, regularization, -0.0528752889049, 0.38373106092, 0.137792569562, -0.0809840329776, 0.432437777695, 0.187273261391
0, 9.0, 11, no_regularization, 0.00871009438848, 0.492272049124, 0.0176936602514, -0.10020561862, 0.836962114699, 0.119725393612
0, 9.0, 12, no_regularization, -0.0873651905793, 0.303976473814, 0.287407737457, 0.0393743456319, 0.267449267714, 0.14722173655
0, 9.0, 13, no_regularization, -0.0473405436792, 0.776757451316, 0.0609463656885, 0.0125243520326, 0.400525671931, 0.0312697859595
0, 9.0, 14, no_regularization, -0.0102659367123, 0.579936897557, 0.0177018167934, -0.0650671949586, 0.703468049322, 0.0924948830601
0, 9.0, 15, no_regularization, -0.0251770569276, 0.584149665206, 0.0431003532608, -0.0681324438385, 0.658891872167, 0.103404589913
0, 9.0, 11, regularization, 0.0124019041695, 0.411311870913, 0.0301520696252, -0.0994194094071, 0.806366883172, 0.12329302143
0, 9.0, 12, regularization, -0.0864706654056, 0.226743418066, 0.381359098064, 0.0430706780352, 0.160751625417, 0.267933079516
0, 9.0, 13, regularization, -0.046063081964, 0.738220840144, 0.0623974283291, 0.00719455571034, 0.349702845409, 0.020573340494
0, 9.0, 14, regularization, -0.0160222895174, 0.463590366809, 0.0345613081387, -0.0602653251859, 0.663111223135, 0.0908826801347
0, 9.0, 15, regularization, -0.0254361892654, 0.556330522884, 0.0457213620664, -0.0696532611088, 0.651715231476, 0.106876834766
0, 7.0, 16, no_regularization, -0.0671363479468, 0.0923352583684, 0.727093302528, 0.0274674327207, 0.106388278797, 0.258181004818
0, 7.0, 17, no_regularization, -0.0671311450361, 0.17111683462, 0.39231175112, 0.0260968530868, 0.155516398064, 0.16780772582
0, 7.0, 18, no_regularization, -0.0674666238806, 0.164393675867, 0.410396710974, 0.0337692239483, 0.206330126259, 0.163665987903
0, 7.0, 19, no_regularization, -0.0672083580094, 0.116212636102, 0.578322291479, 0.0248575904261, 0.123056418853, 0.202001575031
0, 7.0, 20, no_regularization, -0.0669530399716, 0.0912654062293, 0.733608085887, 0.0290252718334, 0.102463089665, 0.283275391443
0, 7.0, 16, regularization, -0.0670321599329, 0.0230497564741, 2.90815046173, 0.0315500100374, 0.00836632622957, 3.77107097807
0, 7.0, 17, regularization, -0.0670077734948, 0.0705715954856, 0.949500617547, 0.0290410304909, 0.0422628360296, 0.687152903572
0, 7.0, 18, regularization, -0.067197069117, 0.0740491897655, 0.907465285304, 0.0331086138701, 0.156229724193, 0.211922628944
0, 7.0, 19, regularization, -0.0670647042944, 0.0369291048745, 1.81603926015, 0.028369622664, 0.041413910557, 0.685026414614
0, 7.0, 20, regularization, -0.0672506473518, 0.0206546648802, 3.25595441716, 0.032203504761, 0.00827417920531, 3.89204825783
0, 11.0, 16, no_regularization, -0.0395696610743, 0.484854861285, 0.0816113526622, -0.13928579031, 0.697222183941, 0.199772459222
0, 11.0, 17, no_regularization, 0.0105427176498, 0.528204853028, 0.0199595243955, -0.0187278397143, 0.704151417517, 0.026596324666
0, 11.0, 18, no_regularization, -0.0092648764717, 0.51688222214, 0.0179245407848, 0.00318780284387, 0.557295178257, 0.00572013354546
0, 11.0, 19, no_regularization, -0.000315662450478, 0.544478184177, 0.000579752246557, -0.126212543526, 0.938166588046, 0.134531057847
0, 11.0, 20, no_regularization, 0.0109245891694, 0.587020677013, 0.018610228902, -0.0978828762344, 0.779212220836, 0.125617737526
0, 11.0, 16, regularization, -0.0318409325099, 0.37499249999, 0.0849108515792, -0.140368800311, 0.6451420297, 0.217578136052
0, 11.0, 17, regularization, 0.0115856639445, 0.434828159671, 0.0266442356293, -0.0156012401703, 0.662415034501, 0.0235520623139
0, 11.0, 18, regularization, -0.00738194655635, 0.427087767463, 0.017284378338, 0.00308028358393, 0.528558938731, 0.00582770124242
0, 11.0, 19, regularization, -0.000125136389222, 0.467310255732, 0.000267780104732, -0.122603533812, 0.880921317458, 0.13917648646
0, 11.0, 20, regularization, 0.0141663079111, 0.55902542728, 0.0253410797073, -0.0875071169981, 0.766792316072, 0.11412101447
0, 11.0, 11, no_regularization, 0.0160262280871, 0.522622914577, 0.0306649931339, -0.0757404313813, 0.788814196864, 0.0960180885212
0, 11.0, 12, no_regularization, -0.0381471696286, 0.55141732359, 0.0691802161388, -0.128700362291, 0.862796908766, 0.149166461984
0, 11.0, 13, no_regularization, 0.00977897319077, 0.504086082552, 0.0193994111904, -0.13699712052, 0.787831809999, 0.173891329064
0, 11.0, 14, no_regularization, 0.00689152733849, 0.569713043032, 0.0120964886144, -0.228889770305, 0.762076667044, 0.300350056895
0, 11.0, 15, no_regularization, -0.0350530870236, 0.523825957297, 0.0669174303703, -0.119802183229, 0.819832730577, 0.146130032091
0, 11.0, 11, regularization, 0.0170032943205, 0.445636177454, 0.0381551031553, -0.0873537792908, 0.77304157023, 0.113000105887
0, 11.0, 12, regularization, -0.0375747630652, 0.487752578185, 0.0770365237332, -0.134582480213, 0.797457621068, 0.168764429178
0, 11.0, 13, regularization, 0.0066214939522, 0.452038701394, 0.0146480686981, -0.130055462794, 0.73943854371, 0.17588407299
0, 11.0, 14, regularization, 0.0106037590614, 0.522170739381, 0.0203070724988, -0.222879360408, 0.73934203374, 0.30145636287
0, 11.0, 15, regularization, -0.0320551484219, 0.438886994023, 0.0730373623699, -0.120334278922, 0.769156639568, 0.156449639425
0, 5.0, 26, no_regularization, -0.0478806690715, 0.0437211310992, 1.09513793142, 0.0237362250591, 0.0629123970761, 0.37729010755
0, 5.0, 27, no_regularization, -0.0478993805176, 0.0495194168412, 0.967284826298, 0.0237664934736, 0.0445093453373, 0.53396636804
0, 5.0, 28, no_regularization, -0.0479083195231, 0.0563329779123, 0.850448907524, 0.0240694480002, 0.0462291467465, 0.520655250943
0, 5.0, 29, no_regularization, -0.0479119376973, 0.044972829584, 1.06535297291, 0.0236157115301, 0.0660104616441, 0.35775710307
0, 5.0, 30, no_regularization, -0.0478784683408, 0.0356841630969, 1.34172877225, 0.0229349443452, 0.0509367538336, 0.450263171858
0, 5.0, 26, regularization, -0.0478914281847, 0.0103410090365, 4.63121422827, 0.0233481777753, 0.00640107943086, 3.64753757979
0, 5.0, 27, regularization, -0.0479000326936, 0.00918601948314, 5.21444928149, 0.0234682518996, 0.00496822026261, 4.72367380251
0, 5.0, 28, regularization, -0.0479092347246, 0.00940139342873, 5.0959716863, 0.0239072039196, 0.00646398727172, 3.69852274063
0, 5.0, 29, regularization, -0.0479053068727, 0.0114250333903, 4.19301241724, 0.0233867241988, 0.00517840245528, 4.51620444738
0, 5.0, 30, regularization, -0.0478785171988, 0.00945744844506, 5.06251950269, 0.0234847179565, 0.00474705042434, 4.94722319277
0, 0.5, 6, no_regularization, -0.00479176983557, 0.00155518841905, 3.08115066758, 0.00217933922778, 0.00491105313684, 0.443762094821
0, 0.5, 7, no_regularization, -0.00477778173534, 0.00149688381151, 3.19181869602, 0.00238761672849, 0.00499360482016, 0.478134897429
0, 0.5, 8, no_regularization, -0.00478698164127, 0.0014665771606, 3.26405031381, 0.00221084113876, 0.00493619410421, 0.44788375256
0, 0.5, 9, no_regularization, -0.00479328138325, 0.001429505543, 3.35310444, 0.00231277229095, 0.00467779279277, 0.494415292299
0, 0.5, 10, no_regularization, -0.00478722413204, 0.00152665069603, 3.13576913468, 0.00233682067659, 0.00486426251678, 0.480405954352
0, 0.5, 6, regularization, -0.00479071441446, 0.00158407964372, 3.02428885659, 0.00157477298354, 0.00148116795713, 1.06319676709
0, 0.5, 7, regularization, -0.00478016772412, 0.00156112011614, 3.06201148439, 0.00172672353302, 0.00191517063528, 0.901602970104
0, 0.5, 8, regularization, -0.00478883842619, 0.0015248608107, 3.14050855829, 0.00170197327914, 0.00158543744436, 1.07350389963
0, 0.5, 9, regularization, -0.00478838938051, 0.00150311869616, 3.18563623269, 0.0017572530293, 0.00168707046179, 1.04160025861
0, 0.5, 10, regularization, -0.00478039500869, 0.00158386314716, 3.01818690412, 0.00174087906943, 0.00166294703961, 1.04686380743
0, 1.0, 26, no_regularization, -0.00958541724157, 0.00247955349105, 3.86578360828, 0.00450022492033, 0.00576086580062, 0.781171628723
0, 1.0, 27, no_regularization, -0.00959574347916, 0.00233384539765, 4.11155918417, 0.0043482044634, 0.0057249521568, 0.759518043873
0, 1.0, 28, no_regularization, -0.00959379658914, 0.00235570385766, 4.07258177124, 0.00453951297523, 0.00540998446509, 0.839099077737
0, 1.0, 29, no_regularization, -0.00956553662244, 0.00234323387471, 4.08219457976, 0.00450049452237, 0.00595559058217, 0.755675606018
0, 1.0, 30, no_regularization, -0.00956422622898, 0.00237748413468, 4.02283493271, 0.00462951358356, 0.0055323470918, 0.836808231071
0, 1.0, 26, regularization, -0.00958844237878, 0.00239437347471, 4.00457258654, 0.00488916152037, 0.00361824051, 1.35125387791
0, 1.0, 27, regularization, -0.00959710078287, 0.0022928088557, 4.18573958269, 0.0047497330925, 0.00362510610523, 1.31023284688
0, 1.0, 28, regularization, -0.00960815910746, 0.00231328747778, 4.15346523065, 0.0049012480901, 0.00345085441281, 1.42029987469
0, 1.0, 29, regularization, -0.00957184511462, 0.00224904021956, 4.25596884901, 0.00492852503179, 0.00386270435157, 1.27592603089
0, 1.0, 30, regularization, -0.00956560375956, 0.00231998809586, 4.12312622493, 0.00492696887103, 0.00333942465205, 1.47539453181
0, 1.0, 1, no_regularization, -0.00957845710522, 0.00231873938175, 4.13088990535, 0.00448476161473, 0.00569202783031, 0.787902264084
0, 1.0, 2, no_regularization, -0.00958244474535, 0.00235486149873, 4.06921797758, 0.00466177122227, 0.00540663829625, 0.862231014326
0, 1.0, 3, no_regularization, -0.00957730215202, 0.00230897708561, 4.14785500111, 0.00461078908782, 0.00568855092223, 0.810538421974
0, 1.0, 4, no_regularization, -0.00959449262107, 0.00246970610045, 3.88487221995, 0.00441365766954, 0.00584023821891, 0.755732472563
0, 1.0, 5, no_regularization, -0.00959661612981, 0.00244965700913, 3.91753461568, 0.00444117370408, 0.00559345472983, 0.793994752545
0, 1.0, 1, regularization, -0.00958386272655, 0.00230052276542, 4.16594996173, 0.00491387402198, 0.00353135888642, 1.39149663912
0, 1.0, 2, regularization, -0.00958776078313, 0.00228558204559, 4.19488803808, 0.0050205768142, 0.00343412099866, 1.46196852591
0, 1.0, 3, regularization, -0.00957474410547, 0.00224127219564, 4.27201306655, 0.00499379012135, 0.00363730343703, 1.3729374543
0, 1.0, 4, regularization, -0.00958122660737, 0.00228232711416, 4.19800761596, 0.00484888858706, 0.00339894129084, 1.42658792022
0, 1.0, 5, regularization, -0.00959927484716, 0.00234174913811, 4.09919008443, 0.00488387375506, 0.00321025462243, 1.52133532366
0, 7.0, 21, no_regularization, -0.0668143136407, 0.0802458357702, 0.83262032228, 0.0294363250554, 0.109999654859, 0.267603794694
0, 7.0, 22, no_regularization, -0.0691009310845, 0.117985140803, 0.585674862226, 0.0282574610639, 0.150578144481, 0.187659777329
0, 7.0, 23, no_regularization, -0.0670972272768, 0.0877993433198, 0.764211037803, 0.0302740533367, 0.0856074276741, 0.353638161538
0, 7.0, 24, no_regularization, -0.0234170993207, 0.314624039532, 0.0744288305356, -0.00066039850754, 0.253921932691, 0.00260079348223
0, 7.0, 25, no_regularization, -0.0454994012409, 0.221492189163, 0.2054221479, 0.0255639331184, 0.189475522311, 0.13491944926
0, 7.0, 21, regularization, -0.0668677080776, 0.0202751034645, 3.29802055978, 0.0314315312503, 0.00889179046333, 3.53489338057
0, 7.0, 22, regularization, -0.0671943874538, 0.0466497755403, 1.44040108823, 0.0288786410748, 0.0816271970979, 0.353786998715
0, 7.0, 23, regularization, -0.0670504932415, 0.0213809248065, 3.13599593322, 0.0319724466559, 0.00790918364893, 4.04244585473
0, 7.0, 24, regularization, -0.0212954957472, 0.26365709509, 0.0807696669033, 0.00375415063887, 0.173719282763, 0.021610442889
0, 7.0, 25, regularization, -0.0472860209148, 0.143054966371, 0.330544420193, 0.0284738537683, 0.119725238792, 0.237826660908
0, 0.5, 11, no_regularization, -0.00480570999192, 0.00665848481679, 0.721742276832, 0.00236312097803, 0.00471399580271, 0.501298914326
0, 0.5, 12, no_regularization, -0.00480690738907, 0.00152372377274, 3.1547105027, 0.00241193782103, 0.00506821113485, 0.47589529261
0, 0.5, 13, no_regularization, -0.00479120172459, 0.00163889889018, 2.92342727993, 0.00229503292179, 0.0049762718459, 0.461195246735
0, 0.5, 14, no_regularization, -0.00476848489534, 0.00147927949378, 3.2235185544, 0.00225491477531, 0.00491130947314, 0.459126998134
0, 0.5, 15, no_regularization, -0.00479715850337, 0.00150679921923, 3.18367466756, 0.00238803455395, 0.00471892722481, 0.506054541674
0, 0.5, 11, regularization, -0.00480292305508, 0.00154634649188, 3.10598114995, 0.00172758591356, 0.00150187472036, 1.15028629895
0, 0.5, 12, regularization, -0.00480393487215, 0.00156955161112, 3.06070526011, 0.00178254718127, 0.00164898523848, 1.08099644537
0, 0.5, 13, regularization, -0.0047884660192, 0.00161258242681, 2.96943953971, 0.00168718279269, 0.00177565950541, 0.950172478198
0, 0.5, 14, regularization, -0.00476654102371, 0.00157981480021, 3.01715177188, 0.00158265461926, 0.00188644551127, 0.838961215577
0, 0.5, 15, regularization, -0.0047926565463, 0.00155656921225, 3.07898711382, 0.00171399961631, 0.00169414882079, 1.01171726785
0, 9.0, 6, no_regularization, -0.0619957947634, 0.287575221082, 0.215581142666, 0.02299401661, 0.299466568457, 0.0767832507264
0, 9.0, 7, no_regularization, 0.00251368333997, 0.631297825816, 0.0039817709442, -0.0690013384393, 0.639123214139, 0.107962497548
0, 9.0, 8, no_regularization, -0.0318818898884, 0.505852515284, 0.0630260578432, 0.0371635510516, 0.644318565152, 0.0576788456234
0, 9.0, 9, no_regularization, -0.0345510642455, 0.269086888762, 0.128401143603, 0.0250327971747, 0.270872729383, 0.0924153466155
0, 9.0, 10, no_regularization, 0.00661928778205, 0.5226128634, 0.0126657574767, -0.0352527847697, 0.830463285137, 0.0424495403958
0, 9.0, 6, regularization, -0.0618724393393, 0.177873215818, 0.347845734136, 0.0289527218502, 0.214623948575, 0.134899772567
0, 9.0, 7, regularization, -0.00147519309619, 0.563130172322, 0.00261963071541, -0.0730204140821, 0.61382269093, 0.118960108776
0, 9.0, 8, regularization, -0.0314499323622, 0.420832626905, 0.074732637993, 0.0408401930588, 0.58553580503, 0.0697484128347
0, 9.0, 9, regularization, -0.0367990313249, 0.187938417289, 0.195803667264, 0.0255540821554, 0.192997952956, 0.13240597511
0, 9.0, 10, regularization, 0.0110619424483, 0.448145696918, 0.0246838082445, -0.0442771254185, 0.775917839378, 0.0570641931032
0, 3.0, 26, no_regularization, -0.0287174669101, 0.0113553863229, 2.52897313165, 0.0151017344081, 0.00975986321025, 1.54733053966
0, 3.0, 27, no_regularization, -0.0287472290332, 0.00586503556226, 4.90145860635, 0.0146159019158, 0.0101387632246, 1.44158627556
0, 3.0, 28, no_regularization, -0.0287580637917, 0.00663047394712, 4.33725613298, 0.0149365802627, 0.0159282895526, 0.937739122166
0, 3.0, 29, no_regularization, -0.0287546055374, 0.0112810819202, 2.54892267787, 0.0146284907483, 0.0189789978387, 0.770772559888
0, 3.0, 30, no_regularization, -0.0287368716421, 0.0173433781969, 1.65693622752, 0.0147497873862, 0.012292789984, 1.19987304798
0, 3.0, 26, regularization, -0.0287265004114, 0.00578726764936, 4.96374146694, 0.0145635557859, 0.00544540479909, 2.6744670641
0, 3.0, 27, regularization, -0.0287454119025, 0.00565092439043, 5.08685126829, 0.01434016015, 0.00496819140266, 2.88639446183
0, 3.0, 28, regularization, -0.0287596523363, 0.00573769969535, 5.01240111253, 0.0147584713914, 0.00549592069779, 2.68535013565
0, 3.0, 29, regularization, -0.0287540062793, 0.00572230539852, 5.02489893089, 0.0145513741586, 0.00490266129371, 2.96805618149
0, 3.0, 30, regularization, -0.0287425517258, 0.00578306909219, 4.97012075553, 0.0144552114869, 0.00486421629385, 2.97174521313
0, 11.0, 1, no_regularization, 0.0204922578491, 0.503809979504, 0.0406745770882, -0.0941944619219, 0.770578273459, 0.122238668239
0, 11.0, 2, no_regularization, 0.0600536849145, 0.720318664708, 0.0833709965558, -0.0528871690552, 0.561377232157, 0.0942096793843
0, 11.0, 3, no_regularization, -0.0161584840135, 0.55646673571, 0.0290376458764, -0.137262079785, 0.758081662799, 0.181065031012
0, 11.0, 4, no_regularization, 0.0111519259274, 0.502816948629, 0.022178898221, -0.027753040499, 0.767065990459, 0.0361807730289
0, 11.0, 5, no_regularization, -0.0165781185016, 0.533646670687, 0.0310657208453, -0.133174983045, 0.80373803304, 0.165694514345
0, 11.0, 1, regularization, 0.0153252285114, 0.439180030714, 0.0348950941292, -0.093339507201, 0.701502407517, 0.133056574291
0, 11.0, 2, regularization, 0.0637146852184, 0.6690579094, 0.0952304491483, -0.0578299383093, 0.518733168962, 0.111483016259
0, 11.0, 3, regularization, -0.0122246498003, 0.455383014709, 0.0268447645289, -0.147411364002, 0.715978902079, 0.205887860067
0, 11.0, 4, regularization, 0.00871182860856, 0.413449045767, 0.0210711058539, -0.0242038320536, 0.71653024502, 0.0337792189818
0, 11.0, 5, regularization, -0.0141933016246, 0.432290587879, 0.0328327796686, -0.130504323443, 0.752224309486, 0.173491233661
0, 7.0, 6, no_regularization, -0.0672012031943, 0.102701046218, 0.654338058556, 0.0306223991147, 0.106438172036, 0.287701287318
0, 7.0, 7, no_regularization, -0.0536249659129, 0.215013112844, 0.24940323501, 0.0270557748918, 0.200725586825, 0.134789865706
0, 7.0, 8, no_regularization, -0.0664453752939, 0.0995979900104, 0.667135705118, 0.0270259987048, 0.106684028238, 0.253327505074
0, 7.0, 9, no_regularization, -0.0671091244933, 0.0933386140608, 0.718985654207, 0.0296458969051, 0.102729848911, 0.288581139946
0, 7.0, 10, no_regularization, -0.0509174187601, 0.209830842299, 0.242659364097, 0.0249951807966, 0.182309152356, 0.137103269219
0, 7.0, 6, regularization, -0.0670163037235, 0.0468889942486, 1.4292544508, 0.0315619966911, 0.0281573229431, 1.12091610253
0, 7.0, 7, regularization, -0.0556985874342, 0.0926455259547, 0.601201049487, 0.0292268761576, 0.0973228772198, 0.300308385783
0, 7.0, 8, regularization, -0.0669680453671, 0.0222109161616, 3.01509604016, 0.0305087106517, 0.0179038725882, 1.70402858384
0, 7.0, 9, regularization, -0.0670855087178, 0.0244795716345, 2.7404690621, 0.0316292303832, 0.00839634857062, 3.76702207123
0, 7.0, 10, regularization, -0.054567617781, 0.106480679183, 0.512464967351, 0.0301948540533, 0.0639002215847, 0.472531288695
0, 5.0, 1, no_regularization, -0.0479114642224, 0.053844853531, 0.889805823221, 0.0245987363577, 0.0618016042269, 0.398027472999
0, 5.0, 2, no_regularization, -0.0479071333512, 0.0616263153285, 0.77738110896, 0.0236045757618, 0.0771191491634, 0.306079307381
0, 5.0, 3, no_regularization, -0.0479042285499, 0.0533933057602, 0.897195404328, 0.02421203334, 0.0531782783827, 0.455299307845
0, 5.0, 4, no_regularization, -0.0478874554455, 0.0464903788141, 1.03005087648, 0.0235227197961, 0.0535984283044, 0.438869581445
0, 5.0, 5, no_regularization, -0.0479210658136, 0.0512661131431, 0.934751298189, 0.023124322152, 0.0677922104187, 0.341105888261
0, 5.0, 1, regularization, -0.0479071926968, 0.0108957300481, 4.39687772048, 0.0237499507457, 0.00589054483136, 4.0318767492
0, 5.0, 2, regularization, -0.0478947412577, 0.0107206126686, 4.4675376994, 0.0235700195781, 0.00504236957955, 4.67439349818
0, 5.0, 3, regularization, -0.0478952739996, 0.00987666291051, 4.84933772, 0.0232527586868, 0.00522744604258, 4.44820635113
0, 5.0, 4, regularization, -0.0479004995344, 0.0106979565461, 4.47753730612, 0.0235310936353, 0.0062568697017, 3.76084124444
0, 5.0, 5, regularization, -0.0479200374559, 0.0108924703234, 4.39937278075, 0.0232723037402, 0.00504883543979, 4.60943994269
0, 7.0, 1, no_regularization, -0.0387857911563, 0.272778869714, 0.142187667237, 0.0418587112452, 0.285475444337, 0.146628062328
0, 7.0, 2, no_regularization, -0.0493223575835, 0.215087069574, 0.229313448182, 0.0200603305061, 0.215036288277, 0.0932881174003
0, 7.0, 3, no_regularization, -0.0671170985299, 0.0990922824114, 0.677319130174, 0.0328278931345, 0.0985084119808, 0.333249643095
0, 7.0, 4, no_regularization, -0.0661731971363, 0.124945671954, 0.529615761004, 0.0286997729116, 0.175427853193, 0.163598723858
0, 7.0, 5, no_regularization, -0.0518958991559, 0.187257339798, 0.277136795877, 0.0251528099938, 0.180899890619, 0.139042704269
0, 7.0, 1, regularization, -0.0403781932244, 0.15897043458, 0.253998130728, 0.0366841472872, 0.166976101796, 0.21969699192
0, 7.0, 2, regularization, -0.04774437455, 0.124764308879, 0.38267654411, 0.0256526130602, 0.12220357886, 0.209917035978
0, 7.0, 3, regularization, -0.0670943119003, 0.0215782088279, 3.10935501808, 0.0319423006826, 0.00965225030802, 3.30931126559
0, 7.0, 4, regularization, -0.0637700734632, 0.0425974937399, 1.49703815564, 0.0315948715715, 0.137908407805, 0.229100401305
0, 7.0, 5, regularization, -0.0524774074119, 0.1027628677, 0.510665073739, 0.0313564723135, 0.0837681328425, 0.374324593966
0, 5.0, 6, no_regularization, -0.0478809924312, 0.0440748460301, 1.08635643102, 0.0239336222253, 0.0503098447849, 0.475724429833
0, 5.0, 7, no_regularization, -0.0479033028036, 0.0462091656572, 1.03666236173, 0.0243841792625, 0.0606014627295, 0.402369483577
0, 5.0, 8, no_regularization, -0.0478408916888, 0.0385328707724, 1.24156053598, 0.0234640026653, 0.0626304752827, 0.374641938439
0, 5.0, 9, no_regularization, -0.0479182071911, 0.0416186408481, 1.15136405742, 0.0230696332242, 0.061090420361, 0.377630945865
0, 5.0, 10, no_regularization, -0.0478693039021, 0.0649964662774, 0.736490868562, 0.0244870912446, 0.0563246996925, 0.434748722643
0, 5.0, 6, regularization, -0.0478857436372, 0.00995335749596, 4.81101413836, 0.0233527429843, 0.00543122238886, 4.29972137253
0, 5.0, 7, regularization, -0.0478978984717, 0.0106989609732, 4.47687383773, 0.0236576872049, 0.00534856467132, 4.42318428564
0, 5.0, 8, regularization, -0.0478517931729, 0.00992550956942, 4.82109183798, 0.0232423461523, 0.00536536460251, 4.33192296781
0, 5.0, 9, regularization, -0.0479090943544, 0.0114863720233, 4.17095095451, 0.0234564177535, 0.00544141452818, 4.31072060987
0, 5.0, 10, regularization, -0.0478695453874, 0.0102596046549, 4.66582748532, 0.023419271755, 0.00612327363986, 3.82463256297
0, 3.0, 21, no_regularization, -0.0287134390206, 0.0089497766396, 3.20828554464, 0.0149760368967, 0.00979476903135, 1.52898315915
0, 3.0, 22, no_regularization, -0.0287315797222, 0.0113643188554, 2.52822717207, 0.0146292957968, 0.0128062261925, 1.14235806684
0, 3.0, 23, no_regularization, -0.0287475329464, 0.0209492152833, 1.37224867651, 0.0152785856632, 0.0101266314412, 1.50875300952
0, 3.0, 24, no_regularization, -0.0287323093828, 0.021216965763, 1.35421387317, 0.0152708915582, 0.0203394859529, 0.750800270642
0, 3.0, 25, no_regularization, -0.0287495056308, 0.0109227440835, 2.632077197, 0.0152286657009, 0.012769030242, 1.19262507899
0, 3.0, 21, regularization, -0.0287170975534, 0.00585501995587, 4.90469678496, 0.0144083438969, 0.00500051175516, 2.88137386779
0, 3.0, 22, regularization, -0.0287377748773, 0.00581889187213, 4.93870233523, 0.0145266903579, 0.00515175961986, 2.8197531387
0, 3.0, 23, regularization, -0.0287508944176, 0.00577917406268, 4.97491408041, 0.0147238004305, 0.00547210627218, 2.69070074632
0, 3.0, 24, regularization, -0.0287337597354, 0.00572907205479, 5.015429979, 0.0146861147285, 0.00525791927633, 2.7931419173
0, 3.0, 25, regularization, -0.028758493551, 0.00571352036709, 5.03341052509, 0.0145855229254, 0.0053884722366, 2.70680116459
0, 3.0, 11, no_regularization, -0.0287511711073, 0.0143158947729, 2.00833909186, 0.014948938152, 0.00940499554349, 1.5894678613
0, 3.0, 12, no_regularization, -0.0287203270898, 0.0106773895602, 2.68982665921, 0.0148485513554, 0.0179733159324, 0.826144235778
0, 3.0, 13, no_regularization, -0.0287359801488, 0.00617388604275, 4.6544396754, 0.014851668488, 0.00895243146195, 1.65895360954
0, 3.0, 14, no_regularization, -0.0286913396684, 0.0111680999695, 2.56904395079, 0.0143014586295, 0.0133980869458, 1.0674254233
0, 3.0, 15, no_regularization, -0.0287380719967, 0.0114162670017, 2.51729150977, 0.0149269810404, 0.0130450725714, 1.14426201608
0, 3.0, 11, regularization, -0.0287504239457, 0.00589786373023, 4.87471824727, 0.0144476802321, 0.00509099814298, 2.83788754706
0, 3.0, 12, regularization, -0.0287168379009, 0.00572281831941, 5.01795379447, 0.0146580097972, 0.0050603503086, 2.89663934378
0, 3.0, 13, regularization, -0.0287371721655, 0.00592218044421, 4.85246480351, 0.0142809490057, 0.00506699395038, 2.81842629882
0, 3.0, 14, regularization, -0.0287013412711, 0.00579066590353, 4.95648371866, 0.0142919059675, 0.00521003841173, 2.74314790757
0, 3.0, 15, regularization, -0.0287384883141, 0.00571881087599, 5.02525593821, 0.014641587017, 0.00508366613883, 2.88012363856
0, 0.5, 21, no_regularization, -0.00477509746683, 0.00153327401381, 3.11431448249, 0.00234073405766, 0.00513316688138, 0.456001940275
0, 0.5, 22, no_regularization, -0.00478573140056, 0.00156764780371, 3.05281032463, 0.00226136527822, 0.00489769751898, 0.461720077537
0, 0.5, 23, no_regularization, -0.004783621582, 0.00148563985434, 3.21990660658, 0.00249760332667, 0.00466948318291, 0.534877893084
0, 0.5, 24, no_regularization, -0.00478214547216, 0.00151582816296, 3.15480711403, 0.00237720605437, 0.00508875666361, 0.467148698889
0, 0.5, 25, no_regularization, -0.00480746769966, 0.00137498445244, 3.49637967988, 0.00237737210621, 0.00465032343041, 0.511227260165
0, 0.5, 21, regularization, -0.00477619080573, 0.00152467365596, 3.1325987611, 0.00170929055307, 0.00159166447156, 1.07390130496
0, 0.5, 22, regularization, -0.00478095950458, 0.00159797471222, 2.99188683527, 0.00161536264689, 0.00143687380007, 1.12422026681
0, 0.5, 23, regularization, -0.00477895582586, 0.00156441838627, 3.0547811684, 0.00199991421115, 0.00182998477376, 1.09285838867
0, 0.5, 24, regularization, -0.00478632398657, 0.0015518837443, 3.08420266928, 0.00177997811388, 0.00162301082432, 1.09671364307
0, 0.5, 25, regularization, -0.00479992665261, 0.00148524237168, 3.2317463763, 0.00179050891053, 0.0017127992372, 1.04536998362
0, 7.0, 26, no_regularization, -0.0427141577159, 0.260694709527, 0.163847428256, 0.0182663386291, 0.227417069799, 0.0803208776073
0, 7.0, 27, no_regularization, -0.0670770647143, 0.118586543057, 0.565638081567, 0.0268581420845, 0.114619415447, 0.234324542486
0, 7.0, 28, no_regularization, -0.0467952659237, 0.26661817882, 0.175514160853, -0.0998131117808, 0.349736324348, 0.285395324512
0, 7.0, 29, no_regularization, -0.0460392776437, 0.237572089241, 0.19379076806, 0.0240331440371, 0.208999893092, 0.114991178615
0, 7.0, 30, no_regularization, -0.0670470295661, 0.102850467893, 0.651888425398, 0.028458735784, 0.106817846851, 0.266423042805
0, 7.0, 26, regularization, -0.0525272107012, 0.179098573289, 0.293286594843, 0.0174906537634, 0.118747805562, 0.14729243779
0, 7.0, 27, regularization, -0.0670500999566, 0.0329429680916, 2.03533876395, 0.029881585413, 0.0386718071007, 0.772696898678
0, 7.0, 28, regularization, -0.0537421121253, 0.174751740311, 0.30753405963, -0.0983369704985, 0.306813771955, 0.320510288283
0, 7.0, 29, regularization, -0.0519929031709, 0.117004206005, 0.444367813312, 0.0296481726708, 0.0878089956893, 0.337643910377
0, 7.0, 30, regularization, -0.0670514392221, 0.0219512282252, 3.05456435213, 0.0314514101895, 0.00762237212147, 4.12619715862
0, 1.0, 21, no_regularization, -0.00957103725987, 0.00241003684023, 3.97132404787, 0.00448984183997, 0.00576563000409, 0.778725280114
0, 1.0, 22, no_regularization, -0.00957136230073, 0.00242083528548, 3.95374371736, 0.00450785881207, 0.00522526237595, 0.862704776859
0, 1.0, 23, no_regularization, -0.00956782277346, 0.00229867579123, 4.16231937099, 0.00453462344424, 0.00581290593651, 0.780095789226
0, 1.0, 24, no_regularization, -0.00957173288884, 0.00233924811422, 4.09179891207, 0.00448330288667, 0.00582843442608, 0.769212203298
0, 1.0, 25, no_regularization, -0.0095932448108, 0.00227951050334, 4.20846703569, 0.00453639190742, 0.00541750755896, 0.837357743953
0, 1.0, 21, regularization, -0.00957532236686, 0.00235528301406, 4.06546572522, 0.00495235746119, 0.00376859376916, 1.3141128401
0, 1.0, 22, regularization, -0.00958142906755, 0.00232536603367, 4.12039607048, 0.00489141629774, 0.00342267955925, 1.42911897333
0, 1.0, 23, regularization, -0.00957392508931, 0.00226230925187, 4.23192588785, 0.00495320554458, 0.00386352397392, 1.28204343444
0, 1.0, 24, regularization, -0.00957993785823, 0.00225891119477, 4.24095373046, 0.00478965890919, 0.00314158932824, 1.52459739602
0, 1.0, 25, regularization, -0.0095982459053, 0.00223667236394, 4.29130616538, 0.00490258713983, 0.00373344434304, 1.31315393759
0, 1.0, 11, no_regularization, -0.00958255626802, 0.0075450462453, 1.27004606154, 0.0044922522285, 0.00519670256112, 0.864442822282
0, 1.0, 12, no_regularization, -0.00957590626227, 0.00238407246156, 4.0166171191, 0.00464517879687, 0.00592199323043, 0.784394479379
0, 1.0, 13, no_regularization, -0.00959287420206, 0.00240741354517, 3.98472220168, 0.00442920758568, 0.0057213252801, 0.774157624125
0, 1.0, 14, no_regularization, -0.00956319354522, 0.00235775386439, 4.05606102047, 0.00439796517158, 0.00560656106343, 0.784431868631
0, 1.0, 15, no_regularization, -0.00957702034636, 0.00232740234054, 4.11489675831, 0.00446012157065, 0.00567599889033, 0.785786194963
0, 1.0, 11, regularization, -0.0095864966102, 0.00237388365049, 4.03831780391, 0.00482507191193, 0.00360436034478, 1.33867633932
0, 1.0, 12, regularization, -0.00958354739322, 0.0022864005903, 4.19154343901, 0.00497528444743, 0.00343908768343, 1.44668729192
0, 1.0, 13, regularization, -0.00960137000138, 0.00235188150587, 4.08242080965, 0.00487141428493, 0.00359776063072, 1.35401289439
0, 1.0, 14, regularization, -0.00957418174797, 0.00228078934576, 4.19774924228, 0.00480695734413, 0.00351926125894, 1.36589954267
0, 1.0, 15, regularization, -0.00958870699906, 0.00229164279242, 4.18420664458, 0.00496069116581, 0.00344960856494, 1.43804465707
0, 0.5, 16, no_regularization, -0.00478073852325, 0.00153511891443, 3.11424638073, 0.00216301880682, 0.00484629285554, 0.446324411523
0, 0.5, 17, no_regularization, -0.00480104798764, 0.0014396519879, 3.33486705676, 0.0022606769756, 0.00508513294996, 0.444565952916
0, 0.5, 18, no_regularization, -0.00462936249882, 0.00511267460187, 0.905467853778, 0.00230722033162, 0.00475516922185, 0.485202570924
0, 0.5, 19, no_regularization, -0.00478001364652, 0.00148450480404, 3.21993814605, 0.00234172697332, 0.00513976769019, 0.455609497253
0, 0.5, 20, no_regularization, -0.00478639545863, 0.00157054895421, 3.04759392938, 0.00232424603386, 0.00498840624556, 0.465929581403
0, 0.5, 16, regularization, -0.00478350290153, 0.00153019767709, 3.12606859437, 0.00153814096619, 0.00162833236201, 0.944611187541
0, 0.5, 17, regularization, -0.00479213893686, 0.00149734423153, 3.20042568432, 0.00167306647081, 0.0016126422844, 1.03746905746
0, 0.5, 18, regularization, -0.00479560218608, 0.00146948700552, 3.26345327863, 0.00179647236913, 0.00169356282676, 1.06076511644
0, 0.5, 19, regularization, -0.00477462866384, 0.00151240619448, 3.15697507804, 0.00185533968644, 0.00208956530507, 0.887907012017
0, 0.5, 20, regularization, -0.00478577494773, 0.00160099716113, 2.98924636715, 0.00162584683798, 0.00158509933491, 1.02570659275
0, 3.0, 6, no_regularization, -0.0287218827792, 0.0137844608856, 2.08364208202, 0.0145643800715, 0.0211541302602, 0.688488720283
0, 3.0, 7, no_regularization, -0.0287302351868, 0.00885767638305, 3.24354085026, 0.0152034114373, 0.0105114847898, 1.44636193091
0, 3.0, 8, no_regularization, -0.0287188398004, 0.0109022957768, 2.63420112501, 0.0145379251005, 0.016689077197, 0.871104191618
0, 3.0, 9, no_regularization, -0.0287358847815, 0.0199966517427, 1.43703481719, 0.014765980197, 0.0206438105532, 0.715273963539
0, 3.0, 10, no_regularization, -0.0287261520067, 0.0216330056102, 1.32788538608, 0.0152268909361, 0.0173011955721, 0.880106283559
0, 3.0, 6, regularization, -0.028716797362, 0.00566721526654, 5.06717956022, 0.0144142934205, 0.00516720371906, 2.78957327874
0, 3.0, 7, regularization, -0.0287220766908, 0.0057658389545, 4.98142194353, 0.0146320267745, 0.00566917460969, 2.5809800865
0, 3.0, 8, regularization, -0.0287236261489, 0.00574969843639, 4.99567524569, 0.0143899193404, 0.00533418707744, 2.69767804006
0, 3.0, 9, regularization, -0.0287431476904, 0.00592185652703, 4.85373928922, 0.0142068574568, 0.00493215597603, 2.8804558343
0, 3.0, 10, regularization, -0.028727111322, 0.00586025981764, 4.90202008374, 0.014732655321, 0.00560871724229, 2.62674238771
0, 9.0, 1, no_regularization, 0.0167881636391, 0.334043583896, 0.0502574048669, -0.255150625425, 0.569782138809, 0.447803832458
0, 9.0, 2, no_regularization, -0.0502350389456, 0.383694394326, 0.130924610024, 0.02657858334, 0.281857927076, 0.0942978032078
0, 9.0, 3, no_regularization, -0.0860056296001, 0.242234936012, 0.355050477095, 0.0383188976434, 0.259537740725, 0.14764287281
0, 9.0, 4, no_regularization, 0.0149042345199, 0.450468778953, 0.0330860543866, 0.0365936456284, 0.573213924917, 0.063839421964
0, 9.0, 5, no_regularization, -0.050542523468, 0.317151556431, 0.159363945859, 0.0270793747697, 0.28743951034, 0.0942089510859
0, 9.0, 1, regularization, 0.0165079023151, 0.258374850264, 0.0638912893349, -0.253329122613, 0.547746845294, 0.462493074657
0, 9.0, 2, regularization, -0.0454610309673, 0.249723306515, 0.182045607203, 0.0240502374801, 0.200711554033, 0.119824878025
0, 9.0, 3, regularization, -0.0810234254918, 0.121528678105, 0.666702104847, 0.0423912244056, 0.139997905195, 0.302798990789
0, 9.0, 4, regularization, 0.0175070539592, 0.374015429936, 0.0468083735535, 0.0414078773791, 0.504368457668, 0.0820984673993
0, 9.0, 5, regularization, -0.0521996997205, 0.237867027738, 0.219449077146, 0.0242023152397, 0.22536510588, 0.107391581963
0, 11.0, 21, no_regularization, 0.00668424690547, 0.377495535043, 0.0177068237501, 0.0278497598931, 0.35172977283, 0.079179421375
0, 11.0, 22, no_regularization, -0.0094201961909, 0.488528581559, 0.0192827943881, -0.0877020033578, 0.72671039059, 0.120683568714
0, 11.0, 23, no_regularization, -0.0162918414439, 0.461041649367, 0.0353370275035, -0.0253716893352, 0.65399830301, 0.038794732675
0, 11.0, 24, no_regularization, 0.00311948892573, 0.706711924882, 0.00441408842259, -0.0213655084717, 0.691055966415, 0.0309171897936
0, 11.0, 25, no_regularization, -0.0240790309741, 0.589778793262, 0.0408272241207, -0.0431002601197, 0.687068848371, 0.0627306276829
0, 11.0, 21, regularization, 0.00215372135297, 0.273669752392, 0.00786978222526, 0.0383709802426, 0.31859709099, 0.120437321394
0, 11.0, 22, regularization, -0.0105817337297, 0.384751902223, 0.0275027457136, -0.0813822199698, 0.686023662822, 0.118628881743
0, 11.0, 23, regularization, -0.0164131020868, 0.336656430846, 0.0487532706431, -0.0228587955786, 0.602971888085, 0.0379102177569
0, 11.0, 24, regularization, 0.00206307964496, 0.629188041265, 0.00327895558983, -0.00252392685356, 0.63181179914, 0.00399474472777
0, 11.0, 25, regularization, -0.0255654483667, 0.520049742559, 0.0491596212334, -0.0304970661925, 0.645934214664, 0.0472138888143
0, 5.0, 21, no_regularization, -0.0478442364969, 0.0505012283498, 0.947387579673, 0.0252657269032, 0.0611156508586, 0.413408456725
0, 5.0, 22, no_regularization, -0.0478666646468, 0.0439538421839, 1.08902117013, 0.0218496370388, 0.0620102875648, 0.352355034896
0, 5.0, 23, no_regularization, -0.0479068972431, 0.0598654809409, 0.800242418337, 0.025107342332, 0.0535894656837, 0.468512645381
0, 5.0, 24, no_regularization, -0.0478875487159, 0.0443802483887, 1.07902840688, 0.0238993151285, 0.0605825110618, 0.394491986377
0, 5.0, 25, no_regularization, -0.0479050299815, 0.0391063330231, 1.22499417046, 0.0240895111451, 0.0618573206262, 0.389436705328
0, 5.0, 21, regularization, -0.0478546245002, 0.0119389417825, 4.00828024562, 0.0235274095073, 0.00651715137023, 3.61007565587
0, 5.0, 22, regularization, -0.0478630620275, 0.00989937089187, 4.83495997375, 0.023776339353, 0.00621143669723, 3.82783251477
0, 5.0, 23, regularization, -0.0478958613093, 0.0102897681328, 4.65470753967, 0.0236895336566, 0.00557947948206, 4.24583220223
0, 5.0, 24, regularization, -0.0478787330957, 0.00978438702504, 4.89338095204, 0.0235761598626, 0.00581536767902, 4.05411337063
0, 5.0, 25, regularization, -0.0478973847956, 0.0111914035907, 4.2798371453, 0.0235331690573, 0.00599710242803, 3.92408989837
0, 11.0, 6, no_regularization, 0.00701570980438, 0.616140949284, 0.0113865338971, -0.0452323961829, 0.624987052947, 0.0723733331269
0, 11.0, 7, no_regularization, 0.00365520162261, 0.371350121217, 0.00984300640763, 0.000571480662939, 0.418338823567, 0.00136607130571
0, 11.0, 8, no_regularization, -0.0308357450834, 0.491912588895, 0.0626854156196, -0.0496846566422, 0.773148760088, 0.064262738566
0, 11.0, 9, no_regularization, 0.0187483891176, 0.613322992723, 0.0305685411114, -0.114165676788, 0.778307722862, 0.146684496935
0, 11.0, 10, no_regularization, 0.0251224084654, 0.567555347192, 0.0442642441653, -0.0814757703557, 0.705100733971, 0.115551957941
0, 11.0, 6, regularization, 0.00227089492825, 0.556658918939, 0.00407950874581, -0.0412477791786, 0.547610511327, 0.0753232056827
0, 11.0, 7, regularization, 0.000349366875019, 0.267378804503, 0.00130663638678, -0.00379552658018, 0.351450942273, 0.0107995914185
0, 11.0, 8, regularization, -0.0287071950277, 0.39226315857, 0.0731835106115, -0.0527923460937, 0.745910048226, 0.0707757540191
0, 11.0, 9, regularization, 0.0199368042502, 0.533064681864, 0.0374003473284, -0.0994697311348, 0.735829453529, 0.135180415323
0, 11.0, 10, regularization, 0.0326005041804, 0.490967242185, 0.0664005688758, -0.0821909811073, 0.656333324602, 0.125227499544
0, 3.0, 1, no_regularization, -0.0287363963842, 0.0285446690839, 1.0067167463, 0.0149110268434, 0.027849975651, 0.535405381687
0, 3.0, 2, no_regularization, -0.0287326990646, 0.00611853155502, 4.69601223859, 0.0144235368137, 0.0166820267715, 0.864615373857
0, 3.0, 3, no_regularization, -0.0287330642098, 0.00905706113386, 3.17244896387, 0.0147581090619, 0.0160437606149, 0.919865947651
0, 3.0, 4, no_regularization, -0.0287295972121, 0.00603021751905, 4.76427212142, 0.0148165886956, 0.0167891580171, 0.882509336113
0, 3.0, 5, no_regularization, -0.0287394443027, 0.00602662382637, 4.76874700176, 0.0146825105659, 0.0173923946997, 0.844191430757
0, 3.0, 1, regularization, -0.0287241761258, 0.00571075135125, 5.02984184726, 0.0147456160725, 0.00549440282065, 2.68375227551
0, 3.0, 2, regularization, -0.0287341973447, 0.00582043892479, 4.93677499515, 0.0144785906242, 0.00506364011632, 2.85932457512
0, 3.0, 3, regularization, -0.0287294906083, 0.00575680822693, 4.9905241717, 0.0146787179293, 0.00533491828281, 2.75144194365
0, 3.0, 4, regularization, -0.0287359171576, 0.00573516953915, 5.01047387726, 0.0145662682302, 0.00527818374781, 2.75971222794
0, 3.0, 5, regularization, -0.0287280667302, 0.00575869799365, 4.98863923093, 0.0145605481369, 0.00530698742481, 2.74365604652
0, 0.5, 1, no_regularization, -0.00479624622193, 0.00154412782701, 3.10611993259, 0.00248770936001, 0.0050420914736, 0.49338838318
0, 0.5, 2, no_regularization, -0.00478937238662, 0.00145093876808, 3.30087836371, 0.00250242567793, 0.00503871706892, 0.496639450817
0, 0.5, 3, no_regularization, -0.00479054414408, 0.00153045050345, 3.13015294077, 0.00233793434065, 0.00476109042179, 0.491050186728
0, 0.5, 4, no_regularization, -0.004777108309, 0.00147657779867, 3.23525676283, 0.0023043543287, 0.00529129183323, 0.435499383011
0, 0.5, 5, no_regularization, -0.00479660527999, 0.00149216938499, 3.21451795502, 0.00217983971847, 0.00463044741339, 0.470762223143
0, 0.5, 1, regularization, -0.00479946700003, 0.00154900658853, 3.09841613042, 0.00184734851881, 0.00185953885188, 0.993444432174
0, 0.5, 2, regularization, -0.00479072177125, 0.00151150992408, 3.16949408993, 0.0018690510175, 0.00181961705966, 1.02716723146
0, 0.5, 3, regularization, -0.00478715131531, 0.00154413802095, 3.10020946986, 0.0016935706115, 0.00153487534967, 1.10339293146
0, 0.5, 4, regularization, -0.00477589790738, 0.00155161849047, 3.07801043665, 0.00165218848826, 0.0017841783887, 0.926022027126
0, 0.5, 5, regularization, -0.00480276135704, 0.00153648048775, 3.12581994717, 0.00152054453187, 0.00146679995435, 1.03664070029
0, 5.0, 11, no_regularization, -0.0478926411949, 0.0538545932477, 0.889295384234, 0.022345499532, 0.0575827077522, 0.388059200484
0, 5.0, 12, no_regularization, -0.0478637913607, 0.0505870936, 0.946166066372, 0.022981120098, 0.0590051367252, 0.389476601081
0, 5.0, 13, no_regularization, -0.0480743118984, 0.0512163126678, 0.938652343252, 0.0224728513575, 0.0565019383458, 0.397735936419
0, 5.0, 14, no_regularization, -0.0478527002819, 0.0641930081711, 0.745450348024, 0.023730485257, 0.0435203314364, 0.545273541672
0, 5.0, 15, no_regularization, -0.0478899685693, 0.0568905017451, 0.841791988123, 0.0235228338391, 0.0680681767824, 0.345577551082
0, 5.0, 11, regularization, -0.0478968521263, 0.011406478876, 4.19909181852, 0.0234947918927, 0.00554865221095, 4.23432412043
0, 5.0, 12, regularization, -0.0478684697313, 0.00986575615449, 4.85198184323, 0.0233973089625, 0.00591085501251, 3.95836286171
0, 5.0, 13, regularization, -0.0479022337995, 0.0106308971561, 4.5059446156, 0.0232706364545, 0.00558534674323, 4.16637274716
0, 5.0, 14, regularization, -0.0478571214774, 0.0197046264319, 2.42872513431, 0.0233421567279, 0.00460321261626, 5.07084044856
0, 5.0, 15, regularization, -0.0478878010153, 0.0108989523055, 4.39379856642, 0.0233938451135, 0.00605375875805, 3.86435040584
0, 7.0, 11, no_regularization, -0.0621953734918, 0.182645472336, 0.340525131537, 0.0296312176038, 0.178064928414, 0.166406815018
0, 7.0, 12, no_regularization, -0.0566830630155, 0.162475901471, 0.348870586359, 0.0216819326707, 0.157060544265, 0.138048246121
0, 7.0, 13, no_regularization, -0.0674616447407, 0.0898616406504, 0.75072794412, 0.0280364523712, 0.0994044217783, 0.282044318247
0, 7.0, 14, no_regularization, -0.0594630309576, 0.186763460385, 0.318386855947, 0.02493209331, 0.148643880318, 0.16773037179
0, 7.0, 15, no_regularization, -0.0653254828733, 0.120650547072, 0.541443735307, 0.027921553837, 0.140074019248, 0.199334280453
0, 7.0, 11, regularization, -0.0604990843627, 0.099480663632, 0.608149183509, 0.0319308093425, 0.0810686314565, 0.393873792721
0, 7.0, 12, regularization, -0.0587734772829, 0.0713070045218, 0.824231471746, 0.0259875800059, 0.0604786863757, 0.429698155884
0, 7.0, 13, regularization, -0.0670768822889, 0.0201419445926, 3.33020885747, 0.0311988506866, 0.0089330475907, 3.49252037111
0, 7.0, 14, regularization, -0.0615038403501, 0.0964426852608, 0.637724262693, 0.0300840688996, 0.0818897481493, 0.367372834567
0, 7.0, 15, regularization, -0.0662263180095, 0.0381605861139, 1.73546385823, 0.0281534084039, 0.048995368961, 0.574613662493
0, 3.0, 16, no_regularization, -0.0287208491973, 0.0088218774294, 3.25563911165, 0.0144932372058, 0.00967984942543, 1.49725853872
0, 3.0, 17, no_regularization, -0.0287442393275, 0.00853262350355, 3.36874576917, 0.0146544395645, 0.0154052915065, 0.951260127617
0, 3.0, 18, no_regularization, -0.0287467232029, 0.0102004102153, 2.81819285657, 0.0151704596685, 0.0167795679541, 0.904103115763
0, 3.0, 19, no_regularization, -0.0287464806523, 0.009073787698, 3.16807948445, 0.0151455162095, 0.00989643777385, 1.53040079225
0, 3.0, 20, no_regularization, -0.02873750027, 0.00612872777128, 4.68898299002, 0.0150312007621, 0.0100070228639, 1.50206519627
0, 3.0, 16, regularization, -0.0287209399793, 0.00581234792823, 4.94136626609, 0.0140328301899, 0.00504213059876, 2.78311517622
0, 3.0, 17, regularization, -0.0287415920367, 0.00574130993964, 5.00610354412, 0.0145331426174, 0.00515620457098, 2.81857370424
0, 3.0, 18, regularization, -0.0287474330328, 0.00574829189122, 5.00103919161, 0.0146777461215, 0.0053439890119, 2.74658987673
0, 3.0, 19, regularization, -0.0287498247231, 0.00576621483788, 4.98590939315, 0.0145913235054, 0.00553750658187, 2.63499885547
0, 3.0, 20, regularization, -0.0287471291557, 0.00587293856025, 4.89484588691, 0.0144854317752, 0.00526735570838, 2.75003864883
0, 11.0, 26, no_regularization, -0.0148727996935, 0.315027734968, 0.0472110803037, 0.0262853933427, 0.340849841283, 0.0771172233608
0, 11.0, 27, no_regularization, -0.0148469711314, 0.542248712009, 0.0273803714101, -0.120013849417, 0.704754168846, 0.170291790701
0, 11.0, 28, no_regularization, 0.00131202411617, 0.320285859543, 0.00409641598927, -0.241280229404, 0.57301599538, 0.421070670539
0, 11.0, 29, no_regularization, 8.52760369583e-05, 0.509609077161, 0.00016733618136, -0.00332697557531, 0.684012425451, 0.00486391102196
0, 11.0, 30, no_regularization, -0.0189040048372, 0.574901103074, 0.0328821857117, -0.0731752302089, 0.799564847858, 0.0915188185235
0, 11.0, 26, regularization, -0.0117556617765, 0.246196345068, 0.0477491319918, 0.0278310714674, 0.293267813084, 0.0948998499859
0, 11.0, 27, regularization, -0.0100683489881, 0.447501610388, 0.0224990229183, -0.114412056173, 0.643809061665, 0.177711161563
0, 11.0, 28, regularization, 0.00434645047646, 0.248897215765, 0.0174628328529, -0.246007209676, 0.544640958647, 0.451686943058
0, 11.0, 29, regularization, 0.000618389301172, 0.465277642194, 0.00132907590026, -0.00454723783148, 0.6696871177, 0.00679009303195
0, 11.0, 30, regularization, -0.0256468105017, 0.517478529583, 0.0495611103369, -0.072723465474, 0.787622798306, 0.0923328598796
0, 0.5, 26, no_regularization, -0.00479517110001, 0.00154636767183, 3.10092559963, 0.00230195957641, 0.0048292666944, 0.476668554893
0, 0.5, 27, no_regularization, -0.00478963959561, 0.00146751236332, 3.2637814272, 0.00217802411815, 0.00497013732409, 0.438222120664
0, 0.5, 28, no_regularization, -0.00479473563832, 0.00146353087697, 3.27614245368, 0.00245196243865, 0.00487356607152, 0.503114639807
0, 0.5, 29, no_regularization, -0.00478135689088, 0.001476540969, 3.23821484893, 0.00238798013868, 0.00484407533173, 0.492969240803
0, 0.5, 30, no_regularization, -0.00479357562585, 0.00152810775539, 3.1369356048, 0.00246293317727, 0.00505193984677, 0.487522269062
0, 0.5, 26, regularization, -0.00479455519762, 0.00157286899702, 3.04828641592, 0.00168681474298, 0.00159985756539, 1.05435307459
0, 0.5, 27, regularization, -0.00479377404816, 0.0015193654807, 3.15511580923, 0.00155115087293, 0.00166088792467, 0.9339286835
0, 0.5, 28, regularization, -0.00479498980265, 0.00152992345831, 3.13413705544, 0.00191319473719, 0.00186403655113, 1.02637190029
0, 0.5, 29, regularization, -0.00478306066433, 0.00154906285266, 3.08771245538, 0.00183717706194, 0.0017530285948, 1.04800176528
0, 0.5, 30, regularization, -0.00479553051245, 0.0015280276326, 3.1383794443, 0.00193080922137, 0.00178424348571, 1.0821444701
0, 9.0, 21, no_regularization, 0.0197387161853, 0.622114105796, 0.0317284498155, 0.0204108831285, 0.439206384383, 0.0464721913303
0, 9.0, 22, no_regularization, -0.0178616300288, 0.579468766872, 0.0308241462697, 0.00850364153021, 0.429119055172, 0.0198165087933
0, 9.0, 23, no_regularization, 0.00209359716586, 0.570209064134, 0.00367163080622, -0.10139098815, 0.770392957994, 0.131609443074
0, 9.0, 24, no_regularization, 0.0269186057744, 0.584973249796, 0.0460168149291, -0.00459379838115, 0.67012689852, 0.00685511712975
0, 9.0, 25, no_regularization, -0.0014857673878, 0.366964089066, 0.00404880867658, 0.0289891856333, 0.31205471587, 0.092897764908
0, 9.0, 21, regularization, 0.0199446811507, 0.566973445305, 0.0351774519881, 0.0321177496356, 0.378395097581, 0.0848788735396
0, 9.0, 22, regularization, -0.0138726703066, 0.557290201214, 0.0248930813361, 0.0234403071179, 0.386920080042, 0.0605817798739
0, 9.0, 23, regularization, 0.000882488068756, 0.520054193074, 0.0016969155917, -0.0932406662004, 0.748668389809, 0.124542010147
0, 9.0, 24, regularization, 0.0249601129681, 0.547107497561, 0.0456219537831, -0.00287437774617, 0.574095705882, 0.00500679192811
0, 9.0, 25, regularization, -0.000650047861741, 0.263598930319, 0.00246604893637, 0.0326643537777, 0.220464060102, 0.148161808154
0, 1.0, 6, no_regularization, -0.00958711074376, 0.00235228238848, 4.07566319023, 0.00445612865877, 0.00548924793058, 0.811792200885
0, 1.0, 7, no_regularization, -0.00957398256891, 0.00235294309639, 4.06893927167, 0.00451671837107, 0.00582229422902, 0.775762644999
0, 1.0, 8, no_regularization, -0.00957999723586, 0.0024832492904, 3.85784756806, 0.00430170547455, 0.00574763512498, 0.748430507681
0, 1.0, 9, no_regularization, -0.00958711928836, 0.00247022216915, 3.88107572189, 0.00444118980841, 0.00570086888154, 0.779037353901
0, 1.0, 10, no_regularization, -0.00956554995144, 0.00240535304085, 3.97677587822, 0.00447152630574, 0.00591444428384, 0.756034902207
0, 1.0, 6, regularization, -0.00958925240933, 0.00229381528669, 4.18048151697, 0.00489280602529, 0.00341079455404, 1.43450622656
0, 1.0, 7, regularization, -0.00958351716022, 0.0023071540608, 4.15382627588, 0.00481884860885, 0.00360584926805, 1.33639768349
0, 1.0, 8, regularization, -0.00957415704657, 0.00239412685192, 3.99901828046, 0.00465528077269, 0.00354661376664, 1.31259874319
0, 1.0, 9, regularization, -0.00959545305063, 0.00238412960571, 4.02471955705, 0.00481227170269, 0.003608400954, 1.33362998293
0, 1.0, 10, regularization, -0.00957811708087, 0.00233390825457, 4.10389614164, 0.00492481139829, 0.00382294703316, 1.28822381152
0, 9.0, 16, no_regularization, -0.0733564072786, 0.27701484646, 0.264810381884, 0.0148963217453, 0.286615082691, 0.0519732653477
0, 9.0, 17, no_regularization, -0.0190855166119, 0.617219920959, 0.0309217443633, -0.0465069774384, 0.745451488337, 0.0623876646113
0, 9.0, 18, no_regularization, -0.0579093649331, 0.212625340119, 0.272354014346, 0.0264111636866, 0.213845205779, 0.123505989252
0, 9.0, 19, no_regularization, -0.0406161390404, 0.560530341635, 0.072460197109, -0.0397160207894, 0.705487382588, 0.056295862647
0, 9.0, 20, no_regularization, -0.0676545369711, 0.270054465006, 0.250521823328, 0.0329342797849, 0.215822677354, 0.152598791697
0, 9.0, 16, regularization, -0.0775174734882, 0.151079543003, 0.513090468421, 0.0279744779327, 0.175211384187, 0.159661303188
0, 9.0, 17, regularization, -0.0148571950034, 0.591523772085, 0.0251168181306, -0.0443069992851, 0.683098425164, 0.0648618085665
0, 9.0, 18, regularization, -0.0613294998061, 0.126784058635, 0.483731949162, 0.0364285828166, 0.109738822735, 0.331957113342
0, 9.0, 19, regularization, -0.0406725723658, 0.489534885229, 0.0830841143154, -0.0554048809994, 0.64415881233, 0.0860112132892
0, 9.0, 20, regularization, -0.0722955362529, 0.158345209002, 0.456569142246, 0.0363090408505, 0.126963770187, 0.285979542015
0, 1.0, 16, no_regularization, -0.00958555221931, 0.0024381884554, 3.93142383972, 0.00436803912961, 0.00569405143861, 0.76712322969
0, 1.0, 17, no_regularization, -0.00960573545921, 0.00239714756362, 4.00715233596, 0.0045084608426, 0.00565640126834, 0.797054633983
0, 1.0, 18, no_regularization, -0.0095874461425, 0.00240298514246, 3.98980666716, 0.00457944533437, 0.00594693311672, 0.770051595417
0, 1.0, 19, no_regularization, -0.009562951858, 0.00238883322258, 4.00318940962, 0.00434417012625, 0.00557667825205, 0.778988840651
0, 1.0, 20, no_regularization, -0.00958699625209, 0.00247153530001, 3.87896391852, 0.00446889307452, 0.00554151274491, 0.806439194537
0, 1.0, 16, regularization, -0.00959021910517, 0.00233806823991, 4.10177040237, 0.00474609117203, 0.00339608797073, 1.39751714706
0, 1.0, 17, regularization, -0.00961166391895, 0.00233862358182, 4.10996621845, 0.00497936726309, 0.00350900432455, 1.41902568437
0, 1.0, 18, regularization, -0.00959612001848, 0.00228945047644, 4.19145123131, 0.0049120070084, 0.00324779093475, 1.51241477887
0, 1.0, 19, regularization, -0.00957700365073, 0.00232923183408, 4.1116575476, 0.00472939979009, 0.00341074601098, 1.38661740712
0, 1.0, 20, regularization, -0.00959044098436, 0.00233414833007, 4.10875387001, 0.00495746879336, 0.0035748802181, 1.38675102127
