hamming_sim, strain percent, trial, regularization, mean axial strain, axial strain std, axial strain SNRe, mean lateral strain, lateral strain std, lateral strain SNRe
0, 1.0, 16, no_regularization, -0.00958526518531, 0.00244715753948, 3.91689747419, 0.00480234217259, 0.00668110458697, 0.718794640927
0, 1.0, 17, no_regularization, -0.00960602704637, 0.00240272510882, 3.99797172431, 0.00493880249283, 0.0067208189027, 0.734851297785
0, 1.0, 18, no_regularization, -0.00958492684386, 0.00240438158674, 3.9864416267, 0.00490332302465, 0.00703624785876, 0.696866159787
0, 1.0, 19, no_regularization, -0.00956482880107, 0.00238625369758, 4.00830339656, 0.00471309833688, 0.00684628857993, 0.688416545966
0, 1.0, 20, no_regularization, -0.0095858671702, 0.00246882990208, 3.8827572374, 0.00484520898823, 0.0067044254631, 0.722688172894
0, 1.0, 16, regularization, -0.00959033388353, 0.0023493182447, 4.08217741687, 0.00479117139514, 0.00363293943293, 1.31881400271
0, 1.0, 17, regularization, -0.00961190330221, 0.00234795584152, 4.09373257037, 0.00502665985423, 0.00374063356642, 1.34379905569
0, 1.0, 18, regularization, -0.00959603106501, 0.00230059558613, 4.17110730928, 0.00494481763933, 0.00347009212185, 1.42498166207
0, 1.0, 19, regularization, -0.00957779462824, 0.00233774438404, 4.09702390631, 0.00476873240054, 0.00361993074517, 1.31735459495
0, 1.0, 20, regularization, -0.00959059261264, 0.00234360761855, 4.09223478228, 0.00499648563565, 0.00381506489251, 1.30967251578
0, 7.0, 11, no_regularization, -0.0623995179127, 0.181650369658, 0.343514400935, 0.0239356837314, 0.18196038018, 0.131543381629
0, 7.0, 12, no_regularization, -0.0637731024042, 0.134717298327, 0.473384659551, 0.0229055014802, 0.149536824997, 0.15317632617
0, 7.0, 13, no_regularization, -0.0674618924265, 0.094907023945, 0.710820860484, 0.0289492259523, 0.102175073795, 0.283329630967
0, 7.0, 14, no_regularization, -0.0488622005678, 0.176679085369, 0.276559053188, 0.0252820075473, 0.159380564757, 0.158626665591
0, 7.0, 15, no_regularization, -0.067389467658, 0.104315840569, 0.646013752948, 0.0278580897429, 0.120186100478, 0.231791277295
0, 7.0, 11, regularization, -0.0605264961159, 0.103615083827, 0.584147537986, 0.028770926467, 0.0958329287266, 0.300219630657
0, 7.0, 12, regularization, -0.0643812988298, 0.0372953693612, 1.72625449037, 0.0261773950974, 0.0512361157998, 0.510916854035
0, 7.0, 13, regularization, -0.067075403752, 0.0207451027631, 3.23331267711, 0.0311954507613, 0.00899247463543, 3.46906185739
0, 7.0, 14, regularization, -0.0540849911089, 0.0807162332187, 0.670063368323, 0.0298287539321, 0.0744755057242, 0.400517641902
0, 7.0, 15, regularization, -0.0670440523148, 0.0284168313049, 2.35930781991, 0.0288872401445, 0.0426343297985, 0.677558209101
0, 9.0, 11, no_regularization, 0.017775596804, 0.516915255624, 0.0343878355505, -0.102559735942, 0.860242579247, 0.119221878126
0, 9.0, 12, no_regularization, -0.0753869443165, 0.278455606159, 0.270732363253, 0.0164891749059, 0.265496259325, 0.0621069952089
0, 9.0, 13, no_regularization, -0.0133231084522, 0.597452709303, 0.0222998544399, 0.00330027151808, 0.469075303837, 0.00703569659516
0, 9.0, 14, no_regularization, -0.00290183360586, 0.571777189433, 0.00507511257791, -0.0586368503714, 0.670091626996, 0.0875057201271
0, 9.0, 15, no_regularization, -0.0222213062152, 0.616876248979, 0.0360223079621, -0.0670567495252, 0.64600457356, 0.10380228294
0, 9.0, 11, regularization, 0.0223020651761, 0.432795681603, 0.0515302396121, -0.0942322010079, 0.807167007265, 0.116744366605
0, 9.0, 12, regularization, -0.071829016014, 0.189452892932, 0.379139188124, 0.0348515936164, 0.16359751815, 0.213032532587
0, 9.0, 13, regularization, -0.00843538902383, 0.550833415324, 0.0153138658425, 0.00136640897141, 0.403809343439, 0.00338379731328
0, 9.0, 14, regularization, -0.00736223004525, 0.463068700097, 0.0158987857389, -0.0531900427158, 0.632903678281, 0.0840412918129
0, 9.0, 15, regularization, -0.0180195757613, 0.566897341327, 0.0317863119963, -0.0683565949081, 0.590082693218, 0.115842399199
0, 9.0, 26, no_regularization, -0.0866168491817, 0.164023841656, 0.528074750032, 0.0347193184941, 0.173821164426, 0.19974160574
0, 9.0, 27, no_regularization, 0.013835551398, 0.582209550549, 0.0237638688423, -0.0713545794098, 0.703589171066, 0.101415118857
0, 9.0, 28, no_regularization, 0.000538152448144, 0.339603476688, 0.00158464940757, -0.244521939409, 0.550269554327, 0.444367560382
0, 9.0, 29, no_regularization, 0.00398873743616, 0.475477122773, 0.00838891556526, -0.273116535113, 0.723436205015, 0.377526771843
0, 9.0, 30, no_regularization, -0.0557368442355, 0.457640305805, 0.121791816692, -0.0984163999155, 0.534990162989, 0.18395927014
0, 9.0, 26, regularization, -0.0864865376272, 0.0645126560636, 1.34061349981, 0.037747367459, 0.0821506626984, 0.459489506464
0, 9.0, 27, regularization, 0.0134402418063, 0.491748736952, 0.0273315227805, -0.0624407644832, 0.680803250085, 0.0917163137446
0, 9.0, 28, regularization, -0.00197715654195, 0.232082539562, 0.00851919556585, -0.245495010868, 0.512473437299, 0.479039483807
0, 9.0, 29, regularization, 0.00764038985028, 0.382874116879, 0.0199553574229, -0.265122112816, 0.703518007949, 0.376851921089
0, 9.0, 30, regularization, -0.0551445744309, 0.391217140264, 0.140956437629, -0.0891638492453, 0.449960330167, 0.198159355986
0, 1.0, 21, no_regularization, -0.00957018281503, 0.00240540059892, 3.97862327768, 0.00487005491951, 0.00679964064304, 0.716222396913
0, 1.0, 22, no_regularization, -0.00957003879432, 0.00242927849992, 3.93945724816, 0.00484778852235, 0.00636838493015, 0.761227308888
0, 1.0, 23, no_regularization, -0.00956568285207, 0.00231137703422, 4.13852119773, 0.00499511469757, 0.00697860007767, 0.715776035591
0, 1.0, 24, no_regularization, -0.00957695429873, 0.00231648297925, 4.1342649113, 0.00492593307737, 0.00718759536376, 0.685338117697
0, 1.0, 25, no_regularization, -0.00959471556624, 0.00227749175691, 4.21284315834, 0.00493447567551, 0.00686214601923, 0.719086370602
0, 1.0, 21, regularization, -0.0095754118572, 0.00236537123442, 4.04816449861, 0.00499589880594, 0.00400069949242, 1.24875632759
0, 1.0, 22, regularization, -0.00958132643815, 0.00233585433569, 4.10185099805, 0.00493149832234, 0.00364046057077, 1.35463582875
0, 1.0, 23, regularization, -0.00957356435862, 0.00227159496038, 4.21446803924, 0.00499821861417, 0.00411077756459, 1.21588155419
0, 1.0, 24, regularization, -0.0095808542218, 0.00226931579684, 4.22191315777, 0.00482834516664, 0.00337182768706, 1.4319667595
0, 1.0, 25, regularization, -0.00959860799099, 0.00224828351364, 4.26930497545, 0.00494054561881, 0.00397301760122, 1.24352472471
0, 5.0, 6, no_regularization, -0.0478822305376, 0.0440678617034, 1.08655670338, 0.023875793811, 0.0500379520037, 0.477153697443
0, 5.0, 7, no_regularization, -0.047906462459, 0.0427041467318, 1.12182226143, 0.0243157913793, 0.0603016983112, 0.403235598007
0, 5.0, 8, no_regularization, -0.0478377395636, 0.0414015819415, 1.15545680431, 0.0234547549265, 0.0626661366449, 0.37428116974
0, 5.0, 9, no_regularization, -0.0479185545489, 0.0416165053634, 1.15143148447, 0.0228830765257, 0.0604175381729, 0.378748906654
0, 5.0, 10, no_regularization, -0.0478676915768, 0.0642333614036, 0.745215422809, 0.0243606931184, 0.055820107781, 0.436414297406
0, 5.0, 6, regularization, -0.047885922994, 0.00995681992651, 4.80935914754, 0.0233346944311, 0.00547043220701, 4.26560343828
0, 5.0, 7, regularization, -0.0478996029148, 0.0107029556446, 4.4753621808, 0.0236185030337, 0.00532725435174, 4.4335226881
0, 5.0, 8, regularization, -0.0478524261535, 0.00990839247999, 4.82948432353, 0.0232232345121, 0.00541410782353, 4.28939268833
0, 5.0, 9, regularization, -0.0479099828248, 0.0114918364528, 4.16904495826, 0.0234380393495, 0.00546349778235, 4.28993298491
0, 5.0, 10, regularization, -0.0478698199747, 0.0102588049412, 4.66621797073, 0.0233964478569, 0.00619599423139, 3.77606030335
0, 1.0, 26, no_regularization, -0.00958153021222, 0.0024872910615, 3.85219500867, 0.00487304670899, 0.00713953132455, 0.682544341845
0, 1.0, 27, no_regularization, -0.00959963820999, 0.00233676315741, 4.1080920758, 0.00477051012838, 0.00717432605172, 0.664941918445
0, 1.0, 28, no_regularization, -0.00959607144324, 0.00236046989438, 4.0653225301, 0.00493361317312, 0.00635558123421, 0.776264670581
0, 1.0, 29, no_regularization, -0.00957073823881, 0.00236207316352, 4.05183818462, 0.00485731662272, 0.00730228061932, 0.665178028062
0, 1.0, 30, no_regularization, -0.00956415838296, 0.00239682136934, 3.99035093115, 0.00505755092671, 0.00659654688076, 0.766696730596
0, 1.0, 26, regularization, -0.00958841685681, 0.00240302072424, 3.99015154555, 0.00492341046264, 0.00385828472369, 1.27606198485
0, 1.0, 27, regularization, -0.00959820822485, 0.00230304383867, 4.16761855058, 0.00478130210144, 0.00385229404374, 1.24115709942
0, 1.0, 28, regularization, -0.00960805809299, 0.00232607771029, 4.13058344977, 0.00493870978579, 0.00367429006413, 1.34412626646
0, 1.0, 29, regularization, -0.00957230491387, 0.00225954096435, 4.23639361486, 0.00497040969, 0.0041020117029, 1.21170051428
0, 1.0, 30, regularization, -0.00956625730254, 0.00233335014785, 4.09979501419, 0.00496211783465, 0.00357816284845, 1.38677808831
0, 9.0, 6, no_regularization, -0.0597293371628, 0.291785099215, 0.204703178207, 0.0209443122238, 0.2967808207, 0.0705716500629
0, 9.0, 7, no_regularization, 0.00200457293618, 0.634425852102, 0.00315966464724, -0.0696186842109, 0.627477115103, 0.110950156644
0, 9.0, 8, no_regularization, -0.0273375426306, 0.536999409214, 0.0509079566225, 0.0331701313915, 0.65032120706, 0.051005766122
0, 9.0, 9, no_regularization, -0.036927153982, 0.266831017553, 0.13839153454, 0.0262358710331, 0.265145922098, 0.098948800817
0, 9.0, 10, no_regularization, 0.0095617419303, 0.521052939892, 0.0183508069876, -0.0577448382069, 0.821317578605, 0.0703075639814
0, 9.0, 6, regularization, -0.0657799756614, 0.184771501132, 0.356007150769, 0.0286968888484, 0.195899873802, 0.146487531061
0, 9.0, 7, regularization, -0.00320051978753, 0.591846835485, 0.00540768252129, -0.0660667434355, 0.623913719532, 0.105890832927
0, 9.0, 8, regularization, -0.0289655408101, 0.463754556646, 0.0624587734933, 0.0298130365549, 0.621081494465, 0.0480018110677
0, 9.0, 9, regularization, -0.0376009752203, 0.190011730178, 0.197887652437, 0.0240968019907, 0.186566719593, 0.129159166454
0, 9.0, 10, regularization, 0.0129570534676, 0.454097553753, 0.0285336341509, -0.0667337710144, 0.782309362954, 0.0853035565911
0, 7.0, 21, no_regularization, -0.0668257722823, 0.0798208157235, 0.83719731096, 0.029677987201, 0.108852248997, 0.272644685566
0, 7.0, 22, no_regularization, -0.0691114429593, 0.114040373496, 0.606026101466, 0.0283224911918, 0.150766115672, 0.187857139288
0, 7.0, 23, no_regularization, -0.0670983367947, 0.0865188049875, 0.775534715307, 0.0304322154613, 0.0855096306989, 0.355892256961
0, 7.0, 24, no_regularization, -0.0234006257753, 0.313917032984, 0.0745439823791, -0.000520278204554, 0.2518813938, 0.00206556822918
0, 7.0, 25, no_regularization, -0.0458994120793, 0.220956741987, 0.207730308053, 0.0221053066278, 0.194187316936, 0.113834966035
0, 7.0, 21, regularization, -0.0670151533761, 0.019878565487, 3.37122683324, 0.0314330842159, 0.00890381791716, 3.53029279219
0, 7.0, 22, regularization, -0.0674860946357, 0.0447911674091, 1.50668309266, 0.0290543282354, 0.0773695024365, 0.375526884889
0, 7.0, 23, regularization, -0.0670525701106, 0.0213773613861, 3.13661582922, 0.031953654181, 0.00783825110748, 4.07663058287
0, 7.0, 24, regularization, -0.0209844634521, 0.262692212304, 0.0798823203324, 0.00384934506304, 0.173704429483, 0.0221603160869
0, 7.0, 25, regularization, -0.0490580456489, 0.150271227623, 0.326463331836, 0.0308579242776, 0.104316022132, 0.295811934227
0, 3.0, 26, no_regularization, -0.0287187666894, 0.0113725613038, 2.52526813637, 0.0152024859809, 0.0106111585434, 1.4326886097
0, 3.0, 27, no_regularization, -0.0287468205631, 0.00585676321124, 4.90831189963, 0.0147965934384, 0.0111373095325, 1.32856085172
0, 3.0, 28, no_regularization, -0.0287598279151, 0.00664499621765, 4.32804278182, 0.0152533316924, 0.0162896852229, 0.936379769391
0, 3.0, 29, no_regularization, -0.028755081323, 0.0113581777942, 2.53166325128, 0.014788540209, 0.0197604459857, 0.74839101403
0, 3.0, 30, no_regularization, -0.0287360068653, 0.0173326295565, 1.65791386538, 0.0149663743082, 0.013454047007, 1.11240686913
0, 3.0, 26, regularization, -0.0287273761492, 0.00578124712807, 4.96906212671, 0.0145078853547, 0.00573665832714, 2.52897846226
0, 3.0, 27, regularization, -0.0287458425086, 0.00564727417989, 5.09021549033, 0.0143594971402, 0.00530120033685, 2.70872561454
0, 3.0, 28, regularization, -0.0287598194546, 0.0057339182558, 5.01573586709, 0.0147804858746, 0.00580605290607, 2.54570292654
0, 3.0, 29, regularization, -0.0287542707306, 0.00572011134475, 5.02687255503, 0.0145684284204, 0.00524048888807, 2.77997506178
0, 3.0, 30, regularization, -0.0287409275571, 0.00578013064615, 4.97236642501, 0.0144827481512, 0.00521185387243, 2.77880932691
0, 3.0, 11, no_regularization, -0.0287474711433, 0.0142909434821, 2.01158665131, 0.0151331164688, 0.010203373395, 1.48314835524
0, 3.0, 12, no_regularization, -0.0287209285021, 0.0106512719007, 2.69647876515, 0.0150256630192, 0.0179789587771, 0.835735995921
0, 3.0, 13, no_regularization, -0.0287357727822, 0.00618609209749, 4.64522227107, 0.0149544346252, 0.0101228596202, 1.47729349079
0, 3.0, 14, no_regularization, -0.0286921266832, 0.0111730836423, 2.56796848585, 0.0143267247388, 0.0137856372711, 1.03925008739
0, 3.0, 15, no_regularization, -0.0287422469647, 0.0114331053747, 2.51394927474, 0.0150524580015, 0.0133807442353, 1.12493428892
0, 3.0, 11, regularization, -0.0287507010919, 0.00589476830369, 4.87732504666, 0.0144608752102, 0.00542171587854, 2.66721376298
0, 3.0, 12, regularization, -0.028717279733, 0.00571890585682, 5.0214639744, 0.0146772219568, 0.00539867670277, 2.71867028994
0, 3.0, 13, regularization, -0.028737693097, 0.00591811493118, 4.85588627987, 0.0142769225122, 0.00544744761456, 2.62084622422
0, 3.0, 14, regularization, -0.028704117737, 0.00579211956866, 4.95571912781, 0.0142758319134, 0.00556668838848, 2.56451069598
0, 3.0, 15, regularization, -0.028739204707, 0.00571574682457, 5.02807517357, 0.0146643111741, 0.00541187380173, 2.70965504949
0, 11.0, 11, no_regularization, 0.0129714649018, 0.514908962905, 0.0251917636636, -0.0766370297296, 0.789881790916, 0.0970234161756
0, 11.0, 12, no_regularization, -0.0353470792322, 0.54840739169, 0.0644540532602, -0.124324705684, 0.842537133921, 0.14755991241
0, 11.0, 13, no_regularization, 0.0163149160919, 0.489426481236, 0.0333347636823, -0.141416883007, 0.76532871014, 0.184779273446
0, 11.0, 14, no_regularization, 0.0171812370574, 0.564309344905, 0.0304464868649, -0.216333776044, 0.780379948686, 0.277215959236
0, 11.0, 15, no_regularization, -0.0201428310392, 0.452979951712, 0.0444673786623, -0.0784854231479, 0.749610094038, 0.1047016626
0, 11.0, 11, regularization, 0.0160369003589, 0.431735861359, 0.0371451662792, -0.080952614958, 0.805403342136, 0.100511893511
0, 11.0, 12, regularization, -0.032999355589, 0.477959721404, 0.0690421265877, -0.12939279508, 0.797368423252, 0.162274792062
0, 11.0, 13, regularization, 0.0124833131287, 0.409460859575, 0.0304871951415, -0.133808047097, 0.721818187016, 0.185376386331
0, 11.0, 14, regularization, 0.0188390186007, 0.50762632197, 0.0371119813637, -0.221265526804, 0.763304360873, 0.289878504757
0, 11.0, 15, regularization, -0.0121673536383, 0.352092276356, 0.0345572864142, -0.0784425799484, 0.675225207479, 0.116172469688
0, 5.0, 16, no_regularization, -0.0479042403614, 0.0545414264257, 0.878309268766, 0.0246220869114, 0.0617350521388, 0.398834795767
0, 5.0, 17, no_regularization, -0.047872334036, 0.0506519842139, 0.945122580665, 0.0243884648709, 0.0520846242503, 0.468246919737
0, 5.0, 18, no_regularization, -0.0478941327188, 0.0571065953662, 0.838679532753, 0.0240696370965, 0.066287388131, 0.363110355908
0, 5.0, 19, no_regularization, -0.0478944178252, 0.0406419976627, 1.17844644898, 0.0234227613942, 0.060089497241, 0.389797925922
0, 5.0, 20, no_regularization, -0.0479366213977, 0.0427619187708, 1.12101193716, 0.0237007538024, 0.0653831269449, 0.362490368843
0, 5.0, 16, regularization, -0.04789801232, 0.0100506816792, 4.76564812707, 0.0232221168295, 0.00535973736283, 4.33269678298
0, 5.0, 17, regularization, -0.04787203223, 0.00995172906096, 4.81042358939, 0.0235221529406, 0.00520747192711, 4.51700043128
0, 5.0, 18, regularization, -0.0478945780284, 0.010434950692, 4.58982312827, 0.0233647749884, 0.00570973634002, 4.09209350433
0, 5.0, 19, regularization, -0.047893067419, 0.0103382703109, 4.63259964953, 0.0233266213282, 0.00592160973923, 3.93923651768
0, 5.0, 20, regularization, -0.047915780925, 0.0103822136217, 4.61517964001, 0.02336554791, 0.0058100838208, 4.02155091573
0, 0.5, 11, no_regularization, -0.00480770212011, 0.00667927516197, 0.719793990145, 0.00210727007113, 0.00533171594452, 0.395232996855
0, 0.5, 12, no_regularization, -0.00480815582106, 0.0015157368118, 3.17215745084, 0.00217019174337, 0.00595381143462, 0.364504614767
0, 0.5, 13, no_regularization, -0.00478671454762, 0.00164004624675, 2.91864607911, 0.00196375188203, 0.00576345717772, 0.340724641734
0, 0.5, 14, no_regularization, -0.00476686200086, 0.00147688989623, 3.22763532545, 0.00196283821012, 0.00539270205681, 0.36398046646
0, 0.5, 15, no_regularization, -0.00479641148858, 0.00149041464926, 3.21817253403, 0.00217369739994, 0.00531974283048, 0.408609489069
0, 0.5, 11, regularization, -0.00480257575855, 0.00152934939522, 3.14027374881, 0.00167039296067, 0.00150554653672, 1.10949274561
0, 0.5, 12, regularization, -0.00480312100643, 0.00154298699776, 3.11287199011, 0.00172474436428, 0.00165008594093, 1.04524517269
0, 0.5, 13, regularization, -0.00478780427179, 0.00158663861393, 3.01757705237, 0.00162585428519, 0.00179198735545, 0.90729115931
0, 0.5, 14, regularization, -0.00476572723435, 0.0015554019183, 3.06398441346, 0.0015213084412, 0.00188367285786, 0.807628795443
0, 0.5, 15, regularization, -0.0047918875957, 0.0015313582849, 3.12917469605, 0.00165888188461, 0.00172580141809, 0.961224082455
0, 9.0, 21, no_regularization, -0.0199238566829, 0.421146014642, 0.0473086672798, 0.0225817636723, 0.275728824632, 0.0818984511408
0, 9.0, 22, no_regularization, -0.0175449188962, 0.576476174607, 0.0304347684589, 0.00905994115795, 0.43852606756, 0.0206599831302
0, 9.0, 23, no_regularization, -0.00517328566297, 0.55475803688, 0.00932530097637, -0.113157994551, 0.794289077631, 0.142464497798
0, 9.0, 24, no_regularization, 0.0476975644484, 0.555001310496, 0.0859413546352, -0.00220265813404, 0.355756285357, 0.00619148058572
0, 9.0, 25, no_regularization, -0.000684644168998, 0.402719570972, 0.00170005189305, 0.0287134480548, 0.309536495621, 0.0927627225253
0, 9.0, 21, regularization, -0.0201161533387, 0.351977482435, 0.0571518189162, 0.0279952823603, 0.192869783493, 0.145151209554
0, 9.0, 22, regularization, -0.0145967282837, 0.554813763431, 0.0263092396868, 0.0229868358302, 0.381402045412, 0.0602693040237
0, 9.0, 23, regularization, -0.0092587501952, 0.508743739054, 0.0181992415522, -0.113668409434, 0.777400367937, 0.146216047897
0, 9.0, 24, regularization, 0.0451472201081, 0.455817017964, 0.0990468067863, -0.00500514061923, 0.296862674798, 0.0168601210059
0, 9.0, 25, regularization, -0.000805222009179, 0.308260429979, 0.00261214846561, 0.033217590147, 0.230871973963, 0.14387883283
0, 7.0, 16, no_regularization, -0.0671537482433, 0.100729620411, 0.666673297976, 0.0273185002062, 0.1075303562, 0.254053842762
0, 7.0, 17, no_regularization, -0.0671304696832, 0.17424310173, 0.385269023662, 0.026986985857, 0.159039315415, 0.169687512718
0, 7.0, 18, no_regularization, -0.0674678565709, 0.15692569661, 0.429935045875, 0.0357842791535, 0.182929333272, 0.195618048311
0, 7.0, 19, no_regularization, -0.0672104555273, 0.114971266045, 0.584584808357, 0.0248073092556, 0.122689483307, 0.202195889875
0, 7.0, 20, no_regularization, -0.0669684074553, 0.0938931729936, 0.713240433997, 0.0281917436073, 0.106081275162, 0.265756077726
0, 7.0, 16, regularization, -0.0670375460659, 0.0226087861283, 2.96511036397, 0.0317395608613, 0.0082688312521, 3.83845792636
0, 7.0, 17, regularization, -0.0670087739104, 0.0703130681666, 0.953005972541, 0.0284624663848, 0.0459385170885, 0.619577387096
0, 7.0, 18, regularization, -0.0671985702644, 0.0645106297561, 1.04166662949, 0.0354701646737, 0.129119469992, 0.274708103091
0, 7.0, 19, regularization, -0.0670657544776, 0.0377925806679, 1.77457462, 0.0281748198149, 0.0414955769229, 0.678983687039
0, 7.0, 20, regularization, -0.067287994124, 0.0211813331386, 3.17675916259, 0.0322370930202, 0.0082510229722, 3.90704196666
0, 0.5, 21, no_regularization, -0.00477434410056, 0.001531572783, 3.11728189059, 0.00208255670637, 0.00573372063144, 0.36321209913
0, 0.5, 22, no_regularization, -0.00478776551815, 0.0015542544811, 3.08042574518, 0.00194624094904, 0.00549580218924, 0.35413227806
0, 0.5, 23, no_regularization, -0.00478025913713, 0.00147705897371, 3.23633600433, 0.00227519143041, 0.00508383468842, 0.447534502958
0, 0.5, 24, no_regularization, -0.00478217223763, 0.0014949109161, 3.19896803623, 0.00211107677901, 0.00573346533413, 0.368202588832
0, 0.5, 25, no_regularization, -0.00480746015698, 0.00138444932648, 3.47247101432, 0.00213654248037, 0.00514595027279, 0.415189103492
0, 0.5, 21, regularization, -0.00477550439574, 0.00150424333279, 3.17468875656, 0.00164874741143, 0.00160195023724, 1.02921262665
0, 0.5, 22, regularization, -0.00478051351925, 0.0015747393787, 3.03574901593, 0.00155210173811, 0.00142362724554, 1.09024447444
0, 0.5, 23, regularization, -0.00477820951656, 0.0015375535282, 3.10767035354, 0.00194646178115, 0.00186306942448, 1.04476073493
0, 0.5, 24, regularization, -0.00478567939115, 0.00152808550408, 3.13181387976, 0.00172284383686, 0.0016316977091, 1.05585968973
0, 0.5, 25, regularization, -0.00479935077516, 0.00145813454203, 3.29143205707, 0.00173178488522, 0.00172774912527, 1.00233584836
0, 11.0, 21, no_regularization, 0.00549536276133, 0.367893447346, 0.0149373760282, 0.0281694340332, 0.351373280668, 0.080169539299
0, 11.0, 22, no_regularization, -0.0118668645819, 0.498590905357, 0.0238008043355, -0.147412281165, 0.79965523583, 0.184344795807
0, 11.0, 23, no_regularization, -0.0174352002119, 0.450417001906, 0.0387090188384, -0.0268040373811, 0.667363741763, 0.0401640600227
0, 11.0, 24, no_regularization, -0.00198527898545, 0.598496256042, 0.00331711178709, -0.0256970364432, 0.659690792228, 0.0389531531225
0, 11.0, 25, no_regularization, -0.0230875547648, 0.595057910011, 0.0387988368467, -0.0443202268561, 0.709042214498, 0.062507176512
0, 11.0, 21, regularization, 0.00273303029325, 0.273011369923, 0.0100106830497, 0.0377731962113, 0.309370556702, 0.12209693325
0, 11.0, 22, regularization, -0.00540803154353, 0.380734574123, 0.0142042039549, -0.147092720756, 0.811630883504, 0.181231054344
0, 11.0, 23, regularization, -0.0176575472486, 0.335130817943, 0.0526885213271, -0.0249928713932, 0.595062910145, 0.0420003851141
0, 11.0, 24, regularization, -0.00252314239056, 0.547899892588, 0.00460511568754, -0.0097757904435, 0.58487824601, 0.016714231569
0, 11.0, 25, regularization, -0.0254759832115, 0.551775903254, 0.0461708876036, -0.0300907625279, 0.664165048068, 0.04530615186
0, 1.0, 11, no_regularization, -0.00958019276639, 0.00753750976557, 1.27100236873, 0.00490392795755, 0.00643581968476, 0.761974107069
0, 1.0, 12, no_regularization, -0.00957646338678, 0.002375872077, 4.03071507068, 0.00505875285092, 0.00725935102134, 0.69686020638
0, 1.0, 13, no_regularization, -0.0095909938203, 0.00241171426025, 3.97683671668, 0.00492564817686, 0.00695738024568, 0.70797455406
0, 1.0, 14, no_regularization, -0.00956141557361, 0.00236705670445, 4.03936904242, 0.00481461765364, 0.00694080884971, 0.693668095159
0, 1.0, 15, no_regularization, -0.00957678338199, 0.00233813822, 4.09590130304, 0.00486149816608, 0.00695722618311, 0.698769601293
0, 1.0, 11, regularization, -0.00958679531036, 0.00238799216608, 4.01458407048, 0.00486021189926, 0.00383675186148, 1.2667516886
0, 1.0, 12, regularization, -0.00958325815061, 0.00230037228675, 4.16595966045, 0.00501575863279, 0.00368120141883, 1.36253305976
0, 1.0, 13, regularization, -0.00960147268103, 0.00235997398271, 4.06846547944, 0.00491339186751, 0.00383908447387, 1.27983426803
0, 1.0, 14, regularization, -0.00957403964657, 0.00229037628245, 4.18011648126, 0.00484941483287, 0.00373537243609, 1.29824131753
0, 1.0, 15, regularization, -0.00958894674054, 0.00230281973878, 4.16400232248, 0.00499909347738, 0.00369646390325, 1.35239883527
0, 1.0, 1, no_regularization, -0.00957870136543, 0.00233111495602, 4.10906435166, 0.00498382817826, 0.00690879614277, 0.721374328503
0, 1.0, 2, no_regularization, -0.00957981331633, 0.00234710173096, 4.08155010496, 0.00506169758317, 0.00656197320337, 0.771368219025
0, 1.0, 3, no_regularization, -0.00958024391516, 0.00229190913779, 4.1800278018, 0.005074935965, 0.00675335438937, 0.751468925277
0, 1.0, 4, no_regularization, -0.00959056202921, 0.00246822404803, 3.88561242521, 0.00479577513317, 0.0068471516679, 0.700404396714
0, 1.0, 5, no_regularization, -0.00959701140697, 0.00245031627967, 3.91664189908, 0.00487905616433, 0.00690179186726, 0.706926006777
0, 1.0, 1, regularization, -0.00958374180734, 0.00231199758036, 4.14522138291, 0.00495600262584, 0.00376743658667, 1.31548401992
0, 1.0, 2, regularization, -0.00958809660384, 0.00229910327868, 4.17036359034, 0.00506082820458, 0.00367138034131, 1.37845380595
0, 1.0, 3, regularization, -0.00957567684327, 0.00225170649201, 4.25263100553, 0.00503681496338, 0.00388653440633, 1.2959656179
0, 1.0, 4, regularization, -0.00958131714975, 0.00229394820735, 4.17678006812, 0.00489316982752, 0.00362549867792, 1.34965428544
0, 1.0, 5, regularization, -0.00960010484328, 0.00235253563345, 4.08074789889, 0.00493101367484, 0.00345010677398, 1.42923509267
0, 9.0, 16, no_regularization, -0.039715171306, 0.336828274795, 0.117909256075, 0.0120906483507, 0.301854876111, 0.0400545073396
0, 9.0, 17, no_regularization, -0.0153413541603, 0.609456713703, 0.0251721800997, -0.0487155795556, 0.754922682597, 0.0645305548218
0, 9.0, 18, no_regularization, -0.056503895909, 0.221974748643, 0.254551007511, 0.0283301821623, 0.210485005023, 0.134594776285
0, 9.0, 19, no_regularization, -0.0403831151157, 0.553330799536, 0.0729818675367, -0.0387754841697, 0.706100645237, 0.0549149535995
0, 9.0, 20, no_regularization, -0.057997503072, 0.300103975001, 0.193258030227, 0.0336413696292, 0.221007419533, 0.152218281632
0, 9.0, 16, regularization, -0.0416792773608, 0.253176763188, 0.164625208238, 0.023198288604, 0.225004101953, 0.103101625271
0, 9.0, 17, regularization, -0.0143478160276, 0.590204787762, 0.0243098943369, -0.0448705075199, 0.692289009705, 0.064814704395
0, 9.0, 18, regularization, -0.0617679457746, 0.120368520661, 0.513156973562, 0.0383115046386, 0.134644670785, 0.284537846283
0, 9.0, 19, regularization, -0.0381311036792, 0.493644134378, 0.077244113773, -0.0533347429958, 0.635889573038, 0.083874221653
0, 9.0, 20, regularization, -0.0629731267018, 0.188940742746, 0.333295644901, 0.034738869861, 0.137930929552, 0.251856998093
0, 11.0, 1, no_regularization, 0.0183858306165, 0.517377191891, 0.0355366083096, -0.103849914812, 0.762609690826, 0.136177019596
0, 11.0, 2, no_regularization, 0.0611647700845, 0.738045418821, 0.0828739919315, -0.0538533586754, 0.562909844824, 0.095669598197
0, 11.0, 3, no_regularization, -0.01546663692, 0.522392404851, 0.0296073158345, -0.137244180457, 0.738918552689, 0.185736546954
0, 11.0, 4, no_regularization, 0.00899029206783, 0.513379510938, 0.017511980662, -0.0340828676628, 0.767832428282, 0.044388419149
0, 11.0, 5, no_regularization, -0.0133438213988, 0.514373988404, 0.0259418666177, -0.134988947961, 0.798997655567, 0.168947864891
0, 11.0, 1, regularization, 0.00878020994763, 0.415969940091, 0.0211077991494, -0.105267356165, 0.68796302047, 0.153013102496
0, 11.0, 2, regularization, 0.0620663371946, 0.684271028115, 0.0907043183832, -0.0609919242932, 0.524658139056, 0.116250792188
0, 11.0, 3, regularization, -0.0164552836412, 0.425473940126, 0.0386751856914, -0.138947965624, 0.690880574302, 0.201117198533
0, 11.0, 4, regularization, 0.004854587573, 0.434390381398, 0.0111756332113, -0.0322151041783, 0.720382456622, 0.0447194457364
0, 11.0, 5, regularization, -0.00842132369218, 0.443514102323, 0.0189877247377, -0.13020755213, 0.758375375209, 0.171692747927
0, 11.0, 16, no_regularization, -0.0374481114292, 0.491521367652, 0.0761881657519, -0.140076476667, 0.699640158269, 0.200212173375
0, 11.0, 17, no_regularization, 0.00790936316232, 0.534292599427, 0.0148034301257, -0.0198847921498, 0.715878843259, 0.0277767562725
0, 11.0, 18, no_regularization, 0.0140412372916, 0.379097376322, 0.0370386031889, -0.0189930436535, 0.392286528201, 0.0484162526319
0, 11.0, 19, no_regularization, -0.001321694478, 0.540648138372, 0.00244464816245, -0.126306509742, 0.937601064698, 0.13471242141
0, 11.0, 20, no_regularization, 0.00352373044853, 0.600208045957, 0.00587084840376, -0.0969663945604, 0.816113688852, 0.11881481206
0, 11.0, 16, regularization, -0.0273949044983, 0.372580030453, 0.0735275706135, -0.136752332074, 0.653597286387, 0.209230262919
0, 11.0, 17, regularization, 0.00742149131457, 0.438878673298, 0.0169101206463, -0.017321653005, 0.656901204199, 0.0263687338283
0, 11.0, 18, regularization, 0.0151701248551, 0.288071100731, 0.0526610438068, -0.0191390210106, 0.320338636336, 0.0597462149105
0, 11.0, 19, regularization, 8.2200666829e-05, 0.456851327525, 0.000179928703008, -0.128528566089, 0.900370875811, 0.142750692567
0, 11.0, 20, regularization, -0.00110199000955, 0.566273700409, 0.0019460377707, -0.0872089229954, 0.787717852436, 0.110710862685
0, 7.0, 6, no_regularization, -0.0670497718225, 0.102567005288, 0.653716774064, 0.030434949164, 0.106620108141, 0.285452244372
0, 7.0, 7, no_regularization, -0.0531058884358, 0.213517776133, 0.248718815817, 0.0215789431517, 0.188928145899, 0.114217725734
0, 7.0, 8, no_regularization, -0.0666606863052, 0.104533159922, 0.637698949834, 0.0268523798037, 0.110486122654, 0.24303848446
0, 7.0, 9, no_regularization, -0.0671077863621, 0.0942802210786, 0.711790719139, 0.0296733737786, 0.102746965211, 0.288800488828
0, 7.0, 10, no_regularization, -0.060481677281, 0.202146584937, 0.299197126183, 0.0245002035551, 0.172532735233, 0.142003217662
0, 7.0, 6, regularization, -0.067034053514, 0.0469220182689, 1.42862681502, 0.0315847615903, 0.0281976120021, 1.12012185954
0, 7.0, 7, regularization, -0.052259946123, 0.0780586458217, 0.669495935689, 0.0270291441122, 0.09012179658, 0.299917945912
0, 7.0, 8, regularization, -0.066903976061, 0.0240013442703, 2.78750953728, 0.0304153448005, 0.0181677946639, 1.67413521361
0, 7.0, 9, regularization, -0.0670853633528, 0.0244760074471, 2.74086218913, 0.0316261806322, 0.00836239221604, 3.7819537538
0, 7.0, 10, regularization, -0.0633270452318, 0.0967799664102, 0.654340434087, 0.0292292671178, 0.0441512561787, 0.662025719031
0, 5.0, 1, no_regularization, -0.0479118029306, 0.0538544378725, 0.889653756002, 0.0245562616366, 0.0615830377306, 0.398750411501
0, 5.0, 2, no_regularization, -0.0479066630987, 0.0544442364829, 0.879921662851, 0.0235241168947, 0.0784926338904, 0.29969840135
0, 5.0, 3, no_regularization, -0.0479054452574, 0.0534422775679, 0.896396026471, 0.0240130762009, 0.0533932964647, 0.449739532692
0, 5.0, 4, no_regularization, -0.0478890182227, 0.0464576753322, 1.03080961069, 0.0234455020792, 0.0533234706607, 0.439684472686
0, 5.0, 5, no_regularization, -0.047918776881, 0.0511530442708, 0.936772729055, 0.0230847180031, 0.0672640880109, 0.343195287199
0, 5.0, 1, regularization, -0.0479074581397, 0.0108849574334, 4.4012536046, 0.0237273711229, 0.00589121007176, 4.02758870145
0, 5.0, 2, regularization, -0.0478946057989, 0.0108212351989, 4.42598325596, 0.0235473485737, 0.00507060522576, 4.64389309073
0, 5.0, 3, regularization, -0.0478951002763, 0.00986539701203, 4.85485786512, 0.0232309148001, 0.00528154995421, 4.39850328056
0, 5.0, 4, regularization, -0.0479014205109, 0.010725318253, 4.46620038502, 0.0235177646076, 0.00629969602473, 3.73315863421
0, 5.0, 5, regularization, -0.04792062738, 0.0109007430449, 4.39608815499, 0.0232558703334, 0.00507397069041, 4.5833671009
0, 0.5, 6, no_regularization, -0.00479108136418, 0.00154816210448, 3.09468972941, 0.00185049985073, 0.0054446042273, 0.339877752997
0, 0.5, 7, no_regularization, -0.00477923017605, 0.00151101561911, 3.1629257273, 0.00210863572081, 0.00543628624281, 0.387881657923
0, 0.5, 8, no_regularization, -0.00478320931429, 0.00146178236764, 3.27217609145, 0.00191408723474, 0.00546911884914, 0.349980917866
0, 0.5, 9, no_regularization, -0.00479315920904, 0.0014246958101, 3.3643386715, 0.0020320994222, 0.00528067703778, 0.384817970814
0, 0.5, 10, no_regularization, -0.00478451126887, 0.00152768508981, 3.13187010907, 0.00205576969247, 0.00564958194145, 0.363879967362
0, 0.5, 6, regularization, -0.00478977232498, 0.00155904499092, 3.07224765988, 0.00151464606615, 0.00148187617056, 1.02211378808
0, 0.5, 7, regularization, -0.00477960639117, 0.00153313898133, 3.11752975391, 0.00167055396778, 0.00192837915239, 0.86629953747
0, 0.5, 8, regularization, -0.00478810919789, 0.00150222284995, 3.18734946552, 0.00164730605664, 0.00161762809519, 1.01834659124
0, 0.5, 9, regularization, -0.00478784855136, 0.00147659650685, 3.2424894202, 0.00170636903565, 0.00173196851794, 0.985219429784
0, 0.5, 10, regularization, -0.00477942283617, 0.00156282011167, 3.05820407639, 0.00168042496658, 0.00167145035654, 1.00536935483
0, 0.5, 26, no_regularization, -0.00479081858901, 0.00156159794499, 3.06789503941, 0.00200014275777, 0.00551925907648, 0.362393344841
0, 0.5, 27, no_regularization, -0.00478729203701, 0.00145815309709, 3.28312030237, 0.00188114470853, 0.00565321833795, 0.332756422284
0, 0.5, 28, no_regularization, -0.00479658998607, 0.00145656103367, 3.29309234229, 0.00224103241828, 0.00556350245788, 0.402809639295
0, 0.5, 29, no_regularization, -0.00478404041004, 0.00147975667702, 3.23299126425, 0.00208788199695, 0.0056517927235, 0.369419421252
0, 0.5, 30, no_regularization, -0.00479411183283, 0.00151694745347, 3.1603677648, 0.00224395791571, 0.00561931454392, 0.399329473048
0, 0.5, 26, regularization, -0.00479392824994, 0.00155124224007, 3.09038016508, 0.00162883288538, 0.00161300318438, 1.00981380641
0, 0.5, 27, regularization, -0.00479326978367, 0.0014947014603, 3.206840905, 0.00149091891649, 0.00168721128649, 0.883658690778
0, 0.5, 28, regularization, -0.00479419447764, 0.00150761696986, 3.17998176824, 0.00187003949836, 0.00190596895983, 0.981148978698
0, 0.5, 29, regularization, -0.00478205093245, 0.00152402109444, 3.1377852642, 0.00178198923428, 0.00176548135804, 1.00935035432
0, 0.5, 30, regularization, -0.0047950881399, 0.00150552871825, 3.18498616584, 0.00187895586103, 0.00181863153979, 1.03317017214
0, 3.0, 21, no_regularization, -0.0287148771486, 0.00895318107216, 3.20722622687, 0.0151416590139, 0.0110841611826, 1.36606268751
0, 3.0, 22, no_regularization, -0.0287336732929, 0.0113951252746, 2.52157590203, 0.014801889728, 0.0134590099598, 1.09977552377
0, 3.0, 23, no_regularization, -0.0287486752528, 0.0209795980201, 1.37031582899, 0.0154165048809, 0.0112954549542, 1.364841429
0, 3.0, 24, no_regularization, -0.0287297024903, 0.0211697571269, 1.35711063278, 0.0154725852394, 0.020865362542, 0.741544040188
0, 3.0, 25, no_regularization, -0.028747894611, 0.0109087814886, 2.63529841909, 0.0154107959158, 0.0138217423237, 1.11496767592
0, 3.0, 21, regularization, -0.0287171594134, 0.00585175269833, 4.90744583612, 0.0144230830859, 0.00535454235399, 2.69361639752
0, 3.0, 22, regularization, -0.0287383834144, 0.00581635362009, 4.94096220613, 0.0145525135211, 0.00549721057127, 2.64725415417
0, 3.0, 23, regularization, -0.0287511172394, 0.00577863748125, 4.97541459084, 0.0147439480262, 0.00578411362789, 2.54904190593
0, 3.0, 24, regularization, -0.0287341656713, 0.00572824371552, 5.01622610669, 0.0147022426348, 0.00558498152676, 2.63246038763
0, 3.0, 25, regularization, -0.0287582946257, 0.00571101303435, 5.03558553496, 0.0146032249802, 0.00572808061725, 2.54940982084
0, 5.0, 21, no_regularization, -0.0478403781615, 0.0505293409043, 0.946784131858, 0.0252429043466, 0.0614284425136, 0.41093186338
0, 5.0, 22, no_regularization, -0.0478640213289, 0.042927564834, 1.11499502741, 0.0217361381767, 0.0616751831856, 0.352429243886
0, 5.0, 23, no_regularization, -0.0479120691276, 0.059829596839, 0.800808824713, 0.0250206912226, 0.0535793431513, 0.466983911168
0, 5.0, 24, no_regularization, -0.0478911693583, 0.0496346081639, 0.964874532708, 0.0238080016807, 0.060075604257, 0.396300661062
0, 5.0, 25, no_regularization, -0.0479012988287, 0.0390576227616, 1.22642637831, 0.0240089308012, 0.0607818499361, 0.395001646485
0, 5.0, 21, regularization, -0.0478557495545, 0.0119143365302, 4.01665249534, 0.0235103002254, 0.0065838849679, 3.57088563059
0, 5.0, 22, regularization, -0.0478631559539, 0.00990614872486, 4.8316613533, 0.023764052023, 0.00625491994574, 3.79925758109
0, 5.0, 23, regularization, -0.047896852796, 0.0103013837943, 4.6495552202, 0.023659309292, 0.0056218725886, 4.20843925563
0, 5.0, 24, regularization, -0.0478799473326, 0.00977768583535, 4.89685884154, 0.0235550583421, 0.00585443307876, 4.02345675921
0, 5.0, 25, regularization, -0.0478975943367, 0.0111631000149, 4.29070726524, 0.0235138510371, 0.00604462616611, 3.89004222775
0, 9.0, 1, no_regularization, 0.00580077485348, 0.31484468262, 0.0184242427257, -0.275814194682, 0.560619581895, 0.491981021693
0, 9.0, 2, no_regularization, -0.026892252708, 0.30320147147, 0.0886943344226, 0.0262824606753, 0.284191509826, 0.0924815125243
0, 9.0, 3, no_regularization, -0.0884868294703, 0.246770868461, 0.358578911774, 0.038804587996, 0.260653877918, 0.148874009878
0, 9.0, 4, no_regularization, 0.00323282959441, 0.427633953277, 0.00755980569278, 0.0349185642766, 0.526767717632, 0.0662883527365
0, 9.0, 5, no_regularization, -0.0440245866915, 0.321346268526, 0.137000460262, 0.0265450258788, 0.276998846315, 0.0958308174635
0, 9.0, 1, regularization, 0.00356326703101, 0.248588416612, 0.0143340026843, -0.280759410759, 0.54435905472, 0.515761441506
0, 9.0, 2, regularization, -0.0320645100754, 0.189226295048, 0.169450604459, 0.0261584808979, 0.212262203942, 0.123236640401
0, 9.0, 3, regularization, -0.0801106998308, 0.128353736473, 0.624139990248, 0.0406515412194, 0.146550943447, 0.277388464811
0, 9.0, 4, regularization, 0.00308352064761, 0.385563246429, 0.00799744445604, 0.0391503097337, 0.503831049316, 0.0777052342981
0, 9.0, 5, regularization, -0.0463110256258, 0.234282850955, 0.197671427666, 0.0289989042726, 0.219871636872, 0.131890155025
0, 3.0, 1, no_regularization, -0.0287380063337, 0.02855674859, 1.00634728226, 0.0151694840951, 0.0281928031291, 0.538062285814
0, 3.0, 2, no_regularization, -0.0287343521605, 0.00613963041547, 4.6801436269, 0.0145566090762, 0.017164378701, 0.848070840767
0, 3.0, 3, no_regularization, -0.02873134179, 0.00906685140314, 3.16883342547, 0.0148487251026, 0.0170360064999, 0.871608325733
0, 3.0, 4, no_regularization, -0.0287292559308, 0.00603109210355, 4.76352465484, 0.0149976486959, 0.0176518781966, 0.849634726053
0, 3.0, 5, no_regularization, -0.0287361972015, 0.00601992457198, 4.77351449472, 0.0147785118183, 0.0181889084361, 0.81250130376
0, 3.0, 1, regularization, -0.0287245589985, 0.00570610497519, 5.03400465351, 0.0147629146579, 0.00581646368797, 2.53812547449
0, 3.0, 2, regularization, -0.028734731248, 0.00581870926988, 4.9383342448, 0.0144741392111, 0.0053880413372, 2.68634524223
0, 3.0, 3, regularization, -0.0287295454292, 0.00575732347128, 4.99008707302, 0.0146962395661, 0.00567202369493, 2.59100461433
0, 3.0, 4, regularization, -0.0287363017626, 0.0057320272307, 5.01328772632, 0.014587735722, 0.00561093066032, 2.59987809601
0, 3.0, 5, regularization, -0.0287287979709, 0.0057539919683, 4.99284638024, 0.0145801657031, 0.00565062642874, 2.58027422038
0, 3.0, 16, no_regularization, -0.0287196492674, 0.00882200083255, 3.25545755578, 0.0145310176744, 0.0104504674386, 1.39046581024
0, 3.0, 17, no_regularization, -0.0287482497141, 0.00599135229931, 4.79829064924, 0.0148607616876, 0.0165692959648, 0.896885523628
0, 3.0, 18, no_regularization, -0.0287487788096, 0.0102149870406, 2.81437251906, 0.0153760771044, 0.018354891684, 0.83771004314
0, 3.0, 19, no_regularization, -0.0287464646885, 0.0090645927272, 3.17129137002, 0.0152610527461, 0.0112923155332, 1.35145468626
0, 3.0, 20, no_regularization, -0.0287398496484, 0.00613260278468, 4.68640325445, 0.0151745333015, 0.0110242026568, 1.37647445117
0, 3.0, 16, regularization, -0.0287215028561, 0.00581577257727, 4.93855330045, 0.0139266863619, 0.00535164591817, 2.60231834745
0, 3.0, 17, regularization, -0.0287424985365, 0.00573634788962, 5.01059194622, 0.0145542641571, 0.00548306011812, 2.65440535824
0, 3.0, 18, regularization, -0.0287473229249, 0.00574535118174, 5.00357976658, 0.01470012148, 0.00566849046432, 2.59330443837
0, 3.0, 19, regularization, -0.0287472965282, 0.00576220668133, 4.9889388073, 0.0146096441848, 0.00582581281795, 2.50774349285
0, 3.0, 20, regularization, -0.0287478439567, 0.00586917996528, 4.89810231186, 0.0145032233634, 0.00558185260814, 2.59828132013
0, 7.0, 1, no_regularization, -0.0275937685706, 0.267176658254, 0.103279114092, 0.0301748810133, 0.27431881718, 0.109999311471
0, 7.0, 2, no_regularization, -0.0497212930576, 0.217989982012, 0.228089807608, 0.0209215657113, 0.217347449075, 0.0962586209328
0, 7.0, 3, no_regularization, -0.0671160913283, 0.0934864327595, 0.717923332265, 0.0327540991227, 0.0962926272705, 0.340151681922
0, 7.0, 4, no_regularization, -0.0739697781008, 0.144931338359, 0.510378079292, 0.026504118709, 0.147161134071, 0.180102707663
0, 7.0, 5, no_regularization, -0.0539881214536, 0.185818520631, 0.290542198217, 0.0241488827089, 0.172049993509, 0.140359683929
0, 7.0, 1, regularization, -0.0271735953294, 0.157544826357, 0.172481673679, 0.032849782205, 0.171797204993, 0.191212553233
0, 7.0, 2, regularization, -0.0483723321522, 0.122116557315, 0.396116081357, 0.026627965876, 0.121939515703, 0.218370277448
0, 7.0, 3, regularization, -0.0670949353854, 0.0213169465654, 3.14749277901, 0.0319316580562, 0.00961679213427, 3.32040639023
0, 7.0, 4, regularization, -0.0711267295769, 0.0607002361969, 1.17177022749, 0.0314294577126, 0.0517632627963, 0.607176905295
0, 7.0, 5, regularization, -0.0543245480244, 0.077734201437, 0.698850017369, 0.0286362522862, 0.0517760794129, 0.553078808031
0, 7.0, 26, no_regularization, -0.0434824244349, 0.260434198596, 0.166961269562, 0.0184347023076, 0.222555280953, 0.0828320147187
0, 7.0, 27, no_regularization, -0.0670690304094, 0.101071643856, 0.663579099448, 0.0280043737724, 0.102581837321, 0.272995439581
0, 7.0, 28, no_regularization, -0.0317840128245, 0.268943947721, 0.118180807168, 0.0188524960813, 0.274396519647, 0.068705303207
0, 7.0, 29, no_regularization, -0.051746032968, 0.277718175423, 0.186325698306, 0.026031814416, 0.247879438624, 0.105018046517
0, 7.0, 30, no_regularization, -0.0670546225813, 0.100165880559, 0.669435762031, 0.0275743721596, 0.107514755602, 0.256470584016
0, 7.0, 26, regularization, -0.0488987253657, 0.167856544361, 0.291312594047, 0.0172204592731, 0.138397085662, 0.124427903888
0, 7.0, 27, regularization, -0.0670135117003, 0.0221110879591, 3.03076500913, 0.0320520681115, 0.00806638584227, 3.97353520378
0, 7.0, 28, regularization, -0.0345252499541, 0.173074137732, 0.199482432249, 0.0206942823357, 0.18092307466, 0.114381664001
0, 7.0, 29, regularization, -0.0472414241369, 0.163472717411, 0.288986595961, 0.0244757304109, 0.102157381455, 0.239588466955
0, 7.0, 30, regularization, -0.0670612047092, 0.0217498182032, 3.08329955142, 0.0316150066486, 0.0074839315011, 4.22438482286
0, 11.0, 6, no_regularization, 0.0109076401873, 0.637433192487, 0.0171118170749, -0.0581732422244, 0.640032453611, 0.090891082001
0, 11.0, 7, no_regularization, 0.00404399875988, 0.332380924662, 0.0121667594613, 0.00201237060481, 0.359964590656, 0.00559046822118
0, 11.0, 8, no_regularization, -0.0262338145241, 0.503427252316, 0.0521104378108, -0.0573266728963, 0.753481928626, 0.0760823461299
0, 11.0, 9, no_regularization, 0.0122220046071, 0.600450982398, 0.0203547083199, -0.114168217892, 0.803876292521, 0.142022123248
0, 11.0, 10, no_regularization, 0.0289758542803, 0.565646841538, 0.0512260515793, -0.0588634045432, 0.709770203922, 0.0829330453969
0, 11.0, 6, regularization, 0.0114908793789, 0.565254823339, 0.020328671078, -0.0565493278046, 0.582795851113, 0.0970311090867
0, 11.0, 7, regularization, 0.00612002807273, 0.242254027245, 0.0252628537999, -0.00346589945467, 0.328393740887, 0.0105540971801
0, 11.0, 8, regularization, -0.0323018342483, 0.394267919175, 0.0819286395807, -0.058574332665, 0.690612765392, 0.084815015882
0, 11.0, 9, regularization, 0.0137821179791, 0.500280630836, 0.0275487738873, -0.104915303677, 0.765098034273, 0.137126615123
0, 11.0, 10, regularization, 0.0284772287691, 0.489996809405, 0.0581171718315, -0.0600167523137, 0.682887339299, 0.087886755047
0, 3.0, 6, no_regularization, -0.0287209819805, 0.0138451750117, 2.07443979266, 0.0147684297867, 0.0213933181865, 0.690329085838
0, 3.0, 7, no_regularization, -0.0287308137426, 0.00887857911252, 3.23596978508, 0.0154447904569, 0.0119520489368, 1.29222951969
0, 3.0, 8, no_regularization, -0.0287188486154, 0.0108492438261, 2.64708297423, 0.0146755437957, 0.017178012347, 0.854321413867
0, 3.0, 9, no_regularization, -0.028738658724, 0.0200082148777, 1.4363429671, 0.014834305564, 0.0207571354498, 0.714660536849
0, 3.0, 10, no_regularization, -0.0287265034999, 0.0216278851875, 1.32821601608, 0.0153687477119, 0.0174480951406, 0.880826679824
0, 3.0, 6, regularization, -0.028716930188, 0.00566651948344, 5.0678251918, 0.0144307606322, 0.00547086079456, 2.63774955608
0, 3.0, 7, regularization, -0.0287224204599, 0.00576426051675, 4.98284565322, 0.0146316076725, 0.0060073308043, 2.43562542985
0, 3.0, 8, regularization, -0.0287234760329, 0.00574576435564, 4.99906961981, 0.0144007180178, 0.00566135528997, 2.54368738229
0, 3.0, 9, regularization, -0.0287435684268, 0.00591951851477, 4.85572743038, 0.0142258648916, 0.00528845287683, 2.68998613072
0, 3.0, 10, regularization, -0.0287275014827, 0.00585902814534, 4.90311716723, 0.0147472946363, 0.00592102033274, 2.49066779162
0, 0.5, 1, no_regularization, -0.00479753445642, 0.00153909814333, 3.11710755887, 0.0022545070793, 0.00555712245461, 0.405696850792
0, 0.5, 2, no_regularization, -0.00478797290421, 0.00144545221831, 3.31243941762, 0.00229638029758, 0.00595235896229, 0.385793315243
0, 0.5, 3, no_regularization, -0.00478910308334, 0.00151863467289, 3.15355836979, 0.00207814470416, 0.00532674755699, 0.390133882248
0, 0.5, 4, no_regularization, -0.00477622974303, 0.00147359962576, 3.24119907438, 0.00202456138505, 0.00577652675577, 0.350480742262
0, 0.5, 5, no_regularization, -0.00479614446628, 0.00149290026835, 3.21263554436, 0.00187313525997, 0.00525438355002, 0.356490012984
0, 0.5, 1, regularization, -0.00479884672096, 0.00152349706238, 3.14988905425, 0.0017847123004, 0.00186143824146, 0.958781366283
0, 0.5, 2, regularization, -0.00478996964583, 0.00148335548472, 3.22914479717, 0.00181216708876, 0.00184300764481, 0.98326618116
0, 0.5, 3, regularization, -0.00478628998287, 0.00151954964238, 3.14980823883, 0.00163532115505, 0.00154072678227, 1.0613959424
0, 0.5, 4, regularization, -0.0047750845896, 0.00152891980455, 3.12317531331, 0.0015962926401, 0.00179128331194, 0.891144705841
0, 0.5, 5, regularization, -0.00480248759925, 0.00151368445623, 3.17271382386, 0.00145986589605, 0.0014643591186, 0.996931611595
0, 5.0, 11, no_regularization, -0.0478904533936, 0.0564439004368, 0.848461091862, 0.0222033520116, 0.0579906431207, 0.382878182009
0, 5.0, 12, no_regularization, -0.0478668987827, 0.0507017721918, 0.944087291498, 0.0228678653974, 0.058916035173, 0.388143318373
0, 5.0, 13, no_regularization, -0.0480748107516, 0.0532063760167, 0.903553565395, 0.0224517142358, 0.0569289914974, 0.394381028809
0, 5.0, 14, no_regularization, -0.0478523960473, 0.0641638574301, 0.745784277378, 0.0236756935333, 0.043766094172, 0.540959708221
0, 5.0, 15, no_regularization, -0.0478867388414, 0.0568374455966, 0.842520953199, 0.0234732995673, 0.0676571673398, 0.34694475826
0, 5.0, 11, regularization, -0.04789702338, 0.0114239091958, 4.19269993828, 0.0234791156326, 0.00560511395258, 4.18887391607
0, 5.0, 12, regularization, -0.0478689226911, 0.00989269413906, 4.83881559646, 0.0233583341471, 0.00595519789994, 3.92234389849
0, 5.0, 13, regularization, -0.0479024653115, 0.0106154694917, 4.51251499983, 0.0232548807297, 0.00563372032873, 4.12780176736
0, 5.0, 14, regularization, -0.0478572224076, 0.0197716614599, 2.4204957436, 0.0233184396983, 0.00463733353577, 5.02841547162
0, 5.0, 15, regularization, -0.0478874617176, 0.0108985098297, 4.39394582068, 0.0233716170285, 0.00612818949917, 3.81378823741
0, 11.0, 26, no_regularization, -0.00152871672725, 0.3269017983, 0.0046763790692, 0.00303877836819, 0.358418546971, 0.00847829553986
0, 11.0, 27, no_regularization, -0.0140598718153, 0.518013347243, 0.0271419103198, -0.147207077312, 0.734533337665, 0.200408980456
0, 11.0, 28, no_regularization, 0.00488623856495, 0.359730272228, 0.0135830619277, -0.242963619738, 0.586564800704, 0.414214455839
0, 11.0, 29, no_regularization, 0.009373151673, 0.533493738152, 0.0175693752385, -0.0110343178304, 0.762928833274, 0.014463102388
0, 11.0, 30, no_regularization, -0.0140281173305, 0.602770330495, 0.0232727402475, -0.0754999255335, 0.811821730567, 0.0930006215537
0, 11.0, 26, regularization, -0.00472430726821, 0.26102496388, 0.0180990630091, 0.00872879380258, 0.282886165755, 0.0308562059911
0, 11.0, 27, regularization, -0.0152435534679, 0.443206364554, 0.0343938054302, -0.145259634953, 0.685478408636, 0.211909861964
0, 11.0, 28, regularization, 0.00559910968688, 0.256775279258, 0.0218054857269, -0.243598922806, 0.570883589348, 0.426705071491
0, 11.0, 29, regularization, 0.00609734314265, 0.47429255384, 0.0128556585872, -0.0121187939368, 0.734776223814, 0.0164931764856
0, 11.0, 30, regularization, -0.0193970711911, 0.530096028174, 0.0365916176697, -0.0685300009438, 0.789357383412, 0.0868174573189
0, 0.5, 16, no_regularization, -0.00478030306928, 0.00152799815678, 3.12847436894, 0.00186348035196, 0.00545566088034, 0.341568215626
0, 0.5, 17, no_regularization, -0.00479958172448, 0.00143961654038, 3.33393066129, 0.00193245149784, 0.00574904890905, 0.336134120341
0, 0.5, 18, no_regularization, -0.00462649487186, 0.00511040625047, 0.905308628142, 0.00200425465374, 0.00521202948448, 0.384543997633
0, 0.5, 19, no_regularization, -0.00477966966412, 0.00147651308689, 3.23713328826, 0.0020460920492, 0.00607372049958, 0.336876227567
0, 0.5, 20, no_regularization, -0.00478723471644, 0.00154865461653, 3.09122167418, 0.00209413013986, 0.00525209000394, 0.398723201295
0, 0.5, 16, regularization, -0.0047827246412, 0.00150660629846, 3.17450195588, 0.00148029791636, 0.00163122746405, 0.907474861101
0, 0.5, 17, regularization, -0.00479174848021, 0.0014760199122, 3.24639826373, 0.00161271869974, 0.00160919529988, 1.00218954148
0, 0.5, 18, regularization, -0.00479441603738, 0.00144724074645, 3.31279785283, 0.00174296488106, 0.00171298272509, 1.01750289453
0, 0.5, 19, regularization, -0.00477392917778, 0.00148715030748, 3.21011881165, 0.00180847519136, 0.00214626100955, 0.842616617138
0, 0.5, 20, regularization, -0.00478530898132, 0.00157263865137, 3.04285347251, 0.00156134121526, 0.00158332476594, 0.986115577072
0, 5.0, 26, no_regularization, -0.0478839637001, 0.0436462157836, 1.09709313489, 0.0236242633628, 0.0624314214874, 0.378403419304
0, 5.0, 27, no_regularization, -0.047899627562, 0.0494440090755, 0.968765042675, 0.0236149894607, 0.0442152796995, 0.534091147252
0, 5.0, 28, no_regularization, -0.0479067266071, 0.0561948666881, 0.852510726167, 0.0240606937592, 0.046113450233, 0.521771709504
0, 5.0, 29, no_regularization, -0.0479176321752, 0.0443801273289, 1.07970920904, 0.0235049669021, 0.0666734140366, 0.352538822884
0, 5.0, 30, no_regularization, -0.0478799406933, 0.0356685738757, 1.34235646371, 0.0228668458678, 0.0508692474556, 0.449522000257
0, 5.0, 26, regularization, -0.0478921502446, 0.01080949488, 4.43056320173, 0.0233303501603, 0.0064426867273, 3.62121443239
0, 5.0, 27, regularization, -0.0479008703671, 0.00919324686168, 5.21044099956, 0.0234442873503, 0.00501685947659, 4.67310026515
0, 5.0, 28, regularization, -0.047909339771, 0.00932056194169, 5.14017717717, 0.0238814604048, 0.00645093635359, 3.70201457523
0, 5.0, 29, regularization, -0.0479059393012, 0.0114279968542, 4.19198044175, 0.0233617829874, 0.00519857434796, 4.49388263469
0, 5.0, 30, regularization, -0.0478793846551, 0.00944499760264, 5.0692849982, 0.0234704845425, 0.00480413462092, 4.88547603146
0, 1.0, 6, no_regularization, -0.00958375460471, 0.00236104458012, 4.05911632732, 0.00483831447716, 0.00663428103658, 0.72928994875
0, 1.0, 7, no_regularization, -0.0095754150683, 0.00236605265636, 4.04699998648, 0.00493693265186, 0.00716329955914, 0.689198128753
0, 1.0, 8, no_regularization, -0.00957880159839, 0.00249520433208, 3.83888464573, 0.00469357208238, 0.00701929358923, 0.668667298598
0, 1.0, 9, no_regularization, -0.00958731018548, 0.00247273526887, 3.87720849303, 0.00483243180719, 0.00713454430434, 0.677328726412
0, 1.0, 10, no_regularization, -0.00956674426926, 0.00239933676721, 3.98724530878, 0.00490094494267, 0.00710280381741, 0.690001451351
0, 1.0, 6, regularization, -0.00958893469904, 0.00230621607104, 4.15786483298, 0.00493782444149, 0.00363542869831, 1.35825093854
0, 1.0, 7, regularization, -0.00958445702339, 0.00231856614042, 4.13378633299, 0.00485757591334, 0.0038477032631, 1.26246115701
0, 1.0, 8, regularization, -0.00957393396597, 0.0024060470007, 3.97911344342, 0.00468717032542, 0.00378904445079, 1.23703228777
0, 1.0, 9, regularization, -0.0095957150151, 0.00239480690034, 4.00688465268, 0.00484897223282, 0.00384877692836, 1.25987354505
0, 1.0, 10, regularization, -0.00957795697412, 0.00234487825858, 4.08462867489, 0.00496731428284, 0.00405511249278, 1.22495104431
